split,video,label,prob_abnormal,scene,conf,abn_flag,run,pers,zone,score,level
train,01_001,0,0.036815077,01,0.036815077,False,0,0.0,0.6,0.13840753849999998,Normal
train,01_001,0,0.08277392,01,0.08277392,False,0,0.0,0.6,0.16138696,Normal
train,01_001,0,0.020670354,01,0.020670354,False,0,0.0,0.6,0.130335177,Normal
train,01_001,0,0.017062206,01,0.017062206,False,0,0.0,0.6,0.128531103,Normal
train,01_001,0,0.048959143,01,0.048959143,False,0,0.0,0.6,0.1444795715,Normal
train,01_001,0,0.047517873,01,0.047517873,False,0,0.0,0.6,0.1437589365,Normal
train,01_001,0,0.057978965,01,0.057978965,False,0,0.0,0.6,0.1489894825,Normal
train,01_001,0,0.032745607,01,0.032745607,False,0,0.0,0.6,0.1363728035,Normal
train,01_001,0,0.020235019,01,0.020235019,False,0,0.0,0.6,0.1301175095,Normal
train,01_001,0,0.020437421,01,0.020437421,False,0,0.0,0.6,0.1302187105,Normal
train,01_001,0,0.032285746,01,0.032285746,False,0,0.0,0.6,0.136142873,Normal
train,01_001,0,0.01930434,01,0.01930434,False,0,0.0,0.6,0.12965216999999998,Normal
train,01_001,0,0.015929189,01,0.015929189,False,0,0.0,0.6,0.1279645945,Normal
train,01_001,0,0.015546524,01,0.015546524,False,0,0.0,0.6,0.127773262,Normal
train,01_001,0,0.05466607,01,0.05466607,False,0,0.0,0.6,0.147333035,Normal
train,01_001,0,0.10928371,01,0.10928371,False,0,0.0,0.6,0.174641855,Normal
train,01_001,0,0.0818057,01,0.0818057,False,0,0.0,0.6,0.16090285,Normal
train,01_001,0,0.0404748,01,0.0404748,False,0,0.0,0.6,0.14023739999999998,Normal
train,01_001,0,0.027032256,01,0.027032256,False,0,0.0,0.6,0.13351612799999998,Normal
train,01_001,0,0.025038252,01,0.025038252,False,0,0.0,0.6,0.132519126,Normal
train,01_001,0,0.025831234,01,0.025831234,False,0,0.0,0.6,0.13291561699999999,Normal
train,01_001,0,0.016087899,01,0.016087899,False,0,0.0,0.6,0.1280439495,Normal
train,01_0014,0,0.197038,01,0.197038,False,0,0.0,0.6,0.218519,Normal
train,01_0014,0,0.29206055,01,0.29206055,False,0,0.0,0.6,0.266030275,Normal
train,01_0014,0,0.3391923,01,0.3391923,False,0,0.0,0.6,0.28959615,Normal
train,01_0014,0,0.34820557,01,0.34820557,False,0,0.0,0.6,0.294102785,Normal
train,01_0014,1,0.87905884,01,0.87905884,True,1,0.2,0.6,0.61952942,Low
train,01_0014,1,0.98268765,01,0.98268765,True,2,0.4,0.6,0.7313438250000001,Medium
train,01_0014,1,0.95806617,01,0.95806617,True,3,0.6,0.6,0.779033085,Medium
test,01_0015,0,0.40543598,01,0.40543598,False,0,0.0,0.6,0.32271799,Normal
test,01_0015,0,0.5711835,01,0.5711835,True,1,0.2,0.6,0.46559174999999997,Low
test,01_0015,1,0.5898262,01,0.5898262,True,2,0.4,0.6,0.5349131,Low
test,01_0015,1,0.5485835,01,0.5485835,True,3,0.6,0.6,0.57429175,Low
test,01_0015,1,0.6303532,01,0.6303532,True,4,0.8,0.6,0.6751766,Medium
test,01_0015,1,0.595671,01,0.595671,True,5,1.0,0.6,0.7178355,Medium
test,01_0015,1,0.8536568,01,0.8536568,True,6,1.0,0.6,0.8468284,High
test,01_0015,1,0.7726818,01,0.7726818,True,7,1.0,0.6,0.8063409,Medium
test,01_0015,1,0.63907295,01,0.63907295,True,8,1.0,0.6,0.739536475,Medium
test,01_0015,1,0.6840079,01,0.6840079,True,9,1.0,0.6,0.76200395,Medium
test,01_0015,1,0.57902485,01,0.57902485,True,10,1.0,0.6,0.709512425,Medium
test,01_0015,0,0.35459337,01,0.35459337,False,0,0.0,0.6,0.297296685,Normal
train,01_0016,0,0.8364328,01,0.8364328,True,1,0.2,0.6,0.5982164,Low
train,01_0016,0,0.88190126,01,0.88190126,True,2,0.4,0.6,0.68095063,Medium
train,01_0016,0,0.8960278,01,0.8960278,True,3,0.6,0.6,0.7480139,Medium
train,01_0016,0,0.8692191,01,0.8692191,True,4,0.8,0.6,0.79460955,Medium
train,01_0016,0,0.86831474,01,0.86831474,True,5,1.0,0.6,0.8541573699999999,High
train,01_0016,1,0.98251593,01,0.98251593,True,6,1.0,0.6,0.911257965,Critical
train,01_0016,1,0.989016,01,0.989016,True,7,1.0,0.6,0.914508,Critical
train,01_0016,1,0.98598063,01,0.98598063,True,8,1.0,0.6,0.9129903149999999,Critical
train,01_0016,0,0.9639536,01,0.9639536,True,9,1.0,0.6,0.9019768,High
val,01_002,0,0.8099241,01,0.8099241,True,1,0.2,0.6,0.58496205,Low
val,01_002,0,0.35085976,01,0.35085976,False,0,0.0,0.6,0.29542988000000003,Normal
val,01_002,0,0.1424667,01,0.1424667,False,0,0.0,0.6,0.19123335,Normal
val,01_002,0,0.3073725,01,0.3073725,False,0,0.0,0.6,0.27368625,Normal
val,01_002,0,0.3466309,01,0.3466309,False,0,0.0,0.6,0.29331545000000003,Normal
val,01_002,0,0.2833386,01,0.2833386,False,0,0.0,0.6,0.2616693,Normal
val,01_002,0,0.16571194,01,0.16571194,False,0,0.0,0.6,0.20285597,Normal
val,01_002,0,0.10993692,01,0.10993692,False,0,0.0,0.6,0.17496846,Normal
val,01_002,0,0.055840388,01,0.055840388,False,0,0.0,0.6,0.147920194,Normal
val,01_002,0,0.07036628,01,0.07036628,False,0,0.0,0.6,0.15518314,Normal
val,01_002,0,0.09986811,01,0.09986811,False,0,0.0,0.6,0.169934055,Normal
val,01_002,0,0.23021455,01,0.23021455,False,0,0.0,0.6,0.235107275,Normal
val,01_002,0,0.40227705,01,0.40227705,False,0,0.0,0.6,0.321138525,Normal
val,01_002,0,0.31447423,01,0.31447423,False,0,0.0,0.6,0.27723711500000003,Normal
train,01_0025,0,0.043700524,01,0.043700524,False,0,0.0,0.6,0.141850262,Normal
train,01_0025,0,0.033340685,01,0.033340685,False,0,0.0,0.6,0.13667034249999999,Normal
train,01_0025,0,0.034750927,01,0.034750927,False,0,0.0,0.6,0.1373754635,Normal
train,01_0025,0,0.09255777,01,0.09255777,False,0,0.0,0.6,0.166278885,Normal
train,01_0025,1,0.918014,01,0.918014,True,1,0.2,0.6,0.639007,Low
train,01_0025,1,0.94544303,01,0.94544303,True,2,0.4,0.6,0.712721515,Medium
train,01_0025,0,0.23100638,01,0.23100638,False,0,0.0,0.6,0.23550319,Normal
train,01_0025,0,0.21847932,01,0.21847932,False,0,0.0,0.6,0.22923966,Normal
train,01_0025,0,0.10178245,01,0.10178245,False,0,0.0,0.6,0.17089122499999998,Normal
train,01_0025,0,0.22217675,01,0.22217675,False,0,0.0,0.6,0.231088375,Normal
train,01_0025,0,0.854117,01,0.854117,True,1,0.2,0.6,0.6070585,Low
train,01_0025,0,0.7507752,01,0.7507752,True,2,0.4,0.6,0.6153876,Low
train,01_0025,0,0.32693207,01,0.32693207,False,0,0.0,0.6,0.283466035,Normal
train,01_0025,0,0.06962571,01,0.06962571,False,0,0.0,0.6,0.154812855,Normal
train,01_0025,0,0.04354246,01,0.04354246,False,0,0.0,0.6,0.14177123,Normal
train,01_0025,0,0.034099106,01,0.034099106,False,0,0.0,0.6,0.137049553,Normal
train,01_0025,0,0.03237244,01,0.03237244,False,0,0.0,0.6,0.13618622,Normal
train,01_0026,0,0.24922355,01,0.24922355,False,0,0.0,0.6,0.24461177499999998,Normal
train,01_0026,0,0.54555744,01,0.54555744,True,1,0.2,0.6,0.45277871999999997,Low
train,01_0026,0,0.37337688,01,0.37337688,False,0,0.0,0.6,0.30668844,Normal
train,01_0026,0,0.099988505,01,0.099988505,False,0,0.0,0.6,0.1699942525,Normal
train,01_0026,0,0.27775076,01,0.27775076,False,0,0.0,0.6,0.25887538,Normal
train,01_0026,0,0.3255065,01,0.3255065,False,0,0.0,0.6,0.28275324999999996,Normal
train,01_0026,0,0.20979814,01,0.20979814,False,0,0.0,0.6,0.22489906999999998,Normal
train,01_0026,0,0.60962695,01,0.60962695,True,1,0.2,0.6,0.484813475,Low
train,01_0026,1,0.94240403,01,0.94240403,True,2,0.4,0.6,0.7112020149999999,Medium
train,01_0026,1,0.9716803,01,0.9716803,True,3,0.6,0.6,0.78584015,Medium
train,01_0026,1,0.979752,01,0.979752,True,4,0.8,0.6,0.849876,High
train,01_0026,1,0.95838,01,0.95838,True,5,1.0,0.6,0.89919,High
train,01_0026,0,0.46582913,01,0.46582913,False,0,0.0,0.6,0.35291456499999996,Normal
train,01_0026,0,0.19563651,01,0.19563651,False,0,0.0,0.6,0.21781825500000002,Normal
train,01_0027,0,0.5603463,01,0.5603463,True,1,0.2,0.6,0.46017315,Low
train,01_0027,0,0.4957232,01,0.4957232,False,0,0.0,0.6,0.3678616,Normal
train,01_0027,1,0.8647928,01,0.8647928,True,1,0.2,0.6,0.6123964,Low
train,01_0027,1,0.95220184,01,0.95220184,True,2,0.4,0.6,0.71610092,Medium
train,01_0027,0,0.9251462,01,0.9251462,True,3,0.6,0.6,0.7625731,Medium
train,01_0027,0,0.8321472,01,0.8321472,True,4,0.8,0.6,0.7760736,Medium
train,01_0027,0,0.7162818,01,0.7162818,True,5,1.0,0.6,0.7781409,Medium
train,01_0027,0,0.22469738,01,0.22469738,False,0,0.0,0.6,0.23234869,Normal
train,01_0027,0,0.11939653,01,0.11939653,False,0,0.0,0.6,0.179698265,Normal
train,01_0027,0,0.33101842,01,0.33101842,False,0,0.0,0.6,0.28550920999999996,Normal
train,01_0027,0,0.14145702,01,0.14145702,False,0,0.0,0.6,0.19072851,Normal
val,01_0028,0,0.01735581,01,0.01735581,False,0,0.0,0.6,0.12867790499999998,Normal
val,01_0028,0,0.03540953,01,0.03540953,False,0,0.0,0.6,0.137704765,Normal
val,01_0028,0,0.029015336,01,0.029015336,False,0,0.0,0.6,0.134507668,Normal
val,01_0028,0,0.058742322,01,0.058742322,False,0,0.0,0.6,0.149371161,Normal
val,01_0028,0,0.07828602,01,0.07828602,False,0,0.0,0.6,0.15914301,Normal
val,01_0028,0,0.07059698,01,0.07059698,False,0,0.0,0.6,0.15529849,Normal
val,01_0028,0,0.3043986,01,0.3043986,False,0,0.0,0.6,0.27219930000000003,Normal
val,01_0028,0,0.87320966,01,0.87320966,True,1,0.2,0.6,0.61660483,Low
val,01_0028,1,0.9255402,01,0.9255402,True,2,0.4,0.6,0.7027701000000001,Medium
val,01_0028,1,0.8826884,01,0.8826884,True,3,0.6,0.6,0.7413442,Medium
val,01_0028,0,0.019054914,01,0.019054914,False,0,0.0,0.6,0.12952745699999998,Normal
val,01_0028,0,0.020969173,01,0.020969173,False,0,0.0,0.6,0.1304845865,Normal
val,01_0028,0,0.02420342,01,0.02420342,False,0,0.0,0.6,0.13210170999999998,Normal
train,01_0029,0,0.1141315,01,0.1141315,False,0,0.0,0.6,0.17706575,Normal
train,01_0029,0,0.1424574,01,0.1424574,False,0,0.0,0.6,0.1912287,Normal
train,01_0029,0,0.13156764,01,0.13156764,False,0,0.0,0.6,0.18578382,Normal
train,01_0029,0,0.52186817,01,0.52186817,True,1,0.2,0.6,0.440934085,Low
train,01_0029,1,0.96565485,01,0.96565485,True,2,0.4,0.6,0.722827425,Medium
train,01_0029,1,0.97108185,01,0.97108185,True,3,0.6,0.6,0.785540925,Medium
train,01_0029,1,0.9582782,01,0.9582782,True,4,0.8,0.6,0.8391391,High
train,01_0029,0,0.84738016,01,0.84738016,True,5,1.0,0.6,0.84369008,High
train,01_003,0,0.014468237,01,0.014468237,False,0,0.0,0.6,0.1272341185,Normal
train,01_003,0,0.009998974,01,0.009998974,False,0,0.0,0.6,0.12499948699999999,Normal
train,01_003,0,0.012157525,01,0.012157525,False,0,0.0,0.6,0.1260787625,Normal
train,01_003,0,0.0062108533,01,0.0062108533,False,0,0.0,0.6,0.12310542665,Normal
train,01_003,0,0.005166785,01,0.005166785,False,0,0.0,0.6,0.1225833925,Normal
train,01_003,0,0.006442386,01,0.006442386,False,0,0.0,0.6,0.12322119299999999,Normal
train,01_003,0,0.006727977,01,0.006727977,False,0,0.0,0.6,0.1233639885,Normal
train,01_003,0,0.0068528806,01,0.0068528806,False,0,0.0,0.6,0.1234264403,Normal
train,01_003,0,0.005348203,01,0.005348203,False,0,0.0,0.6,0.1226741015,Normal
train,01_003,0,0.0046253894,01,0.0046253894,False,0,0.0,0.6,0.1223126947,Normal
train,01_003,0,0.0047517573,01,0.0047517573,False,0,0.0,0.6,0.12237587864999999,Normal
train,01_003,0,0.0046355403,01,0.0046355403,False,0,0.0,0.6,0.12231777014999999,Normal
train,01_003,0,0.0052405684,01,0.0052405684,False,0,0.0,0.6,0.1226202842,Normal
train,01_003,0,0.0056168367,01,0.0056168367,False,0,0.0,0.6,0.12280841834999999,Normal
train,01_003,0,0.010713703,01,0.010713703,False,0,0.0,0.6,0.1253568515,Normal
train,01_003,0,0.006817882,01,0.006817882,False,0,0.0,0.6,0.123408941,Normal
train,01_003,0,0.008062328,01,0.008062328,False,0,0.0,0.6,0.124031164,Normal
train,01_003,0,0.0048809294,01,0.0048809294,False,0,0.0,0.6,0.1224404647,Normal
train,01_003,0,0.004266381,01,0.004266381,False,0,0.0,0.6,0.12213319049999999,Normal
train,01_003,0,0.0060824496,01,0.0060824496,False,0,0.0,0.6,0.1230412248,Normal
train,01_003,0,0.006758916,01,0.006758916,False,0,0.0,0.6,0.123379458,Normal
train,01_003,0,0.004610922,01,0.004610922,False,0,0.0,0.6,0.12230546099999999,Normal
train,01_003,0,0.023954129,01,0.023954129,False,0,0.0,0.6,0.1319770645,Normal
test,01_0030,0,0.078508206,01,0.078508206,False,0,0.0,0.6,0.15925410299999998,Normal
test,01_0030,0,0.4559195,01,0.4559195,False,0,0.0,0.6,0.34795975,Normal
test,01_0030,0,0.7577638,01,0.7577638,True,1,0.2,0.6,0.5588819,Low
test,01_0030,0,0.20748669,01,0.20748669,False,0,0.0,0.6,0.22374334499999998,Normal
test,01_0030,1,0.122394994,01,0.122394994,False,0,0.0,0.6,0.18119749699999999,Normal
test,01_0030,1,0.19771835,01,0.19771835,False,0,0.0,0.6,0.218859175,Normal
test,01_0030,1,0.47950706,01,0.47950706,False,0,0.0,0.6,0.35975353,Normal
test,01_0030,1,0.67068475,01,0.67068475,True,1,0.2,0.6,0.515342375,Low
test,01_0030,1,0.41521627,01,0.41521627,False,0,0.0,0.6,0.32760813499999997,Normal
test,01_0030,1,0.04240381,01,0.04240381,False,0,0.0,0.6,0.141201905,Normal
test,01_0030,1,0.09471964,01,0.09471964,False,0,0.0,0.6,0.16735982,Normal
train,01_004,0,0.098899804,01,0.098899804,False,0,0.0,0.6,0.16944990199999999,Normal
train,01_004,0,0.07072139,01,0.07072139,False,0,0.0,0.6,0.155360695,Normal
train,01_004,0,0.060122535,01,0.060122535,False,0,0.0,0.6,0.15006126749999998,Normal
train,01_004,0,0.035335436,01,0.035335436,False,0,0.0,0.6,0.137667718,Normal
train,01_004,0,0.015436599,01,0.015436599,False,0,0.0,0.6,0.1277182995,Normal
train,01_004,0,0.006838254,01,0.006838254,False,0,0.0,0.6,0.12341912699999999,Normal
train,01_004,0,0.012497,01,0.012497,False,0,0.0,0.6,0.12624849999999999,Normal
train,01_004,0,0.023765124,01,0.023765124,False,0,0.0,0.6,0.13188256199999998,Normal
train,01_004,0,0.045426384,01,0.045426384,False,0,0.0,0.6,0.142713192,Normal
train,01_004,0,0.025199817,01,0.025199817,False,0,0.0,0.6,0.1325999085,Normal
train,01_004,0,0.02401768,01,0.02401768,False,0,0.0,0.6,0.13200884,Normal
train,01_004,0,0.029797677,01,0.029797677,False,0,0.0,0.6,0.1348988385,Normal
train,01_004,0,0.01610545,01,0.01610545,False,0,0.0,0.6,0.128052725,Normal
train,01_004,0,0.019232526,01,0.019232526,False,0,0.0,0.6,0.129616263,Normal
train,01_004,0,0.012863542,01,0.012863542,False,0,0.0,0.6,0.126431771,Normal
train,01_004,0,0.011830461,01,0.011830461,False,0,0.0,0.6,0.1259152305,Normal
train,01_004,0,0.007722939,01,0.007722939,False,0,0.0,0.6,0.1238614695,Normal
train,01_004,0,0.009520322,01,0.009520322,False,0,0.0,0.6,0.124760161,Normal
train,01_004,0,0.00769993,01,0.00769993,False,0,0.0,0.6,0.12384996499999999,Normal
train,01_004,0,0.005152554,01,0.005152554,False,0,0.0,0.6,0.122576277,Normal
train,01_004,0,0.0055861706,01,0.0055861706,False,0,0.0,0.6,0.1227930853,Normal
train,01_004,0,0.007374484,01,0.007374484,False,0,0.0,0.6,0.12368724199999999,Normal
train,01_004,0,0.009326695,01,0.009326695,False,0,0.0,0.6,0.1246633475,Normal
test,01_005,0,0.050390687,01,0.050390687,False,0,0.0,0.6,0.1451953435,Normal
test,01_005,0,0.010960989,01,0.010960989,False,0,0.0,0.6,0.12548049449999998,Normal
test,01_005,0,0.008985063,01,0.008985063,False,0,0.0,0.6,0.12449253149999999,Normal
test,01_005,0,0.011666799,01,0.011666799,False,0,0.0,0.6,0.1258333995,Normal
test,01_005,0,0.014043905,01,0.014043905,False,0,0.0,0.6,0.1270219525,Normal
test,01_005,0,0.14781196,01,0.14781196,False,0,0.0,0.6,0.19390597999999998,Normal
test,01_005,0,0.23656139,01,0.23656139,False,0,0.0,0.6,0.238280695,Normal
test,01_005,0,0.15604724,01,0.15604724,False,0,0.0,0.6,0.19802362,Normal
test,01_005,0,0.07582883,01,0.07582883,False,0,0.0,0.6,0.157914415,Normal
test,01_005,0,0.04317433,01,0.04317433,False,0,0.0,0.6,0.141587165,Normal
test,01_005,0,0.03674914,01,0.03674914,False,0,0.0,0.6,0.13837457,Normal
test,01_005,0,0.020393644,01,0.020393644,False,0,0.0,0.6,0.130196822,Normal
test,01_005,0,0.018444862,01,0.018444862,False,0,0.0,0.6,0.129222431,Normal
test,01_005,0,0.017759865,01,0.017759865,False,0,0.0,0.6,0.1288799325,Normal
test,01_005,0,0.007705171,01,0.007705171,False,0,0.0,0.6,0.1238525855,Normal
test,01_005,0,0.0061174356,01,0.0061174356,False,0,0.0,0.6,0.1230587178,Normal
test,01_005,0,0.0076425206,01,0.0076425206,False,0,0.0,0.6,0.1238212603,Normal
test,01_005,0,0.005578597,01,0.005578597,False,0,0.0,0.6,0.12278929849999999,Normal
test,01_005,0,0.005653809,01,0.005653809,False,0,0.0,0.6,0.1228269045,Normal
test,01_005,0,0.004555355,01,0.004555355,False,0,0.0,0.6,0.1222776775,Normal
train,01_0051,0,0.16855535,01,0.16855535,False,0,0.0,0.6,0.204277675,Normal
train,01_0051,0,0.34854224,01,0.34854224,False,0,0.0,0.6,0.29427112,Normal
train,01_0051,0,0.8153662,01,0.8153662,True,1,0.2,0.6,0.5876831,Low
train,01_0051,1,0.97454417,01,0.97454417,True,2,0.4,0.6,0.727272085,Medium
train,01_0051,1,0.9747365,01,0.9747365,True,3,0.6,0.6,0.78736825,Medium
train,01_0051,1,0.77355254,01,0.77355254,True,4,0.8,0.6,0.7467762699999999,Medium
train,01_0051,0,0.34634686,01,0.34634686,False,0,0.0,0.6,0.29317342999999996,Normal
train,01_0051,0,0.96934724,01,0.96934724,True,1,0.2,0.6,0.66467362,Low
train,01_0051,1,0.9861193,01,0.9861193,True,2,0.4,0.6,0.7330596500000001,Medium
train,01_0052,0,0.76407903,01,0.76407903,True,1,0.2,0.6,0.5620395149999999,Low
train,01_0052,0,0.7277247,01,0.7277247,True,2,0.4,0.6,0.60386235,Low
train,01_0052,0,0.619383,01,0.619383,True,3,0.6,0.6,0.6096915,Low
train,01_0052,0,0.8778723,01,0.8778723,True,4,0.8,0.6,0.79893615,Medium
train,01_0052,1,0.96164334,01,0.96164334,True,5,1.0,0.6,0.9008216699999999,High
train,01_0052,1,0.9676001,01,0.9676001,True,6,1.0,0.6,0.90380005,High
train,01_0052,1,0.96279925,01,0.96279925,True,7,1.0,0.6,0.9013996249999999,High
train,01_0052,0,0.93885875,01,0.93885875,True,8,1.0,0.6,0.889429375,High
train,01_0052,0,0.9203978,01,0.9203978,True,9,1.0,0.6,0.8801989,High
train,01_0053,0,0.55299896,01,0.55299896,True,1,0.2,0.6,0.45649948,Low
train,01_0053,0,0.8694997,01,0.8694997,True,2,0.4,0.6,0.67474985,Medium
train,01_0053,1,0.9813849,01,0.9813849,True,3,0.6,0.6,0.79069245,Medium
train,01_0053,1,0.98811114,01,0.98811114,True,4,0.8,0.6,0.85405557,High
train,01_0053,1,0.9868053,01,0.9868053,True,5,1.0,0.6,0.91340265,Critical
train,01_0053,1,0.98800474,01,0.98800474,True,6,1.0,0.6,0.9140023700000001,Critical
train,01_0053,1,0.98853,01,0.98853,True,7,1.0,0.6,0.914265,Critical
train,01_0053,1,0.9795432,01,0.9795432,True,8,1.0,0.6,0.9097715999999999,Critical
train,01_0053,1,0.9627626,01,0.9627626,True,9,1.0,0.6,0.9013813,High
train,01_0053,0,0.8987057,01,0.8987057,True,10,1.0,0.6,0.86935285,High
train,01_0053,0,0.537813,01,0.537813,True,11,1.0,0.6,0.6889065,Medium
train,01_0053,0,0.6991755,01,0.6991755,True,12,1.0,0.6,0.76958775,Medium
train,01_0053,0,0.7679897,01,0.7679897,True,13,1.0,0.6,0.8039948499999999,Medium
val,01_0054,0,0.058908805,01,0.058908805,False,0,0.0,0.6,0.1494544025,Normal
val,01_0054,0,0.26277915,01,0.26277915,False,0,0.0,0.6,0.25138957500000003,Normal
val,01_0054,0,0.34998107,01,0.34998107,False,0,0.0,0.6,0.294990535,Normal
val,01_0054,0,0.4987841,01,0.4987841,False,0,0.0,0.6,0.36939204999999997,Normal
val,01_0054,1,0.6613804,01,0.6613804,True,1,0.2,0.6,0.5106902,Low
val,01_0054,1,0.95545495,01,0.95545495,True,2,0.4,0.6,0.717727475,Medium
val,01_0054,1,0.9576991,01,0.9576991,True,3,0.6,0.6,0.77884955,Medium
val,01_0054,1,0.9377443,01,0.9377443,True,4,0.8,0.6,0.8288721499999999,Medium
val,01_0054,1,0.90180695,01,0.90180695,True,5,1.0,0.6,0.870903475,High
val,01_0054,1,0.9398996,01,0.9398996,True,6,1.0,0.6,0.8899498,High
val,01_0054,1,0.9275808,01,0.9275808,True,7,1.0,0.6,0.8837904,High
val,01_0054,1,0.6923345,01,0.6923345,True,8,1.0,0.6,0.76616725,Medium
val,01_0054,1,0.13921128,01,0.13921128,False,0,0.0,0.6,0.18960564,Normal
val,01_0054,0,0.07955224,01,0.07955224,False,0,0.0,0.6,0.15977612,Normal
val,01_0054,0,0.19928788,01,0.19928788,False,0,0.0,0.6,0.21964393999999998,Normal
val,01_0054,0,0.53315943,01,0.53315943,True,1,0.2,0.6,0.446579715,Low
val,01_0054,0,0.6242104,01,0.6242104,True,2,0.4,0.6,0.5521052,Low
train,01_0055,0,0.17482217,01,0.17482217,False,0,0.0,0.6,0.207411085,Normal
train,01_0055,0,0.12604935,01,0.12604935,False,0,0.0,0.6,0.183024675,Normal
train,01_0055,1,0.49164155,01,0.49164155,False,0,0.0,0.6,0.365820775,Normal
train,01_0055,1,0.7028874,01,0.7028874,True,1,0.2,0.6,0.5314437000000001,Low
train,01_0055,1,0.8265048,01,0.8265048,True,2,0.4,0.6,0.6532524000000001,Low
train,01_0055,1,0.8388893,01,0.8388893,True,3,0.6,0.6,0.7194446499999999,Medium
train,01_0055,1,0.7524433,01,0.7524433,True,4,0.8,0.6,0.73622165,Medium
train,01_0055,1,0.81741136,01,0.81741136,True,5,1.0,0.6,0.82870568,Medium
train,01_0056,0,0.6367385,01,0.6367385,True,1,0.2,0.6,0.49836925,Low
train,01_0056,0,0.7854327,01,0.7854327,True,2,0.4,0.6,0.63271635,Low
train,01_0056,0,0.65437967,01,0.65437967,True,3,0.6,0.6,0.6271898349999999,Low
train,01_0056,0,0.29866922,01,0.29866922,False,0,0.0,0.6,0.26933461000000003,Normal
train,01_0056,0,0.2723246,01,0.2723246,False,0,0.0,0.6,0.2561623,Normal
train,01_0056,0,0.22268565,01,0.22268565,False,0,0.0,0.6,0.231342825,Normal
train,01_0056,0,0.23925889,01,0.23925889,False,0,0.0,0.6,0.239629445,Normal
train,01_0056,0,0.45557103,01,0.45557103,False,0,0.0,0.6,0.347785515,Normal
train,01_0056,1,0.78426594,01,0.78426594,True,1,0.2,0.6,0.57213297,Low
train,01_0056,1,0.9133747,01,0.9133747,True,2,0.4,0.6,0.69668735,Medium
train,01_0056,1,0.9556816,01,0.9556816,True,3,0.6,0.6,0.7778408,Medium
train,01_0056,1,0.868238,01,0.868238,True,4,0.8,0.6,0.7941189999999999,Medium
train,01_0056,0,0.7119726,01,0.7119726,True,5,1.0,0.6,0.7759862999999999,Medium
train,01_0056,0,0.3570643,01,0.3570643,False,0,0.0,0.6,0.29853215,Normal
train,01_0056,0,0.18410118,01,0.18410118,False,0,0.0,0.6,0.21205058999999998,Normal
train,01_006,0,0.0059369197,01,0.0059369197,False,0,0.0,0.6,0.12296845984999999,Normal
train,01_006,0,0.006640877,01,0.006640877,False,0,0.0,0.6,0.12332043849999999,Normal
train,01_006,0,0.00816528,01,0.00816528,False,0,0.0,0.6,0.12408264,Normal
train,01_006,0,0.009450394,01,0.009450394,False,0,0.0,0.6,0.124725197,Normal
train,01_006,0,0.0045317453,01,0.0045317453,False,0,0.0,0.6,0.12226587265,Normal
train,01_006,0,0.0034487331,01,0.0034487331,False,0,0.0,0.6,0.12172436654999999,Normal
train,01_006,0,0.0050117252,01,0.0050117252,False,0,0.0,0.6,0.1225058626,Normal
train,01_006,0,0.005200867,01,0.005200867,False,0,0.0,0.6,0.1226004335,Normal
train,01_006,0,0.0047510383,01,0.0047510383,False,0,0.0,0.6,0.12237551915,Normal
train,01_006,0,0.00407399,01,0.00407399,False,0,0.0,0.6,0.122036995,Normal
train,01_006,0,0.0051581846,01,0.0051581846,False,0,0.0,0.6,0.1225790923,Normal
train,01_006,0,0.00445528,01,0.00445528,False,0,0.0,0.6,0.12222764,Normal
train,01_006,0,0.0036960437,01,0.0036960437,False,0,0.0,0.6,0.12184802185,Normal
train,01_006,0,0.0037135086,01,0.0037135086,False,0,0.0,0.6,0.1218567543,Normal
train,01_0063,0,0.75254476,01,0.75254476,True,1,0.2,0.6,0.55627238,Low
train,01_0063,0,0.75864404,01,0.75864404,True,2,0.4,0.6,0.61932202,Low
train,01_0063,1,0.97914463,01,0.97914463,True,3,0.6,0.6,0.7895723149999999,Medium
train,01_0063,1,0.9573795,01,0.9573795,True,4,0.8,0.6,0.83868975,High
train,01_0063,0,0.91208667,01,0.91208667,True,5,1.0,0.6,0.876043335,High
test,01_0064,0,0.05415111,01,0.05415111,False,0,0.0,0.6,0.147075555,Normal
test,01_0064,0,0.034378693,01,0.034378693,False,0,0.0,0.6,0.1371893465,Normal
test,01_0064,1,0.02506194,01,0.02506194,False,0,0.0,0.6,0.13253097,Normal
test,01_0064,1,0.22657758,01,0.22657758,False,0,0.0,0.6,0.23328879,Normal
test,01_0064,1,0.30990267,01,0.30990267,False,0,0.0,0.6,0.274951335,Normal
test,01_0064,1,0.2872771,01,0.2872771,False,0,0.0,0.6,0.26363855,Normal
test,01_0064,1,0.3600346,01,0.3600346,False,0,0.0,0.6,0.3000173,Normal
test,01_0064,1,0.8184977,01,0.8184977,True,1,0.2,0.6,0.5892488499999999,Low
train,01_007,0,0.03288398,01,0.03288398,False,0,0.0,0.6,0.13644198999999999,Normal
train,01_007,0,0.03986723,01,0.03986723,False,0,0.0,0.6,0.13993361499999998,Normal
train,01_007,0,0.048423592,01,0.048423592,False,0,0.0,0.6,0.144211796,Normal
train,01_007,0,0.019023668,01,0.019023668,False,0,0.0,0.6,0.129511834,Normal
train,01_007,0,0.024140924,01,0.024140924,False,0,0.0,0.6,0.132070462,Normal
train,01_007,0,0.038822275,01,0.038822275,False,0,0.0,0.6,0.1394111375,Normal
train,01_007,0,0.010958502,01,0.010958502,False,0,0.0,0.6,0.12547925099999999,Normal
train,01_007,0,0.00580666,01,0.00580666,False,0,0.0,0.6,0.12290332999999999,Normal
train,01_007,0,0.008029872,01,0.008029872,False,0,0.0,0.6,0.12401493599999999,Normal
train,01_007,0,0.010786746,01,0.010786746,False,0,0.0,0.6,0.125393373,Normal
train,01_007,0,0.014745853,01,0.014745853,False,0,0.0,0.6,0.12737292649999998,Normal
train,01_007,0,0.011500503,01,0.011500503,False,0,0.0,0.6,0.1257502515,Normal
train,01_007,0,0.015003299,01,0.015003299,False,0,0.0,0.6,0.1275016495,Normal
train,01_007,0,0.017570833,01,0.017570833,False,0,0.0,0.6,0.1287854165,Normal
train,01_007,0,0.008599768,01,0.008599768,False,0,0.0,0.6,0.124299884,Normal
train,01_007,0,0.0050883777,01,0.0050883777,False,0,0.0,0.6,0.12254418885,Normal
train,01_007,0,0.005743563,01,0.005743563,False,0,0.0,0.6,0.1228717815,Normal
train,01_0073,0,0.059562273,01,0.059562273,False,0,0.0,0.6,0.1497811365,Normal
train,01_0073,0,0.26636025,01,0.26636025,False,0,0.0,0.6,0.253180125,Normal
train,01_0073,0,0.27641943,01,0.27641943,False,0,0.0,0.6,0.258209715,Normal
train,01_0073,0,0.33126286,01,0.33126286,False,0,0.0,0.6,0.28563143,Normal
train,01_0073,0,0.60905,01,0.60905,True,1,0.2,0.6,0.484525,Low
train,01_0073,1,0.98395824,01,0.98395824,True,2,0.4,0.6,0.73197912,Medium
train,01_0073,1,0.9691948,01,0.9691948,True,3,0.6,0.6,0.7845974,Medium
train,01_0073,1,0.8785672,01,0.8785672,True,4,0.8,0.6,0.7992836,Medium
train,01_0076,1,0.2070505,01,0.2070505,False,0,0.0,0.6,0.22352525,Normal
train,01_0076,1,0.36183676,01,0.36183676,False,0,0.0,0.6,0.30091838,Normal
train,01_0076,1,0.21089368,01,0.21089368,False,0,0.0,0.6,0.22544683999999998,Normal
train,01_0076,1,0.48983017,01,0.48983017,False,0,0.0,0.6,0.36491508500000003,Normal
train,01_0076,1,0.9509336,01,0.9509336,True,1,0.2,0.6,0.6554668,Low
train,01_0076,1,0.9831082,01,0.9831082,True,2,0.4,0.6,0.7315541,Medium
train,01_0076,1,0.9648181,01,0.9648181,True,3,0.6,0.6,0.7824090499999999,Medium
train,01_008,0,0.005615705,01,0.005615705,False,0,0.0,0.6,0.1228078525,Normal
train,01_008,0,0.0062929043,01,0.0062929043,False,0,0.0,0.6,0.12314645215,Normal
train,01_008,0,0.010214926,01,0.010214926,False,0,0.0,0.6,0.125107463,Normal
train,01_008,0,0.0115148015,01,0.0115148015,False,0,0.0,0.6,0.12575740075,Normal
train,01_008,0,0.008973488,01,0.008973488,False,0,0.0,0.6,0.124486744,Normal
train,01_008,0,0.014545172,01,0.014545172,False,0,0.0,0.6,0.127272586,Normal
train,01_008,0,0.011745053,01,0.011745053,False,0,0.0,0.6,0.1258725265,Normal
train,01_008,0,0.011682544,01,0.011682544,False,0,0.0,0.6,0.125841272,Normal
train,01_008,0,0.008502703,01,0.008502703,False,0,0.0,0.6,0.1242513515,Normal
train,01_008,0,0.007478057,01,0.007478057,False,0,0.0,0.6,0.1237390285,Normal
train,01_008,0,0.006900141,01,0.006900141,False,0,0.0,0.6,0.1234500705,Normal
train,01_008,0,0.0077378405,01,0.0077378405,False,0,0.0,0.6,0.12386892025,Normal
train,01_008,0,0.00890916,01,0.00890916,False,0,0.0,0.6,0.12445458,Normal
train,01_008,0,0.0073540267,01,0.0073540267,False,0,0.0,0.6,0.12367701334999999,Normal
train,01_008,0,0.016003823,01,0.016003823,False,0,0.0,0.6,0.1280019115,Normal
train,01_008,0,0.009755737,01,0.009755737,False,0,0.0,0.6,0.12487786849999999,Normal
train,01_008,0,0.018334715,01,0.018334715,False,0,0.0,0.6,0.1291673575,Normal
train,01_008,0,0.013630583,01,0.013630583,False,0,0.0,0.6,0.12681529149999998,Normal
train,01_008,0,0.018854398,01,0.018854398,False,0,0.0,0.6,0.129427199,Normal
train,01_008,0,0.09372247,01,0.09372247,False,0,0.0,0.6,0.166861235,Normal
train,01_008,0,0.024839822,01,0.024839822,False,0,0.0,0.6,0.132419911,Normal
train,01_008,0,0.036878876,01,0.036878876,False,0,0.0,0.6,0.138439438,Normal
train,01_008,0,0.030896237,01,0.030896237,False,0,0.0,0.6,0.1354481185,Normal
train,01_008,0,0.019286973,01,0.019286973,False,0,0.0,0.6,0.1296434865,Normal
train,01_008,0,0.011588205,01,0.011588205,False,0,0.0,0.6,0.1257941025,Normal
train,01_008,0,0.009652076,01,0.009652076,False,0,0.0,0.6,0.124826038,Normal
train,01_008,0,0.011673089,01,0.011673089,False,0,0.0,0.6,0.1258365445,Normal
train,01_008,0,0.013064518,01,0.013064518,False,0,0.0,0.6,0.126532259,Normal
train,01_008,0,0.013526333,01,0.013526333,False,0,0.0,0.6,0.1267631665,Normal
train,01_008,0,0.008215943,01,0.008215943,False,0,0.0,0.6,0.1241079715,Normal
test,01_009,0,0.017413458,01,0.017413458,False,0,0.0,0.6,0.128706729,Normal
test,01_009,0,0.01320279,01,0.01320279,False,0,0.0,0.6,0.126601395,Normal
test,01_009,0,0.020311682,01,0.020311682,False,0,0.0,0.6,0.130155841,Normal
test,01_009,0,0.015735373,01,0.015735373,False,0,0.0,0.6,0.1278676865,Normal
test,01_009,0,0.014945289,01,0.014945289,False,0,0.0,0.6,0.1274726445,Normal
test,01_009,0,0.011723688,01,0.011723688,False,0,0.0,0.6,0.125861844,Normal
test,01_009,0,0.013136921,01,0.013136921,False,0,0.0,0.6,0.1265684605,Normal
test,01_009,0,0.010811715,01,0.010811715,False,0,0.0,0.6,0.1254058575,Normal
test,01_009,0,0.027566267,01,0.027566267,False,0,0.0,0.6,0.13378313349999998,Normal
test,01_009,0,0.04424071,01,0.04424071,False,0,0.0,0.6,0.142120355,Normal
test,01_009,0,0.03530684,01,0.03530684,False,0,0.0,0.6,0.13765342,Normal
test,01_009,0,0.024202913,01,0.024202913,False,0,0.0,0.6,0.1321014565,Normal
test,01_009,0,0.029778657,01,0.029778657,False,0,0.0,0.6,0.1348893285,Normal
test,01_009,0,0.03642753,01,0.03642753,False,0,0.0,0.6,0.138213765,Normal
test,01_009,0,0.031737346,01,0.031737346,False,0,0.0,0.6,0.135868673,Normal
test,01_009,0,0.026998375,01,0.026998375,False,0,0.0,0.6,0.1334991875,Normal
test,01_009,0,0.0227638,01,0.0227638,False,0,0.0,0.6,0.1313819,Normal
test,01_009,0,0.0280583,01,0.0280583,False,0,0.0,0.6,0.13402914999999999,Normal
test,01_009,0,0.03412317,01,0.03412317,False,0,0.0,0.6,0.13706158499999999,Normal
test,01_009,0,0.023451636,01,0.023451636,False,0,0.0,0.6,0.131725818,Normal
test,01_009,0,0.02543255,01,0.02543255,False,0,0.0,0.6,0.132716275,Normal
test,01_009,0,0.025256932,01,0.025256932,False,0,0.0,0.6,0.132628466,Normal
test,01_009,0,0.02283854,01,0.02283854,False,0,0.0,0.6,0.13141927,Normal
test,01_009,0,0.020467196,01,0.020467196,False,0,0.0,0.6,0.130233598,Normal
test,01_009,0,0.022358513,01,0.022358513,False,0,0.0,0.6,0.1311792565,Normal
train,01_010,0,0.027366156,01,0.027366156,False,0,0.0,0.6,0.13368307799999998,Normal
train,01_010,0,0.022458246,01,0.022458246,False,0,0.0,0.6,0.131229123,Normal
train,01_010,0,0.054155115,01,0.054155115,False,0,0.0,0.6,0.14707755749999998,Normal
train,01_010,0,0.06820986,01,0.06820986,False,0,0.0,0.6,0.15410493,Normal
train,01_010,0,0.08430958,01,0.08430958,False,0,0.0,0.6,0.16215479,Normal
train,01_010,0,0.17869423,01,0.17869423,False,0,0.0,0.6,0.209347115,Normal
train,01_010,0,0.21162614,01,0.21162614,False,0,0.0,0.6,0.22581307,Normal
train,01_010,0,0.06299191,01,0.06299191,False,0,0.0,0.6,0.151495955,Normal
train,01_010,0,0.020800887,01,0.020800887,False,0,0.0,0.6,0.1304004435,Normal
train,01_010,0,0.018807996,01,0.018807996,False,0,0.0,0.6,0.129403998,Normal
train,01_010,0,0.019711213,01,0.019711213,False,0,0.0,0.6,0.1298556065,Normal
train,01_010,0,0.02238399,01,0.02238399,False,0,0.0,0.6,0.131191995,Normal
train,01_010,0,0.018224105,01,0.018224105,False,0,0.0,0.6,0.1291120525,Normal
train,01_010,0,0.017542973,01,0.017542973,False,0,0.0,0.6,0.1287714865,Normal
train,01_010,0,0.017320843,01,0.017320843,False,0,0.0,0.6,0.12866042149999998,Normal
train,01_010,0,0.014672944,01,0.014672944,False,0,0.0,0.6,0.127336472,Normal
train,01_010,0,0.014908696,01,0.014908696,False,0,0.0,0.6,0.127454348,Normal
train,01_010,0,0.017225472,01,0.017225472,False,0,0.0,0.6,0.128612736,Normal
train,01_010,0,0.056306034,01,0.056306034,False,0,0.0,0.6,0.148153017,Normal
train,01_010,0,0.059482325,01,0.059482325,False,0,0.0,0.6,0.1497411625,Normal
train,01_010,0,0.10321807,01,0.10321807,False,0,0.0,0.6,0.171609035,Normal
train,01_010,0,0.06639164,01,0.06639164,False,0,0.0,0.6,0.15319581999999998,Normal
train,01_010,0,0.031319503,01,0.031319503,False,0,0.0,0.6,0.13565975149999998,Normal
train,01_010,0,0.02912465,01,0.02912465,False,0,0.0,0.6,0.13456232499999998,Normal
train,01_010,0,0.017538358,01,0.017538358,False,0,0.0,0.6,0.12876917899999998,Normal
train,01_011,0,0.008174047,01,0.008174047,False,0,0.0,0.6,0.12408702349999999,Normal
train,01_011,0,0.00943673,01,0.00943673,False,0,0.0,0.6,0.124718365,Normal
train,01_011,0,0.016648903,01,0.016648903,False,0,0.0,0.6,0.1283244515,Normal
train,01_011,0,0.0142726675,01,0.0142726675,False,0,0.0,0.6,0.12713633375,Normal
train,01_011,0,0.009964491,01,0.009964491,False,0,0.0,0.6,0.12498224549999999,Normal
train,01_011,0,0.008932676,01,0.008932676,False,0,0.0,0.6,0.124466338,Normal
train,01_011,0,0.008316601,01,0.008316601,False,0,0.0,0.6,0.1241583005,Normal
train,01_011,0,0.0092280805,01,0.0092280805,False,0,0.0,0.6,0.12461404025,Normal
train,01_011,0,0.009587834,01,0.009587834,False,0,0.0,0.6,0.12479391699999999,Normal
train,01_011,0,0.009416912,01,0.009416912,False,0,0.0,0.6,0.124708456,Normal
train,01_011,0,0.008610287,01,0.008610287,False,0,0.0,0.6,0.12430514349999999,Normal
train,01_011,0,0.00910231,01,0.00910231,False,0,0.0,0.6,0.124551155,Normal
train,01_011,0,0.009976644,01,0.009976644,False,0,0.0,0.6,0.124988322,Normal
train,01_011,0,0.008687912,01,0.008687912,False,0,0.0,0.6,0.12434395599999999,Normal
train,01_011,0,0.008578758,01,0.008578758,False,0,0.0,0.6,0.12428937899999999,Normal
train,01_011,0,0.01000757,01,0.01000757,False,0,0.0,0.6,0.125003785,Normal
train,01_011,0,0.009000804,01,0.009000804,False,0,0.0,0.6,0.124500402,Normal
train,01_011,0,0.010712086,01,0.010712086,False,0,0.0,0.6,0.125356043,Normal
train,01_011,0,0.011404026,01,0.011404026,False,0,0.0,0.6,0.125702013,Normal
train,01_011,0,0.01326265,01,0.01326265,False,0,0.0,0.6,0.126631325,Normal
train,01_011,0,0.012723583,01,0.012723583,False,0,0.0,0.6,0.1263617915,Normal
train,01_011,0,0.01480608,01,0.01480608,False,0,0.0,0.6,0.12740304,Normal
val,01_012,0,0.02283844,01,0.02283844,False,0,0.0,0.6,0.13141922,Normal
val,01_012,0,0.033090353,01,0.033090353,False,0,0.0,0.6,0.1365451765,Normal
val,01_012,0,0.037742604,01,0.037742604,False,0,0.0,0.6,0.138871302,Normal
val,01_012,0,0.022062043,01,0.022062043,False,0,0.0,0.6,0.13103102149999998,Normal
val,01_012,0,0.012327505,01,0.012327505,False,0,0.0,0.6,0.1261637525,Normal
val,01_012,0,0.011853003,01,0.011853003,False,0,0.0,0.6,0.1259265015,Normal
val,01_012,0,0.016401432,01,0.016401432,False,0,0.0,0.6,0.128200716,Normal
val,01_012,0,0.013349883,01,0.013349883,False,0,0.0,0.6,0.1266749415,Normal
val,01_012,0,0.020643972,01,0.020643972,False,0,0.0,0.6,0.130321986,Normal
val,01_012,0,0.01391544,01,0.01391544,False,0,0.0,0.6,0.12695772,Normal
val,01_012,0,0.018976323,01,0.018976323,False,0,0.0,0.6,0.1294881615,Normal
val,01_012,0,0.014766034,01,0.014766034,False,0,0.0,0.6,0.127383017,Normal
val,01_012,0,0.019175915,01,0.019175915,False,0,0.0,0.6,0.1295879575,Normal
val,01_012,0,0.014552638,01,0.014552638,False,0,0.0,0.6,0.127276319,Normal
val,01_012,0,0.016528796,01,0.016528796,False,0,0.0,0.6,0.128264398,Normal
val,01_012,0,0.014438175,01,0.014438175,False,0,0.0,0.6,0.1272190875,Normal
val,01_012,0,0.010489804,01,0.010489804,False,0,0.0,0.6,0.125244902,Normal
val,01_012,0,0.009818714,01,0.009818714,False,0,0.0,0.6,0.124909357,Normal
val,01_012,0,0.008410734,01,0.008410734,False,0,0.0,0.6,0.124205367,Normal
val,01_012,0,0.009356168,01,0.009356168,False,0,0.0,0.6,0.124678084,Normal
val,01_012,0,0.010922764,01,0.010922764,False,0,0.0,0.6,0.12546138199999998,Normal
val,01_012,0,0.011466255,01,0.011466255,False,0,0.0,0.6,0.12573312749999999,Normal
test,01_0129,0,0.16882253,01,0.16882253,False,0,0.0,0.6,0.204411265,Normal
test,01_0129,1,0.9677678,01,0.9677678,True,1,0.2,0.6,0.6638839,Low
test,01_0129,1,0.9809457,01,0.9809457,True,2,0.4,0.6,0.7304728500000001,Medium
test,01_0129,1,0.9728133,01,0.9728133,True,3,0.6,0.6,0.78640665,Medium
test,01_0129,0,0.18207836,01,0.18207836,False,0,0.0,0.6,0.21103918,Normal
test,01_0129,0,0.052189037,01,0.052189037,False,0,0.0,0.6,0.1460945185,Normal
train,01_013,0,0.008364843,01,0.008364843,False,0,0.0,0.6,0.1241824215,Normal
train,01_013,0,0.008108824,01,0.008108824,False,0,0.0,0.6,0.124054412,Normal
train,01_013,0,0.008220668,01,0.008220668,False,0,0.0,0.6,0.12411033399999999,Normal
train,01_013,0,0.0075624464,01,0.0075624464,False,0,0.0,0.6,0.1237812232,Normal
train,01_013,0,0.0075845923,01,0.0075845923,False,0,0.0,0.6,0.12379229615,Normal
train,01_013,0,0.007299242,01,0.007299242,False,0,0.0,0.6,0.123649621,Normal
train,01_013,0,0.0074246298,01,0.0074246298,False,0,0.0,0.6,0.1237123149,Normal
train,01_013,0,0.0075537055,01,0.0075537055,False,0,0.0,0.6,0.12377685275,Normal
train,01_013,0,0.01174874,01,0.01174874,False,0,0.0,0.6,0.12587436999999999,Normal
train,01_013,0,0.012457453,01,0.012457453,False,0,0.0,0.6,0.1262287265,Normal
train,01_013,0,0.024183799,01,0.024183799,False,0,0.0,0.6,0.1320918995,Normal
train,01_013,0,0.018054431,01,0.018054431,False,0,0.0,0.6,0.1290272155,Normal
train,01_013,0,0.018436542,01,0.018436542,False,0,0.0,0.6,0.129218271,Normal
train,01_013,0,0.013970659,01,0.013970659,False,0,0.0,0.6,0.1269853295,Normal
train,01_013,0,0.010316053,01,0.010316053,False,0,0.0,0.6,0.1251580265,Normal
train,01_013,0,0.010916616,01,0.010916616,False,0,0.0,0.6,0.125458308,Normal
train,01_013,0,0.008392937,01,0.008392937,False,0,0.0,0.6,0.12419646849999999,Normal
train,01_013,0,0.007445532,01,0.007445532,False,0,0.0,0.6,0.123722766,Normal
train,01_013,0,0.009618197,01,0.009618197,False,0,0.0,0.6,0.12480909849999999,Normal
train,01_013,0,0.0065316483,01,0.0065316483,False,0,0.0,0.6,0.12326582415,Normal
train,01_013,0,0.007797019,01,0.007797019,False,0,0.0,0.6,0.12389850949999999,Normal
train,01_013,0,0.010157829,01,0.010157829,False,0,0.0,0.6,0.1250789145,Normal
train,01_0130,0,0.7029988,01,0.7029988,True,1,0.2,0.6,0.5314994,Low
train,01_0130,0,0.87360513,01,0.87360513,True,2,0.4,0.6,0.6768025649999999,Medium
train,01_0130,0,0.9813169,01,0.9813169,True,3,0.6,0.6,0.79065845,Medium
train,01_0130,1,0.9847572,01,0.9847572,True,4,0.8,0.6,0.8523786,High
train,01_0130,1,0.9881954,01,0.9881954,True,5,1.0,0.6,0.9140977,Critical
train,01_0130,1,0.98339164,01,0.98339164,True,6,1.0,0.6,0.9116958199999999,Critical
train,01_0130,1,0.9492636,01,0.9492636,True,7,1.0,0.6,0.8946318,High
train,01_0130,0,0.2905875,01,0.2905875,False,0,0.0,0.6,0.26529375,Normal
train,01_0130,0,0.03376924,01,0.03376924,False,0,0.0,0.6,0.13688461999999998,Normal
train,01_0131,0,0.07763313,01,0.07763313,False,0,0.0,0.6,0.158816565,Normal
train,01_0131,0,0.8672165,01,0.8672165,True,1,0.2,0.6,0.61360825,Low
train,01_0131,1,0.97965014,01,0.97965014,True,2,0.4,0.6,0.72982507,Medium
train,01_0131,1,0.97390443,01,0.97390443,True,3,0.6,0.6,0.786952215,Medium
train,01_0131,1,0.95769036,01,0.95769036,True,4,0.8,0.6,0.83884518,High
train,01_0131,0,0.142769,01,0.142769,False,0,0.0,0.6,0.1913845,Normal
train,01_0131,0,0.07651126,01,0.07651126,False,0,0.0,0.6,0.15825562999999998,Normal
train,01_0131,0,0.087408796,01,0.087408796,False,0,0.0,0.6,0.163704398,Normal
test,01_0132,0,0.041620813,01,0.041620813,False,0,0.0,0.6,0.14081040649999998,Normal
test,01_0132,0,0.05158242,01,0.05158242,False,0,0.0,0.6,0.14579121,Normal
test,01_0132,0,0.09624866,01,0.09624866,False,0,0.0,0.6,0.16812433,Normal
test,01_0132,1,0.2545777,01,0.2545777,False,0,0.0,0.6,0.24728885,Normal
test,01_0132,1,0.7121041,01,0.7121041,True,1,0.2,0.6,0.53605205,Low
test,01_0132,1,0.49030265,01,0.49030265,False,0,0.0,0.6,0.365151325,Normal
test,01_0132,0,0.043070197,01,0.043070197,False,0,0.0,0.6,0.14153509849999998,Normal
test,01_0133,1,0.07127159,01,0.07127159,False,0,0.0,0.6,0.155635795,Normal
test,01_0133,1,0.04682822,01,0.04682822,False,0,0.0,0.6,0.14341410999999998,Normal
test,01_0133,1,0.07743874,01,0.07743874,False,0,0.0,0.6,0.15871937,Normal
test,01_0133,1,0.07607913,01,0.07607913,False,0,0.0,0.6,0.158039565,Normal
test,01_0133,1,0.06499752,01,0.06499752,False,0,0.0,0.6,0.15249876,Normal
test,01_0134,0,0.071167946,01,0.071167946,False,0,0.0,0.6,0.155583973,Normal
test,01_0134,0,0.10968459,01,0.10968459,False,0,0.0,0.6,0.17484229499999998,Normal
test,01_0134,1,0.49629155,01,0.49629155,False,0,0.0,0.6,0.368145775,Normal
test,01_0134,1,0.9798473,01,0.9798473,True,1,0.2,0.6,0.66992365,Low
test,01_0134,1,0.9697976,01,0.9697976,True,2,0.4,0.6,0.7248988,Medium
test,01_0134,1,0.09868032,01,0.09868032,False,0,0.0,0.6,0.16934016,Normal
test,01_0134,0,0.7454959,01,0.7454959,True,1,0.2,0.6,0.55274795,Low
test,01_0134,1,0.9735487,01,0.9735487,True,2,0.4,0.6,0.72677435,Medium
test,01_0134,1,0.97164524,01,0.97164524,True,3,0.6,0.6,0.7858226199999999,Medium
test,01_0134,0,0.15857495,01,0.15857495,False,0,0.0,0.6,0.199287475,Normal
test,01_0134,0,0.0885189,01,0.0885189,False,0,0.0,0.6,0.16425945,Normal
test,01_0134,0,0.109552786,01,0.109552786,False,0,0.0,0.6,0.174776393,Normal
test,01_0135,0,0.02868956,01,0.02868956,False,0,0.0,0.6,0.13434478,Normal
test,01_0135,0,0.01879555,01,0.01879555,False,0,0.0,0.6,0.129397775,Normal
test,01_0135,0,0.031647615,01,0.031647615,False,0,0.0,0.6,0.1358238075,Normal
test,01_0135,0,0.040595192,01,0.040595192,False,0,0.0,0.6,0.140297596,Normal
test,01_0135,0,0.85177314,01,0.85177314,True,1,0.2,0.6,0.60588657,Low
test,01_0135,1,0.9870804,01,0.9870804,True,2,0.4,0.6,0.7335402,Medium
test,01_0135,1,0.98917705,01,0.98917705,True,3,0.6,0.6,0.794588525,Medium
test,01_0135,1,0.98961115,01,0.98961115,True,4,0.8,0.6,0.854805575,High
test,01_0135,1,0.98486936,01,0.98486936,True,5,1.0,0.6,0.9124346799999999,Critical
test,01_0135,1,0.9742465,01,0.9742465,True,6,1.0,0.6,0.90712325,Critical
test,01_0135,1,0.86049795,01,0.86049795,True,7,1.0,0.6,0.850248975,High
test,01_0136,0,0.092258036,01,0.092258036,False,0,0.0,0.6,0.166129018,Normal
test,01_0136,0,0.10499965,01,0.10499965,False,0,0.0,0.6,0.172499825,Normal
test,01_0136,0,0.07630527,01,0.07630527,False,0,0.0,0.6,0.15815263499999999,Normal
test,01_0136,0,0.0975332,01,0.0975332,False,0,0.0,0.6,0.1687666,Normal
test,01_0136,1,0.16598658,01,0.16598658,False,0,0.0,0.6,0.20299329,Normal
test,01_0136,1,0.19033547,01,0.19033547,False,0,0.0,0.6,0.215167735,Normal
test,01_0136,1,0.14544974,01,0.14544974,False,0,0.0,0.6,0.19272487,Normal
test,01_0136,1,0.16733235,01,0.16733235,False,0,0.0,0.6,0.203666175,Normal
test,01_0136,1,0.32629898,01,0.32629898,False,0,0.0,0.6,0.28314949,Normal
test,01_0136,1,0.92886347,01,0.92886347,True,1,0.2,0.6,0.6444317350000001,Low
test,01_0136,1,0.96368444,01,0.96368444,True,2,0.4,0.6,0.72184222,Medium
test,01_0136,1,0.6498103,01,0.6498103,True,3,0.6,0.6,0.6249051499999999,Low
test,01_0136,1,0.11275436,01,0.11275436,False,0,0.0,0.6,0.17637718,Normal
test,01_0136,1,0.21071693,01,0.21071693,False,0,0.0,0.6,0.225358465,Normal
test,01_0136,0,0.06613887,01,0.06613887,False,0,0.0,0.6,0.153069435,Normal
train,01_0138,0,0.8721129,01,0.8721129,True,1,0.2,0.6,0.61605645,Low
train,01_0138,0,0.87319475,01,0.87319475,True,2,0.4,0.6,0.676597375,Medium
train,01_0138,0,0.9414979,01,0.9414979,True,3,0.6,0.6,0.77074895,Medium
train,01_0138,1,0.9748102,01,0.9748102,True,4,0.8,0.6,0.8474050999999999,High
train,01_0138,1,0.98373103,01,0.98373103,True,5,1.0,0.6,0.911865515,Critical
train,01_0138,1,0.9486961,01,0.9486961,True,6,1.0,0.6,0.89434805,High
train,01_0138,1,0.76034915,01,0.76034915,True,7,1.0,0.6,0.800174575,Medium
train,01_0138,0,0.17224036,01,0.17224036,False,0,0.0,0.6,0.20612018,Normal
train,01_0139,0,0.8299989,01,0.8299989,True,1,0.2,0.6,0.59499945,Low
train,01_0139,0,0.68205476,01,0.68205476,True,2,0.4,0.6,0.58102738,Low
train,01_0139,1,0.9228473,01,0.9228473,True,3,0.6,0.6,0.76142365,Medium
train,01_0139,1,0.94236636,01,0.94236636,True,4,0.8,0.6,0.8311831799999999,High
train,01_0139,1,0.9297092,01,0.9297092,True,5,1.0,0.6,0.8848546,High
test,01_014,0,0.011249354,01,0.011249354,False,0,0.0,0.6,0.125624677,Normal
test,01_014,0,0.010160312,01,0.010160312,False,0,0.0,0.6,0.125080156,Normal
test,01_014,0,0.010572409,01,0.010572409,False,0,0.0,0.6,0.1252862045,Normal
test,01_014,0,0.010858534,01,0.010858534,False,0,0.0,0.6,0.12542926699999998,Normal
test,01_014,0,0.010090068,01,0.010090068,False,0,0.0,0.6,0.125045034,Normal
test,01_014,0,0.010137362,01,0.010137362,False,0,0.0,0.6,0.125068681,Normal
test,01_014,0,0.011144939,01,0.011144939,False,0,0.0,0.6,0.1255724695,Normal
test,01_014,0,0.009712502,01,0.009712502,False,0,0.0,0.6,0.124856251,Normal
test,01_014,0,0.009809321,01,0.009809321,False,0,0.0,0.6,0.1249046605,Normal
test,01_014,0,0.008241506,01,0.008241506,False,0,0.0,0.6,0.124120753,Normal
test,01_014,0,0.007878395,01,0.007878395,False,0,0.0,0.6,0.1239391975,Normal
test,01_014,0,0.007937747,01,0.007937747,False,0,0.0,0.6,0.12396887349999999,Normal
test,01_014,0,0.008828274,01,0.008828274,False,0,0.0,0.6,0.124414137,Normal
test,01_014,0,0.00925007,01,0.00925007,False,0,0.0,0.6,0.124625035,Normal
test,01_014,0,0.008143752,01,0.008143752,False,0,0.0,0.6,0.124071876,Normal
test,01_014,0,0.008658639,01,0.008658639,False,0,0.0,0.6,0.1243293195,Normal
test,01_014,0,0.00811429,01,0.00811429,False,0,0.0,0.6,0.124057145,Normal
test,01_014,0,0.008229642,01,0.008229642,False,0,0.0,0.6,0.124114821,Normal
test,01_014,0,0.0077349567,01,0.0077349567,False,0,0.0,0.6,0.12386747834999999,Normal
test,01_014,0,0.008300182,01,0.008300182,False,0,0.0,0.6,0.12415009099999999,Normal
test,01_014,0,0.007823754,01,0.007823754,False,0,0.0,0.6,0.12391187699999999,Normal
test,01_014,0,0.007989567,01,0.007989567,False,0,0.0,0.6,0.1239947835,Normal
train,01_0140,0,0.80739486,01,0.80739486,True,1,0.2,0.6,0.58369743,Low
train,01_0140,0,0.48857358,01,0.48857358,False,0,0.0,0.6,0.36428678999999997,Normal
train,01_0140,0,0.3012198,01,0.3012198,False,0,0.0,0.6,0.27060989999999996,Normal
train,01_0140,1,0.95420957,01,0.95420957,True,1,0.2,0.6,0.6571047849999999,Low
train,01_0140,1,0.9501776,01,0.9501776,True,2,0.4,0.6,0.7150888,Medium
train,01_0140,1,0.71984595,01,0.71984595,True,3,0.6,0.6,0.659922975,Low
train,01_0141,0,0.06660182,01,0.06660182,False,0,0.0,0.6,0.15330091,Normal
train,01_0141,0,0.116669774,01,0.116669774,False,0,0.0,0.6,0.178334887,Normal
train,01_0141,1,0.16289285,01,0.16289285,False,0,0.0,0.6,0.20144642499999998,Normal
train,01_0141,1,0.4046091,01,0.4046091,False,0,0.0,0.6,0.32230455,Normal
train,01_0141,1,0.59894484,01,0.59894484,True,1,0.2,0.6,0.47947242,Low
train,01_0141,1,0.7435368,01,0.7435368,True,2,0.4,0.6,0.6117684,Low
train,01_0141,1,0.6363997,01,0.6363997,True,3,0.6,0.6,0.61819985,Low
train,01_0141,0,0.34396073,01,0.34396073,False,0,0.0,0.6,0.291980365,Normal
val,01_015,0,0.008380706,01,0.008380706,False,0,0.0,0.6,0.12419035299999999,Normal
val,01_015,0,0.0077803894,01,0.0077803894,False,0,0.0,0.6,0.1238901947,Normal
val,01_015,0,0.008539085,01,0.008539085,False,0,0.0,0.6,0.1242695425,Normal
val,01_015,0,0.011508897,01,0.011508897,False,0,0.0,0.6,0.1257544485,Normal
val,01_015,0,0.012774176,01,0.012774176,False,0,0.0,0.6,0.126387088,Normal
val,01_015,0,0.016179591,01,0.016179591,False,0,0.0,0.6,0.1280897955,Normal
val,01_015,0,0.010232841,01,0.010232841,False,0,0.0,0.6,0.1251164205,Normal
val,01_015,0,0.01189437,01,0.01189437,False,0,0.0,0.6,0.125947185,Normal
val,01_015,0,0.020756371,01,0.020756371,False,0,0.0,0.6,0.1303781855,Normal
val,01_015,0,0.02238395,01,0.02238395,False,0,0.0,0.6,0.131191975,Normal
val,01_015,0,0.011599275,01,0.011599275,False,0,0.0,0.6,0.1257996375,Normal
val,01_015,0,0.008447432,01,0.008447432,False,0,0.0,0.6,0.124223716,Normal
val,01_015,0,0.007882566,01,0.007882566,False,0,0.0,0.6,0.123941283,Normal
val,01_015,0,0.00945601,01,0.00945601,False,0,0.0,0.6,0.124728005,Normal
val,01_015,0,0.029509626,01,0.029509626,False,0,0.0,0.6,0.134754813,Normal
val,01_015,0,0.03891016,01,0.03891016,False,0,0.0,0.6,0.13945508,Normal
val,01_015,0,0.049010232,01,0.049010232,False,0,0.0,0.6,0.144505116,Normal
val,01_015,0,0.031572808,01,0.031572808,False,0,0.0,0.6,0.135786404,Normal
val,01_015,0,0.03492631,01,0.03492631,False,0,0.0,0.6,0.137463155,Normal
val,01_015,0,0.030306699,01,0.030306699,False,0,0.0,0.6,0.1351533495,Normal
val,01_015,0,0.030353904,01,0.030353904,False,0,0.0,0.6,0.135176952,Normal
val,01_015,0,0.012792663,01,0.012792663,False,0,0.0,0.6,0.1263963315,Normal
train,01_016,0,0.025115402,01,0.025115402,False,0,0.0,0.6,0.132557701,Normal
train,01_016,0,0.015147763,01,0.015147763,False,0,0.0,0.6,0.12757388149999999,Normal
train,01_016,0,0.02106319,01,0.02106319,False,0,0.0,0.6,0.130531595,Normal
train,01_016,0,0.021455185,01,0.021455185,False,0,0.0,0.6,0.1307275925,Normal
train,01_016,0,0.036583558,01,0.036583558,False,0,0.0,0.6,0.138291779,Normal
train,01_016,0,0.05325723,01,0.05325723,False,0,0.0,0.6,0.146628615,Normal
train,01_016,0,0.08415057,01,0.08415057,False,0,0.0,0.6,0.16207528499999999,Normal
train,01_016,0,0.16475321,01,0.16475321,False,0,0.0,0.6,0.202376605,Normal
train,01_016,0,0.060668547,01,0.060668547,False,0,0.0,0.6,0.1503342735,Normal
train,01_016,0,0.029514695,01,0.029514695,False,0,0.0,0.6,0.13475734749999999,Normal
train,01_016,0,0.03332762,01,0.03332762,False,0,0.0,0.6,0.13666381,Normal
train,01_016,0,0.020889433,01,0.020889433,False,0,0.0,0.6,0.1304447165,Normal
train,01_016,0,0.018663231,01,0.018663231,False,0,0.0,0.6,0.1293316155,Normal
train,01_016,0,0.0282784,01,0.0282784,False,0,0.0,0.6,0.1341392,Normal
train,01_016,0,0.028548118,01,0.028548118,False,0,0.0,0.6,0.134274059,Normal
train,01_016,0,0.018648053,01,0.018648053,False,0,0.0,0.6,0.1293240265,Normal
train,01_016,0,0.019667746,01,0.019667746,False,0,0.0,0.6,0.129833873,Normal
test,01_0162,0,0.00507942,01,0.00507942,False,0,0.0,0.6,0.12253971,Normal
test,01_0162,1,0.052770913,01,0.052770913,False,0,0.0,0.6,0.1463854565,Normal
test,01_0162,1,0.032503605,01,0.032503605,False,0,0.0,0.6,0.1362518025,Normal
test,01_0162,1,0.019011714,01,0.019011714,False,0,0.0,0.6,0.129505857,Normal
test,01_0162,1,0.008101225,01,0.008101225,False,0,0.0,0.6,0.12405061249999999,Normal
val,01_0163,0,0.008049973,01,0.008049973,False,0,0.0,0.6,0.12402498649999999,Normal
val,01_0163,0,0.01584322,01,0.01584322,False,0,0.0,0.6,0.12792161,Normal
val,01_0163,0,0.027617292,01,0.027617292,False,0,0.0,0.6,0.133808646,Normal
val,01_0163,1,0.03824615,01,0.03824615,False,0,0.0,0.6,0.13912307499999998,Normal
val,01_0163,1,0.04239765,01,0.04239765,False,0,0.0,0.6,0.141198825,Normal
val,01_0163,1,0.023613304,01,0.023613304,False,0,0.0,0.6,0.131806652,Normal
val,01_0163,1,0.015371525,01,0.015371525,False,0,0.0,0.6,0.1276857625,Normal
train,01_017,0,0.031047663,01,0.031047663,False,0,0.0,0.6,0.1355238315,Normal
train,01_017,0,0.03323224,01,0.03323224,False,0,0.0,0.6,0.13661612,Normal
train,01_017,0,0.024937918,01,0.024937918,False,0,0.0,0.6,0.132468959,Normal
train,01_017,0,0.03464299,01,0.03464299,False,0,0.0,0.6,0.137321495,Normal
train,01_017,0,0.04249618,01,0.04249618,False,0,0.0,0.6,0.14124809,Normal
train,01_017,0,0.019044226,01,0.019044226,False,0,0.0,0.6,0.129522113,Normal
train,01_017,0,0.020267237,01,0.020267237,False,0,0.0,0.6,0.1301336185,Normal
train,01_017,0,0.039005037,01,0.039005037,False,0,0.0,0.6,0.1395025185,Normal
train,01_017,0,0.06592508,01,0.06592508,False,0,0.0,0.6,0.15296253999999998,Normal
train,01_017,0,0.0263858,01,0.0263858,False,0,0.0,0.6,0.1331929,Normal
train,01_017,0,0.029213594,01,0.029213594,False,0,0.0,0.6,0.134606797,Normal
train,01_017,0,0.020785842,01,0.020785842,False,0,0.0,0.6,0.130392921,Normal
train,01_017,0,0.039266143,01,0.039266143,False,0,0.0,0.6,0.13963307149999998,Normal
train,01_017,0,0.027106462,01,0.027106462,False,0,0.0,0.6,0.133553231,Normal
train,01_017,0,0.012294444,01,0.012294444,False,0,0.0,0.6,0.126147222,Normal
train,01_017,0,0.019770423,01,0.019770423,False,0,0.0,0.6,0.1298852115,Normal
train,01_017,0,0.025845848,01,0.025845848,False,0,0.0,0.6,0.132922924,Normal
train,01_017,0,0.05425539,01,0.05425539,False,0,0.0,0.6,0.147127695,Normal
train,01_017,0,0.05583511,01,0.05583511,False,0,0.0,0.6,0.147917555,Normal
train,01_017,0,0.0976486,01,0.0976486,False,0,0.0,0.6,0.16882429999999998,Normal
train,01_017,0,0.18016018,01,0.18016018,False,0,0.0,0.6,0.21008009,Normal
train,01_017,0,0.28555793,01,0.28555793,False,0,0.0,0.6,0.262778965,Normal
train,01_017,0,0.08569162,01,0.08569162,False,0,0.0,0.6,0.16284580999999998,Normal
train,01_017,0,0.034470446,01,0.034470446,False,0,0.0,0.6,0.137235223,Normal
train,01_017,0,0.09859318,01,0.09859318,False,0,0.0,0.6,0.16929659,Normal
train,01_0177,0,0.15782851,01,0.15782851,False,0,0.0,0.6,0.19891425499999998,Normal
train,01_0177,0,0.19732788,01,0.19732788,False,0,0.0,0.6,0.21866394,Normal
train,01_0177,0,0.46540102,01,0.46540102,False,0,0.0,0.6,0.35270051,Normal
train,01_0177,1,0.891287,01,0.891287,True,1,0.2,0.6,0.6256435,Low
train,01_0177,1,0.9344003,01,0.9344003,True,2,0.4,0.6,0.7072001499999999,Medium
train,01_0177,1,0.860997,01,0.860997,True,3,0.6,0.6,0.7304985,Medium
train,01_0177,0,0.5415459,01,0.5415459,True,4,0.8,0.6,0.63077295,Low
train,01_0177,0,0.18365155,01,0.18365155,False,0,0.0,0.6,0.211825775,Normal
train,01_0177,0,0.30652693,01,0.30652693,False,0,0.0,0.6,0.273263465,Normal
train,01_018,0,0.08355651,01,0.08355651,False,0,0.0,0.6,0.16177825499999998,Normal
train,01_018,0,0.03911654,01,0.03911654,False,0,0.0,0.6,0.13955826999999998,Normal
train,01_018,0,0.02388316,01,0.02388316,False,0,0.0,0.6,0.13194158,Normal
train,01_018,0,0.023227392,01,0.023227392,False,0,0.0,0.6,0.131613696,Normal
train,01_018,0,0.020500232,01,0.020500232,False,0,0.0,0.6,0.130250116,Normal
train,01_018,0,0.020002367,01,0.020002367,False,0,0.0,0.6,0.1300011835,Normal
train,01_018,0,0.029306507,01,0.029306507,False,0,0.0,0.6,0.1346532535,Normal
train,01_018,0,0.02153582,01,0.02153582,False,0,0.0,0.6,0.13076791,Normal
train,01_018,0,0.016093334,01,0.016093334,False,0,0.0,0.6,0.128046667,Normal
train,01_018,0,0.020170221,01,0.020170221,False,0,0.0,0.6,0.1300851105,Normal
train,01_018,0,0.036235023,01,0.036235023,False,0,0.0,0.6,0.13811751149999998,Normal
train,01_018,0,0.041673597,01,0.041673597,False,0,0.0,0.6,0.1408367985,Normal
train,01_018,0,0.023970602,01,0.023970602,False,0,0.0,0.6,0.131985301,Normal
train,01_018,0,0.016317548,01,0.016317548,False,0,0.0,0.6,0.128158774,Normal
train,01_018,0,0.017936643,01,0.017936643,False,0,0.0,0.6,0.12896832149999998,Normal
train,01_018,0,0.043538842,01,0.043538842,False,0,0.0,0.6,0.141769421,Normal
train,01_018,0,0.05482755,01,0.05482755,False,0,0.0,0.6,0.147413775,Normal
train,01_018,0,0.06565837,01,0.06565837,False,0,0.0,0.6,0.15282918499999998,Normal
train,01_018,0,0.06388168,01,0.06388168,False,0,0.0,0.6,0.15194084,Normal
train,01_018,0,0.08317713,01,0.08317713,False,0,0.0,0.6,0.161588565,Normal
train,01_018,0,0.05329176,01,0.05329176,False,0,0.0,0.6,0.14664588,Normal
train,01_018,0,0.06110987,01,0.06110987,False,0,0.0,0.6,0.150554935,Normal
train,01_018,0,0.060379747,01,0.060379747,False,0,0.0,0.6,0.1501898735,Normal
train,01_018,0,0.034937326,01,0.034937326,False,0,0.0,0.6,0.137468663,Normal
train,01_018,0,0.012108609,01,0.012108609,False,0,0.0,0.6,0.1260543045,Normal
train,01_019,0,0.024972975,01,0.024972975,False,0,0.0,0.6,0.1324864875,Normal
train,01_019,0,0.03852702,01,0.03852702,False,0,0.0,0.6,0.13926351,Normal
train,01_019,0,0.2152733,01,0.2152733,False,0,0.0,0.6,0.22763665,Normal
train,01_019,0,0.18713368,01,0.18713368,False,0,0.0,0.6,0.21356683999999998,Normal
train,01_019,0,0.14990503,01,0.14990503,False,0,0.0,0.6,0.194952515,Normal
train,01_019,0,0.17821133,01,0.17821133,False,0,0.0,0.6,0.209105665,Normal
train,01_019,0,0.08199906,01,0.08199906,False,0,0.0,0.6,0.16099953,Normal
train,01_019,0,0.056325328,01,0.056325328,False,0,0.0,0.6,0.148162664,Normal
train,01_019,0,0.03675849,01,0.03675849,False,0,0.0,0.6,0.13837924499999998,Normal
train,01_019,0,0.06237156,01,0.06237156,False,0,0.0,0.6,0.15118578,Normal
train,01_019,0,0.18226437,01,0.18226437,False,0,0.0,0.6,0.211132185,Normal
train,01_019,0,0.045718756,01,0.045718756,False,0,0.0,0.6,0.14285937799999998,Normal
train,01_019,0,0.06462625,01,0.06462625,False,0,0.0,0.6,0.152313125,Normal
train,01_019,0,0.04806413,01,0.04806413,False,0,0.0,0.6,0.144032065,Normal
train,01_019,0,0.044765517,01,0.044765517,False,0,0.0,0.6,0.14238275849999998,Normal
train,01_019,0,0.020431655,01,0.020431655,False,0,0.0,0.6,0.1302158275,Normal
train,01_019,0,0.042201605,01,0.042201605,False,0,0.0,0.6,0.1411008025,Normal
train,01_020,0,0.019265957,01,0.019265957,False,0,0.0,0.6,0.1296329785,Normal
train,01_020,0,0.02167082,01,0.02167082,False,0,0.0,0.6,0.13083540999999999,Normal
train,01_020,0,0.018518694,01,0.018518694,False,0,0.0,0.6,0.129259347,Normal
train,01_020,0,0.048886105,01,0.048886105,False,0,0.0,0.6,0.1444430525,Normal
train,01_020,0,0.04452279,01,0.04452279,False,0,0.0,0.6,0.14226139499999998,Normal
train,01_020,0,0.024482466,01,0.024482466,False,0,0.0,0.6,0.13224123299999999,Normal
train,01_020,0,0.016120125,01,0.016120125,False,0,0.0,0.6,0.1280600625,Normal
train,01_020,0,0.03060305,01,0.03060305,False,0,0.0,0.6,0.135301525,Normal
train,01_020,0,0.048999503,01,0.048999503,False,0,0.0,0.6,0.1444997515,Normal
train,01_020,0,0.05402605,01,0.05402605,False,0,0.0,0.6,0.147013025,Normal
train,01_020,0,0.050240584,01,0.050240584,False,0,0.0,0.6,0.14512029199999998,Normal
train,01_020,0,0.048810445,01,0.048810445,False,0,0.0,0.6,0.14440522249999999,Normal
train,01_020,0,0.031596273,01,0.031596273,False,0,0.0,0.6,0.1357981365,Normal
train,01_020,0,0.045918554,01,0.045918554,False,0,0.0,0.6,0.142959277,Normal
train,01_020,0,0.042296335,01,0.042296335,False,0,0.0,0.6,0.1411481675,Normal
train,01_020,0,0.041896306,01,0.041896306,False,0,0.0,0.6,0.140948153,Normal
train,01_020,0,0.056499537,01,0.056499537,False,0,0.0,0.6,0.1482497685,Normal
train,01_020,0,0.1603082,01,0.1603082,False,0,0.0,0.6,0.2001541,Normal
train,01_020,0,0.19067083,01,0.19067083,False,0,0.0,0.6,0.215335415,Normal
train,01_020,0,0.098562725,01,0.098562725,False,0,0.0,0.6,0.1692813625,Normal
train,01_020,0,0.053307544,01,0.053307544,False,0,0.0,0.6,0.146653772,Normal
train,01_020,0,0.033764996,01,0.033764996,False,0,0.0,0.6,0.136882498,Normal
train,01_020,0,0.030443994,01,0.030443994,False,0,0.0,0.6,0.13522199699999998,Normal
train,01_020,0,0.029342065,01,0.029342065,False,0,0.0,0.6,0.1346710325,Normal
test,01_021,0,0.5337545,01,0.5337545,True,1,0.2,0.6,0.44687725,Low
test,01_021,0,0.2533686,01,0.2533686,False,0,0.0,0.6,0.2466843,Normal
test,01_021,0,0.04823967,01,0.04823967,False,0,0.0,0.6,0.144119835,Normal
test,01_021,0,0.028021649,01,0.028021649,False,0,0.0,0.6,0.1340108245,Normal
test,01_021,0,0.115930274,01,0.115930274,False,0,0.0,0.6,0.177965137,Normal
test,01_021,0,0.20937443,01,0.20937443,False,0,0.0,0.6,0.224687215,Normal
test,01_021,0,0.13340563,01,0.13340563,False,0,0.0,0.6,0.186702815,Normal
test,01_021,0,0.23620935,01,0.23620935,False,0,0.0,0.6,0.238104675,Normal
test,01_021,0,0.77333176,01,0.77333176,True,1,0.2,0.6,0.56666588,Low
test,01_021,0,0.9724426,01,0.9724426,True,2,0.4,0.6,0.7262213000000001,Medium
test,01_021,0,0.96547705,01,0.96547705,True,3,0.6,0.6,0.782738525,Medium
test,01_021,0,0.7998075,01,0.7998075,True,4,0.8,0.6,0.75990375,Medium
test,01_021,0,0.7536063,01,0.7536063,True,5,1.0,0.6,0.79680315,Medium
test,01_021,0,0.6837516,01,0.6837516,True,6,1.0,0.6,0.7618758,Medium
test,01_021,0,0.78885734,01,0.78885734,True,7,1.0,0.6,0.81442867,Medium
test,01_021,0,0.7489797,01,0.7489797,True,8,1.0,0.6,0.79448985,Medium
test,01_021,0,0.70884484,01,0.70884484,True,9,1.0,0.6,0.77442242,Medium
test,01_021,0,0.48412728,01,0.48412728,False,0,0.0,0.6,0.36206364,Normal
test,01_021,0,0.1725681,01,0.1725681,False,0,0.0,0.6,0.20628405,Normal
test,01_021,0,0.28730208,01,0.28730208,False,0,0.0,0.6,0.26365104,Normal
test,01_021,0,0.22372311,01,0.22372311,False,0,0.0,0.6,0.231861555,Normal
test,01_021,0,0.14682494,01,0.14682494,False,0,0.0,0.6,0.19341247,Normal
test,01_021,0,0.21856377,01,0.21856377,False,0,0.0,0.6,0.229281885,Normal
test,01_021,0,0.19914809,01,0.19914809,False,0,0.0,0.6,0.219574045,Normal
test,01_021,0,0.07488246,01,0.07488246,False,0,0.0,0.6,0.15744123,Normal
test,01_021,0,0.048285425,01,0.048285425,False,0,0.0,0.6,0.1441427125,Normal
test,01_021,0,0.096810065,01,0.096810065,False,0,0.0,0.6,0.1684050325,Normal
test,01_021,0,0.18991977,01,0.18991977,False,0,0.0,0.6,0.214959885,Normal
test,01_021,0,0.7977362,01,0.7977362,True,1,0.2,0.6,0.5788681,Low
test,01_021,0,0.92241406,01,0.92241406,True,2,0.4,0.6,0.7012070300000001,Medium
val,01_022,0,0.04739217,01,0.04739217,False,0,0.0,0.6,0.143696085,Normal
val,01_022,0,0.038833544,01,0.038833544,False,0,0.0,0.6,0.139416772,Normal
val,01_022,0,0.048607506,01,0.048607506,False,0,0.0,0.6,0.144303753,Normal
val,01_022,0,0.052173525,01,0.052173525,False,0,0.0,0.6,0.1460867625,Normal
val,01_022,0,0.09202607,01,0.09202607,False,0,0.0,0.6,0.166013035,Normal
val,01_022,0,0.19913292,01,0.19913292,False,0,0.0,0.6,0.21956646,Normal
val,01_022,0,0.3303531,01,0.3303531,False,0,0.0,0.6,0.28517655,Normal
val,01_022,0,0.20296234,01,0.20296234,False,0,0.0,0.6,0.22148117,Normal
val,01_022,0,0.24884483,01,0.24884483,False,0,0.0,0.6,0.244422415,Normal
val,01_022,0,0.1825207,01,0.1825207,False,0,0.0,0.6,0.21126034999999999,Normal
val,01_022,0,0.17188981,01,0.17188981,False,0,0.0,0.6,0.205944905,Normal
val,01_022,0,0.19448683,01,0.19448683,False,0,0.0,0.6,0.217243415,Normal
val,01_022,0,0.25551882,01,0.25551882,False,0,0.0,0.6,0.24775940999999999,Normal
val,01_022,0,0.103562295,01,0.103562295,False,0,0.0,0.6,0.1717811475,Normal
train,01_023,0,0.08321777,01,0.08321777,False,0,0.0,0.6,0.16160888499999998,Normal
train,01_023,0,0.09690523,01,0.09690523,False,0,0.0,0.6,0.168452615,Normal
train,01_023,0,0.13605814,01,0.13605814,False,0,0.0,0.6,0.18802907,Normal
train,01_023,0,0.09352256,01,0.09352256,False,0,0.0,0.6,0.16676128,Normal
train,01_023,0,0.14971156,01,0.14971156,False,0,0.0,0.6,0.19485577999999998,Normal
train,01_023,0,0.13066669,01,0.13066669,False,0,0.0,0.6,0.18533334499999998,Normal
train,01_023,0,0.097127125,01,0.097127125,False,0,0.0,0.6,0.16856356249999999,Normal
train,01_023,0,0.100523494,01,0.100523494,False,0,0.0,0.6,0.170261747,Normal
train,01_023,0,0.11155998,01,0.11155998,False,0,0.0,0.6,0.17577999,Normal
train,01_023,0,0.39978936,01,0.39978936,False,0,0.0,0.6,0.31989468,Normal
train,01_023,0,0.9102158,01,0.9102158,True,1,0.2,0.6,0.6351079000000001,Low
train,01_023,0,0.952193,01,0.952193,True,2,0.4,0.6,0.7160965,Medium
train,01_023,0,0.6463675,01,0.6463675,True,3,0.6,0.6,0.62318375,Low
train,01_023,0,0.11727638,01,0.11727638,False,0,0.0,0.6,0.17863819,Normal
train,01_023,0,0.11566525,01,0.11566525,False,0,0.0,0.6,0.177832625,Normal
train,01_023,0,0.32443804,01,0.32443804,False,0,0.0,0.6,0.28221902,Normal
train,01_023,0,0.63526016,01,0.63526016,True,1,0.2,0.6,0.49763008,Low
train,01_023,0,0.5561559,01,0.5561559,True,2,0.4,0.6,0.51807795,Low
train,01_023,0,0.15370522,01,0.15370522,False,0,0.0,0.6,0.19685260999999998,Normal
train,01_023,0,0.087495476,01,0.087495476,False,0,0.0,0.6,0.163747738,Normal
train,01_023,0,0.10245348,01,0.10245348,False,0,0.0,0.6,0.17122674,Normal
train,01_023,0,0.1861429,01,0.1861429,False,0,0.0,0.6,0.21307145,Normal
train,01_023,0,0.25025192,01,0.25025192,False,0,0.0,0.6,0.24512596,Normal
train,01_023,0,0.09604644,01,0.09604644,False,0,0.0,0.6,0.16802322,Normal
train,01_023,0,0.06630181,01,0.06630181,False,0,0.0,0.6,0.153150905,Normal
train,01_023,0,0.096857846,01,0.096857846,False,0,0.0,0.6,0.168428923,Normal
train,01_023,0,0.2204531,01,0.2204531,False,0,0.0,0.6,0.23022655,Normal
train,01_023,0,0.22755332,01,0.22755332,False,0,0.0,0.6,0.23377666,Normal
train,01_023,0,0.26809657,01,0.26809657,False,0,0.0,0.6,0.254048285,Normal
train,01_023,0,0.38644087,01,0.38644087,False,0,0.0,0.6,0.31322043499999996,Normal
train,01_023,0,0.31594726,01,0.31594726,False,0,0.0,0.6,0.27797362999999997,Normal
train,01_023,0,0.19027959,01,0.19027959,False,0,0.0,0.6,0.215139795,Normal
train,01_023,0,0.15324128,01,0.15324128,False,0,0.0,0.6,0.19662064,Normal
train,01_023,0,0.09905145,01,0.09905145,False,0,0.0,0.6,0.169525725,Normal
train,01_023,0,0.26276886,01,0.26276886,False,0,0.0,0.6,0.25138443,Normal
train,01_023,0,0.39458656,01,0.39458656,False,0,0.0,0.6,0.31729328,Normal
train,01_023,0,0.1117526,01,0.1117526,False,0,0.0,0.6,0.17587629999999999,Normal
train,01_023,0,0.038482312,01,0.038482312,False,0,0.0,0.6,0.139241156,Normal
train,01_023,0,0.042231027,01,0.042231027,False,0,0.0,0.6,0.14111551349999998,Normal
train,01_024,0,0.068915226,01,0.068915226,False,0,0.0,0.6,0.154457613,Normal
train,01_024,0,0.100377426,01,0.100377426,False,0,0.0,0.6,0.170188713,Normal
train,01_024,0,0.16488424,01,0.16488424,False,0,0.0,0.6,0.20244212,Normal
train,01_024,0,0.40193704,01,0.40193704,False,0,0.0,0.6,0.32096852,Normal
train,01_024,0,0.4937396,01,0.4937396,False,0,0.0,0.6,0.3668698,Normal
train,01_024,0,0.4318597,01,0.4318597,False,0,0.0,0.6,0.33592985,Normal
train,01_024,0,0.29740033,01,0.29740033,False,0,0.0,0.6,0.268700165,Normal
train,01_024,0,0.24756996,01,0.24756996,False,0,0.0,0.6,0.24378497999999998,Normal
train,01_024,0,0.11602345,01,0.11602345,False,0,0.0,0.6,0.178011725,Normal
train,01_024,0,0.060290106,01,0.060290106,False,0,0.0,0.6,0.150145053,Normal
train,01_024,0,0.064286366,01,0.064286366,False,0,0.0,0.6,0.152143183,Normal
train,01_024,0,0.046292536,01,0.046292536,False,0,0.0,0.6,0.143146268,Normal
train,01_024,0,0.08921333,01,0.08921333,False,0,0.0,0.6,0.16460666499999999,Normal
train,01_024,0,0.19159888,01,0.19159888,False,0,0.0,0.6,0.21579944,Normal
train,01_024,0,0.32060158,01,0.32060158,False,0,0.0,0.6,0.28030078999999997,Normal
train,01_024,0,0.59112364,01,0.59112364,True,1,0.2,0.6,0.47556181999999997,Low
train,01_024,0,0.30922702,01,0.30922702,False,0,0.0,0.6,0.27461351,Normal
train,01_024,0,0.20100927,01,0.20100927,False,0,0.0,0.6,0.220504635,Normal
train,01_024,0,0.19934434,01,0.19934434,False,0,0.0,0.6,0.21967217,Normal
train,01_024,0,0.1080131,01,0.1080131,False,0,0.0,0.6,0.17400654999999998,Normal
train,01_025,0,0.037436064,01,0.037436064,False,0,0.0,0.6,0.138718032,Normal
train,01_025,0,0.038158145,01,0.038158145,False,0,0.0,0.6,0.13907907249999998,Normal
train,01_025,0,0.031951085,01,0.031951085,False,0,0.0,0.6,0.1359755425,Normal
train,01_025,0,0.10527781,01,0.10527781,False,0,0.0,0.6,0.172638905,Normal
train,01_025,0,0.03737762,01,0.03737762,False,0,0.0,0.6,0.13868881,Normal
train,01_025,0,0.042238504,01,0.042238504,False,0,0.0,0.6,0.141119252,Normal
train,01_025,0,0.08098827,01,0.08098827,False,0,0.0,0.6,0.16049413499999998,Normal
train,01_025,0,0.29164156,01,0.29164156,False,0,0.0,0.6,0.26582078,Normal
train,01_025,0,0.07454541,01,0.07454541,False,0,0.0,0.6,0.157272705,Normal
train,01_025,0,0.18922293,01,0.18922293,False,0,0.0,0.6,0.214611465,Normal
train,01_025,0,0.14397022,01,0.14397022,False,0,0.0,0.6,0.19198511000000001,Normal
train,01_025,0,0.019124726,01,0.019124726,False,0,0.0,0.6,0.12956236299999999,Normal
train,01_025,0,0.027129536,01,0.027129536,False,0,0.0,0.6,0.133564768,Normal
train,01_025,0,0.02817003,01,0.02817003,False,0,0.0,0.6,0.134085015,Normal
train,01_025,0,0.09826115,01,0.09826115,False,0,0.0,0.6,0.169130575,Normal
train,01_025,0,0.33411893,01,0.33411893,False,0,0.0,0.6,0.287059465,Normal
train,01_025,0,0.15805826,01,0.15805826,False,0,0.0,0.6,0.19902913,Normal
train,01_025,0,0.09894999,01,0.09894999,False,0,0.0,0.6,0.169474995,Normal
train,01_025,0,0.04193488,01,0.04193488,False,0,0.0,0.6,0.14096744,Normal
train,01_025,0,0.03146101,01,0.03146101,False,0,0.0,0.6,0.135730505,Normal
train,01_025,0,0.042481523,01,0.042481523,False,0,0.0,0.6,0.1412407615,Normal
train,01_025,0,0.015865898,01,0.015865898,False,0,0.0,0.6,0.127932949,Normal
train,01_026,0,0.018586397,01,0.018586397,False,0,0.0,0.6,0.12929319849999998,Normal
train,01_026,0,0.020529572,01,0.020529572,False,0,0.0,0.6,0.130264786,Normal
train,01_026,0,0.049668968,01,0.049668968,False,0,0.0,0.6,0.14483448399999999,Normal
train,01_026,0,0.03414289,01,0.03414289,False,0,0.0,0.6,0.137071445,Normal
train,01_026,0,0.078514025,01,0.078514025,False,0,0.0,0.6,0.1592570125,Normal
train,01_026,0,0.07544957,01,0.07544957,False,0,0.0,0.6,0.15772478499999998,Normal
train,01_026,0,0.023412595,01,0.023412595,False,0,0.0,0.6,0.13170629749999999,Normal
train,01_026,0,0.068147,01,0.068147,False,0,0.0,0.6,0.1540735,Normal
train,01_026,0,0.15227164,01,0.15227164,False,0,0.0,0.6,0.19613582000000002,Normal
train,01_026,0,0.049890526,01,0.049890526,False,0,0.0,0.6,0.144945263,Normal
train,01_026,0,0.02929032,01,0.02929032,False,0,0.0,0.6,0.13464515999999999,Normal
train,01_026,0,0.030938454,01,0.030938454,False,0,0.0,0.6,0.135469227,Normal
train,01_026,0,0.02361777,01,0.02361777,False,0,0.0,0.6,0.131808885,Normal
train,01_026,0,0.04154459,01,0.04154459,False,0,0.0,0.6,0.140772295,Normal
train,01_026,0,0.03831593,01,0.03831593,False,0,0.0,0.6,0.139157965,Normal
train,01_026,0,0.05494722,01,0.05494722,False,0,0.0,0.6,0.14747361,Normal
train,01_026,0,0.044627246,01,0.044627246,False,0,0.0,0.6,0.142313623,Normal
train,01_026,0,0.03888954,01,0.03888954,False,0,0.0,0.6,0.13944477,Normal
train,01_026,0,0.01570054,01,0.01570054,False,0,0.0,0.6,0.12785027,Normal
train,01_026,0,0.047780674,01,0.047780674,False,0,0.0,0.6,0.143890337,Normal
train,01_026,0,0.074467495,01,0.074467495,False,0,0.0,0.6,0.1572337475,Normal
train,01_026,0,0.025006387,01,0.025006387,False,0,0.0,0.6,0.1325031935,Normal
train,01_027,0,0.021216536,01,0.021216536,False,0,0.0,0.6,0.130608268,Normal
train,01_027,0,0.026667248,01,0.026667248,False,0,0.0,0.6,0.13333362399999998,Normal
train,01_027,0,0.044131275,01,0.044131275,False,0,0.0,0.6,0.1420656375,Normal
train,01_027,0,0.042392567,01,0.042392567,False,0,0.0,0.6,0.1411962835,Normal
train,01_027,0,0.058618397,01,0.058618397,False,0,0.0,0.6,0.1493091985,Normal
train,01_027,0,0.040889114,01,0.040889114,False,0,0.0,0.6,0.140444557,Normal
train,01_027,0,0.039778497,01,0.039778497,False,0,0.0,0.6,0.1398892485,Normal
train,01_027,0,0.015546299,01,0.015546299,False,0,0.0,0.6,0.1277731495,Normal
train,01_027,0,0.022049904,01,0.022049904,False,0,0.0,0.6,0.131024952,Normal
train,01_027,0,0.024259364,01,0.024259364,False,0,0.0,0.6,0.132129682,Normal
train,01_027,0,0.023896681,01,0.023896681,False,0,0.0,0.6,0.13194834049999998,Normal
train,01_027,0,0.024798967,01,0.024798967,False,0,0.0,0.6,0.1323994835,Normal
train,01_027,0,0.022532638,01,0.022532638,False,0,0.0,0.6,0.131266319,Normal
train,01_027,0,0.021928959,01,0.021928959,False,0,0.0,0.6,0.1309644795,Normal
train,01_027,0,0.0196911,01,0.0196911,False,0,0.0,0.6,0.12984555,Normal
train,01_027,0,0.015357956,01,0.015357956,False,0,0.0,0.6,0.127678978,Normal
train,01_027,0,0.014294492,01,0.014294492,False,0,0.0,0.6,0.127147246,Normal
train,01_027,0,0.019758811,01,0.019758811,False,0,0.0,0.6,0.1298794055,Normal
train,01_027,0,0.023170404,01,0.023170404,False,0,0.0,0.6,0.13158520199999998,Normal
train,01_027,0,0.023012906,01,0.023012906,False,0,0.0,0.6,0.131506453,Normal
train,01_027,0,0.09342351,01,0.09342351,False,0,0.0,0.6,0.166711755,Normal
train,01_027,0,0.04099623,01,0.04099623,False,0,0.0,0.6,0.140498115,Normal
train,01_027,0,0.036216345,01,0.036216345,False,0,0.0,0.6,0.1381081725,Normal
train,01_027,0,0.04652998,01,0.04652998,False,0,0.0,0.6,0.14326498999999998,Normal
train,01_027,0,0.03376392,01,0.03376392,False,0,0.0,0.6,0.13688196,Normal
train,01_027,0,0.029968591,01,0.029968591,False,0,0.0,0.6,0.1349842955,Normal
train,01_027,0,0.023512349,01,0.023512349,False,0,0.0,0.6,0.1317561745,Normal
train,01_027,0,0.018622987,01,0.018622987,False,0,0.0,0.6,0.12931149349999999,Normal
test,01_028,0,0.019000141,01,0.019000141,False,0,0.0,0.6,0.1295000705,Normal
test,01_028,0,0.016934318,01,0.016934318,False,0,0.0,0.6,0.128467159,Normal
test,01_028,0,0.02140643,01,0.02140643,False,0,0.0,0.6,0.13070321499999998,Normal
test,01_028,0,0.024154998,01,0.024154998,False,0,0.0,0.6,0.132077499,Normal
test,01_028,0,0.029916545,01,0.029916545,False,0,0.0,0.6,0.1349582725,Normal
test,01_028,0,0.02045613,01,0.02045613,False,0,0.0,0.6,0.130228065,Normal
test,01_028,0,0.03746325,01,0.03746325,False,0,0.0,0.6,0.138731625,Normal
test,01_028,0,0.054511476,01,0.054511476,False,0,0.0,0.6,0.147255738,Normal
test,01_028,0,0.08825333,01,0.08825333,False,0,0.0,0.6,0.164126665,Normal
test,01_028,0,0.0738093,01,0.0738093,False,0,0.0,0.6,0.15690464999999998,Normal
test,01_028,0,0.073329866,01,0.073329866,False,0,0.0,0.6,0.156664933,Normal
test,01_028,0,0.038031604,01,0.038031604,False,0,0.0,0.6,0.139015802,Normal
test,01_028,0,0.029585008,01,0.029585008,False,0,0.0,0.6,0.134792504,Normal
test,01_028,0,0.032059234,01,0.032059234,False,0,0.0,0.6,0.136029617,Normal
test,01_028,0,0.04047574,01,0.04047574,False,0,0.0,0.6,0.14023787,Normal
test,01_028,0,0.0421476,01,0.0421476,False,0,0.0,0.6,0.1410738,Normal
test,01_028,0,0.039876513,01,0.039876513,False,0,0.0,0.6,0.1399382565,Normal
test,01_028,0,0.025119655,01,0.025119655,False,0,0.0,0.6,0.1325598275,Normal
test,01_028,0,0.028575161,01,0.028575161,False,0,0.0,0.6,0.1342875805,Normal
test,01_028,0,0.036873683,01,0.036873683,False,0,0.0,0.6,0.1384368415,Normal
test,01_028,0,0.030638138,01,0.030638138,False,0,0.0,0.6,0.135319069,Normal
test,01_028,0,0.026293643,01,0.026293643,False,0,0.0,0.6,0.13314682149999998,Normal
test,01_028,0,0.025443144,01,0.025443144,False,0,0.0,0.6,0.132721572,Normal
test,01_028,0,0.035653178,01,0.035653178,False,0,0.0,0.6,0.137826589,Normal
test,01_028,0,0.041656047,01,0.041656047,False,0,0.0,0.6,0.1408280235,Normal
test,01_028,0,0.04363326,01,0.04363326,False,0,0.0,0.6,0.14181663,Normal
test,01_028,0,0.09975577,01,0.09975577,False,0,0.0,0.6,0.169877885,Normal
test,01_028,0,0.1327734,01,0.1327734,False,0,0.0,0.6,0.18638670000000002,Normal
train,01_029,0,0.03146569,01,0.03146569,False,0,0.0,0.6,0.135732845,Normal
train,01_029,0,0.035131823,01,0.035131823,False,0,0.0,0.6,0.1375659115,Normal
train,01_029,0,0.11164169,01,0.11164169,False,0,0.0,0.6,0.175820845,Normal
train,01_029,0,0.27015632,01,0.27015632,False,0,0.0,0.6,0.25507816,Normal
train,01_029,0,0.19691202,01,0.19691202,False,0,0.0,0.6,0.21845600999999998,Normal
train,01_029,0,0.11489007,01,0.11489007,False,0,0.0,0.6,0.177445035,Normal
train,01_029,0,0.19034062,01,0.19034062,False,0,0.0,0.6,0.21517030999999998,Normal
train,01_029,0,0.4557691,01,0.4557691,False,0,0.0,0.6,0.34788454999999996,Normal
train,01_029,0,0.40338963,01,0.40338963,False,0,0.0,0.6,0.32169481499999997,Normal
train,01_029,0,0.07531926,01,0.07531926,False,0,0.0,0.6,0.15765963,Normal
train,01_029,0,0.05435767,01,0.05435767,False,0,0.0,0.6,0.147178835,Normal
train,01_029,0,0.04175207,01,0.04175207,False,0,0.0,0.6,0.140876035,Normal
train,01_029,0,0.044623874,01,0.044623874,False,0,0.0,0.6,0.142311937,Normal
train,01_029,0,0.06712192,01,0.06712192,False,0,0.0,0.6,0.15356096,Normal
train,01_029,0,0.07301299,01,0.07301299,False,0,0.0,0.6,0.156506495,Normal
train,01_029,0,0.09866256,01,0.09866256,False,0,0.0,0.6,0.16933128,Normal
train,01_029,0,0.06925925,01,0.06925925,False,0,0.0,0.6,0.154629625,Normal
train,01_029,0,0.07808184,01,0.07808184,False,0,0.0,0.6,0.15904092,Normal
train,01_029,0,0.07476618,01,0.07476618,False,0,0.0,0.6,0.15738309,Normal
train,01_029,0,0.13694422,01,0.13694422,False,0,0.0,0.6,0.18847211,Normal
train,01_029,0,0.1332732,01,0.1332732,False,0,0.0,0.6,0.18663659999999999,Normal
train,01_029,0,0.15762572,01,0.15762572,False,0,0.0,0.6,0.19881285999999998,Normal
train,01_029,0,0.09178874,01,0.09178874,False,0,0.0,0.6,0.16589436999999999,Normal
train,01_029,0,0.04149106,01,0.04149106,False,0,0.0,0.6,0.14074553,Normal
train,01_029,0,0.04122483,01,0.04122483,False,0,0.0,0.6,0.140612415,Normal
train,01_029,0,0.03984031,01,0.03984031,False,0,0.0,0.6,0.139920155,Normal
train,01_029,0,0.059803244,01,0.059803244,False,0,0.0,0.6,0.14990162199999998,Normal
train,01_029,0,0.041844103,01,0.041844103,False,0,0.0,0.6,0.1409220515,Normal
train,01_029,0,0.047066346,01,0.047066346,False,0,0.0,0.6,0.143533173,Normal
train,01_030,0,0.06424693,01,0.06424693,False,0,0.0,0.6,0.15212346499999999,Normal
train,01_030,0,0.04356371,01,0.04356371,False,0,0.0,0.6,0.14178185499999998,Normal
train,01_030,0,0.029764034,01,0.029764034,False,0,0.0,0.6,0.134882017,Normal
train,01_030,0,0.03195138,01,0.03195138,False,0,0.0,0.6,0.13597568999999998,Normal
train,01_030,0,0.034928143,01,0.034928143,False,0,0.0,0.6,0.1374640715,Normal
train,01_030,0,0.025466071,01,0.025466071,False,0,0.0,0.6,0.13273303549999999,Normal
train,01_030,0,0.051910527,01,0.051910527,False,0,0.0,0.6,0.1459552635,Normal
train,01_030,0,0.04515252,01,0.04515252,False,0,0.0,0.6,0.14257626,Normal
train,01_030,0,0.03226993,01,0.03226993,False,0,0.0,0.6,0.136134965,Normal
train,01_030,0,0.07072367,01,0.07072367,False,0,0.0,0.6,0.155361835,Normal
train,01_030,0,0.052471817,01,0.052471817,False,0,0.0,0.6,0.14623590849999998,Normal
train,01_030,0,0.112898424,01,0.112898424,False,0,0.0,0.6,0.176449212,Normal
train,01_030,0,0.07956733,01,0.07956733,False,0,0.0,0.6,0.159783665,Normal
train,01_030,0,0.06960286,01,0.06960286,False,0,0.0,0.6,0.15480143,Normal
train,01_030,0,0.04584508,01,0.04584508,False,0,0.0,0.6,0.14292254,Normal
train,01_030,0,0.020497983,01,0.020497983,False,0,0.0,0.6,0.1302489915,Normal
train,01_030,0,0.02349656,01,0.02349656,False,0,0.0,0.6,0.13174828,Normal
train,01_030,0,0.04674486,01,0.04674486,False,0,0.0,0.6,0.14337243,Normal
train,01_030,0,0.03903848,01,0.03903848,False,0,0.0,0.6,0.13951924,Normal
train,01_030,0,0.026692206,01,0.026692206,False,0,0.0,0.6,0.133346103,Normal
train,01_030,0,0.085460685,01,0.085460685,False,0,0.0,0.6,0.16273034249999999,Normal
train,01_030,0,0.029323705,01,0.029323705,False,0,0.0,0.6,0.13466185249999998,Normal
train,01_030,0,0.013166373,01,0.013166373,False,0,0.0,0.6,0.1265831865,Normal
train,01_030,0,0.012373518,01,0.012373518,False,0,0.0,0.6,0.12618675899999998,Normal
train,01_030,0,0.013001863,01,0.013001863,False,0,0.0,0.6,0.1265009315,Normal
train,01_030,0,0.01785036,01,0.01785036,False,0,0.0,0.6,0.12892518,Normal
train,01_030,0,0.011279131,01,0.011279131,False,0,0.0,0.6,0.1256395655,Normal
train,01_030,0,0.012584872,01,0.012584872,False,0,0.0,0.6,0.126292436,Normal
train,01_030,0,0.014807929,01,0.014807929,False,0,0.0,0.6,0.1274039645,Normal
train,01_031,0,0.046967424,01,0.046967424,False,0,0.0,0.6,0.14348371199999999,Normal
train,01_031,0,0.056318928,01,0.056318928,False,0,0.0,0.6,0.148159464,Normal
train,01_031,0,0.097068,01,0.097068,False,0,0.0,0.6,0.168534,Normal
train,01_031,0,0.043083012,01,0.043083012,False,0,0.0,0.6,0.14154150599999998,Normal
train,01_031,0,0.07610562,01,0.07610562,False,0,0.0,0.6,0.15805281,Normal
train,01_031,0,0.086994804,01,0.086994804,False,0,0.0,0.6,0.163497402,Normal
train,01_031,0,0.17797095,01,0.17797095,False,0,0.0,0.6,0.20898547499999998,Normal
train,01_031,0,0.34484527,01,0.34484527,False,0,0.0,0.6,0.292422635,Normal
train,01_031,0,0.057734028,01,0.057734028,False,0,0.0,0.6,0.148867014,Normal
train,01_031,0,0.02963584,01,0.02963584,False,0,0.0,0.6,0.13481792,Normal
train,01_031,0,0.043844268,01,0.043844268,False,0,0.0,0.6,0.141922134,Normal
train,01_031,0,0.034170482,01,0.034170482,False,0,0.0,0.6,0.137085241,Normal
train,01_031,0,0.03377055,01,0.03377055,False,0,0.0,0.6,0.136885275,Normal
train,01_032,0,0.047853693,01,0.047853693,False,0,0.0,0.6,0.14392684649999998,Normal
train,01_032,0,0.026362518,01,0.026362518,False,0,0.0,0.6,0.133181259,Normal
train,01_032,0,0.020921834,01,0.020921834,False,0,0.0,0.6,0.130460917,Normal
train,01_032,0,0.021015674,01,0.021015674,False,0,0.0,0.6,0.130507837,Normal
train,01_032,0,0.02808079,01,0.02808079,False,0,0.0,0.6,0.134040395,Normal
train,01_032,0,0.018149415,01,0.018149415,False,0,0.0,0.6,0.1290747075,Normal
train,01_032,0,0.017002085,01,0.017002085,False,0,0.0,0.6,0.1285010425,Normal
train,01_032,0,0.023997726,01,0.023997726,False,0,0.0,0.6,0.131998863,Normal
train,01_032,0,0.02958177,01,0.02958177,False,0,0.0,0.6,0.134790885,Normal
train,01_032,0,0.04028076,01,0.04028076,False,0,0.0,0.6,0.14014038,Normal
train,01_032,0,0.047346123,01,0.047346123,False,0,0.0,0.6,0.1436730615,Normal
train,01_032,0,0.02771998,01,0.02771998,False,0,0.0,0.6,0.13385998999999998,Normal
train,01_032,0,0.0194243,01,0.0194243,False,0,0.0,0.6,0.12971215,Normal
train,01_032,0,0.029089639,01,0.029089639,False,0,0.0,0.6,0.1345448195,Normal
train,01_032,0,0.016383672,01,0.016383672,False,0,0.0,0.6,0.128191836,Normal
train,01_032,0,0.050849564,01,0.050849564,False,0,0.0,0.6,0.145424782,Normal
train,01_032,0,0.073262274,01,0.073262274,False,0,0.0,0.6,0.156631137,Normal
train,01_032,0,0.034753025,01,0.034753025,False,0,0.0,0.6,0.1373765125,Normal
train,01_032,0,0.02112814,01,0.02112814,False,0,0.0,0.6,0.13056407,Normal
train,01_032,0,0.018085396,01,0.018085396,False,0,0.0,0.6,0.12904269799999998,Normal
train,01_032,0,0.015330637,01,0.015330637,False,0,0.0,0.6,0.12766531849999999,Normal
train,01_032,0,0.023085846,01,0.023085846,False,0,0.0,0.6,0.131542923,Normal
train,01_032,0,0.03104178,01,0.03104178,False,0,0.0,0.6,0.13552089,Normal
train,01_032,0,0.019163469,01,0.019163469,False,0,0.0,0.6,0.1295817345,Normal
train,01_032,0,0.02653289,01,0.02653289,False,0,0.0,0.6,0.13326644499999998,Normal
train,01_032,0,0.03459765,01,0.03459765,False,0,0.0,0.6,0.13729882499999999,Normal
train,01_032,0,0.023638485,01,0.023638485,False,0,0.0,0.6,0.1318192425,Normal
train,01_032,0,0.030571941,01,0.030571941,False,0,0.0,0.6,0.1352859705,Normal
train,01_032,0,0.024808275,01,0.024808275,False,0,0.0,0.6,0.1324041375,Normal
train,01_032,0,0.029365877,01,0.029365877,False,0,0.0,0.6,0.1346829385,Normal
train,01_032,0,0.02934834,01,0.02934834,False,0,0.0,0.6,0.13467416999999998,Normal
train,01_032,0,0.029788412,01,0.029788412,False,0,0.0,0.6,0.134894206,Normal
train,01_032,0,0.04502365,01,0.04502365,False,0,0.0,0.6,0.14251182499999998,Normal
train,01_032,0,0.026258793,01,0.026258793,False,0,0.0,0.6,0.1331293965,Normal
train,01_032,0,0.0467043,01,0.0467043,False,0,0.0,0.6,0.14335214999999998,Normal
train,01_032,0,0.047617316,01,0.047617316,False,0,0.0,0.6,0.143808658,Normal
val,01_033,0,0.03891056,01,0.03891056,False,0,0.0,0.6,0.13945528,Normal
val,01_033,0,0.026964812,01,0.026964812,False,0,0.0,0.6,0.133482406,Normal
val,01_033,0,0.04027865,01,0.04027865,False,0,0.0,0.6,0.14013932499999998,Normal
val,01_033,0,0.054376733,01,0.054376733,False,0,0.0,0.6,0.1471883665,Normal
val,01_033,0,0.048889175,01,0.048889175,False,0,0.0,0.6,0.1444445875,Normal
val,01_033,0,0.10403181,01,0.10403181,False,0,0.0,0.6,0.172015905,Normal
val,01_033,0,0.15228578,01,0.15228578,False,0,0.0,0.6,0.19614289000000001,Normal
val,01_033,0,0.08527652,01,0.08527652,False,0,0.0,0.6,0.16263825999999998,Normal
val,01_033,0,0.27976647,01,0.27976647,False,0,0.0,0.6,0.259883235,Normal
val,01_033,0,0.22175662,01,0.22175662,False,0,0.0,0.6,0.23087830999999998,Normal
val,01_033,0,0.15430802,01,0.15430802,False,0,0.0,0.6,0.19715401,Normal
val,01_033,0,0.213538,01,0.213538,False,0,0.0,0.6,0.226769,Normal
val,01_033,0,0.039083485,01,0.039083485,False,0,0.0,0.6,0.1395417425,Normal
val,01_033,0,0.084835865,01,0.084835865,False,0,0.0,0.6,0.1624179325,Normal
val,01_033,0,0.08951824,01,0.08951824,False,0,0.0,0.6,0.16475911999999998,Normal
val,01_033,0,0.21412191,01,0.21412191,False,0,0.0,0.6,0.227060955,Normal
val,01_033,0,0.15204304,01,0.15204304,False,0,0.0,0.6,0.19602152,Normal
val,01_033,0,0.063801445,01,0.063801445,False,0,0.0,0.6,0.1519007225,Normal
val,01_033,0,0.052292902,01,0.052292902,False,0,0.0,0.6,0.146146451,Normal
val,01_033,0,0.058915053,01,0.058915053,False,0,0.0,0.6,0.1494575265,Normal
val,01_033,0,0.36089328,01,0.36089328,False,0,0.0,0.6,0.30044664,Normal
val,01_033,0,0.8897878,01,0.8897878,True,1,0.2,0.6,0.6248939,Low
val,01_033,0,0.67335767,01,0.67335767,True,2,0.4,0.6,0.5766788350000001,Low
val,01_033,0,0.34496996,01,0.34496996,False,0,0.0,0.6,0.29248498,Normal
val,01_033,0,0.93513376,01,0.93513376,True,1,0.2,0.6,0.64756688,Low
val,01_033,0,0.95938784,01,0.95938784,True,2,0.4,0.6,0.71969392,Medium
train,01_034,0,0.032461602,01,0.032461602,False,0,0.0,0.6,0.13623080099999998,Normal
train,01_034,0,0.032176856,01,0.032176856,False,0,0.0,0.6,0.13608842799999998,Normal
train,01_034,0,0.021950943,01,0.021950943,False,0,0.0,0.6,0.1309754715,Normal
train,01_034,0,0.02770839,01,0.02770839,False,0,0.0,0.6,0.133854195,Normal
train,01_034,0,0.08252928,01,0.08252928,False,0,0.0,0.6,0.16126464,Normal
train,01_034,0,0.07775569,01,0.07775569,False,0,0.0,0.6,0.158877845,Normal
train,01_034,0,0.05668263,01,0.05668263,False,0,0.0,0.6,0.148341315,Normal
train,01_034,0,0.14804319,01,0.14804319,False,0,0.0,0.6,0.194021595,Normal
train,01_034,0,0.10445024,01,0.10445024,False,0,0.0,0.6,0.17222512,Normal
train,01_034,0,0.11092604,01,0.11092604,False,0,0.0,0.6,0.17546302,Normal
train,01_034,0,0.040338866,01,0.040338866,False,0,0.0,0.6,0.140169433,Normal
train,01_034,0,0.027774181,01,0.027774181,False,0,0.0,0.6,0.1338870905,Normal
train,01_034,0,0.03875626,01,0.03875626,False,0,0.0,0.6,0.13937813,Normal
train,01_034,0,0.09041154,01,0.09041154,False,0,0.0,0.6,0.16520577,Normal
train,01_034,0,0.04074695,01,0.04074695,False,0,0.0,0.6,0.140373475,Normal
train,01_034,0,0.021159811,01,0.021159811,False,0,0.0,0.6,0.13057990549999998,Normal
train,01_034,0,0.022270067,01,0.022270067,False,0,0.0,0.6,0.1311350335,Normal
train,01_034,0,0.02352453,01,0.02352453,False,0,0.0,0.6,0.131762265,Normal
train,01_034,0,0.02877046,01,0.02877046,False,0,0.0,0.6,0.13438523,Normal
train,01_034,0,0.036214564,01,0.036214564,False,0,0.0,0.6,0.138107282,Normal
train,01_034,0,0.032408275,01,0.032408275,False,0,0.0,0.6,0.1362041375,Normal
train,01_034,0,0.06597631,01,0.06597631,False,0,0.0,0.6,0.152988155,Normal
train,01_034,0,0.03963542,01,0.03963542,False,0,0.0,0.6,0.13981770999999998,Normal
train,01_034,0,0.031981025,01,0.031981025,False,0,0.0,0.6,0.1359905125,Normal
train,01_034,0,0.03763543,01,0.03763543,False,0,0.0,0.6,0.138817715,Normal
train,01_034,0,0.03949367,01,0.03949367,False,0,0.0,0.6,0.13974683499999999,Normal
test,01_035,0,0.034500137,01,0.034500137,False,0,0.0,0.6,0.1372500685,Normal
test,01_035,0,0.046352442,01,0.046352442,False,0,0.0,0.6,0.143176221,Normal
test,01_035,0,0.08450109,01,0.08450109,False,0,0.0,0.6,0.162250545,Normal
test,01_035,0,0.18791829,01,0.18791829,False,0,0.0,0.6,0.213959145,Normal
test,01_035,0,0.047361027,01,0.047361027,False,0,0.0,0.6,0.1436805135,Normal
test,01_035,0,0.028377434,01,0.028377434,False,0,0.0,0.6,0.13418871699999999,Normal
test,01_035,0,0.05011092,01,0.05011092,False,0,0.0,0.6,0.14505546,Normal
test,01_035,0,0.036486305,01,0.036486305,False,0,0.0,0.6,0.1382431525,Normal
test,01_035,0,0.12601887,01,0.12601887,False,0,0.0,0.6,0.183009435,Normal
test,01_035,0,0.07781019,01,0.07781019,False,0,0.0,0.6,0.158905095,Normal
test,01_035,0,0.047499213,01,0.047499213,False,0,0.0,0.6,0.1437496065,Normal
test,01_035,0,0.06328245,01,0.06328245,False,0,0.0,0.6,0.151641225,Normal
test,01_035,0,0.30031982,01,0.30031982,False,0,0.0,0.6,0.27015991,Normal
test,01_035,0,0.6022549,01,0.6022549,True,1,0.2,0.6,0.48112745,Low
test,01_035,0,0.45181736,01,0.45181736,False,0,0.0,0.6,0.34590867999999997,Normal
test,01_035,0,0.17857394,01,0.17857394,False,0,0.0,0.6,0.20928697,Normal
test,01_035,0,0.07811652,01,0.07811652,False,0,0.0,0.6,0.15905826,Normal
test,01_035,0,0.054305553,01,0.054305553,False,0,0.0,0.6,0.1471527765,Normal
test,01_035,0,0.05130278,01,0.05130278,False,0,0.0,0.6,0.14565139,Normal
test,01_035,0,0.03876815,01,0.03876815,False,0,0.0,0.6,0.139384075,Normal
test,01_035,0,0.02683347,01,0.02683347,False,0,0.0,0.6,0.133416735,Normal
test,01_035,0,0.02224047,01,0.02224047,False,0,0.0,0.6,0.131120235,Normal
test,01_035,0,0.027280664,01,0.027280664,False,0,0.0,0.6,0.133640332,Normal
test,01_035,0,0.04886175,01,0.04886175,False,0,0.0,0.6,0.144430875,Normal
train,01_036,0,0.09907356,01,0.09907356,False,0,0.0,0.6,0.16953678,Normal
train,01_036,0,0.062288187,01,0.062288187,False,0,0.0,0.6,0.1511440935,Normal
train,01_036,0,0.020509433,01,0.020509433,False,0,0.0,0.6,0.1302547165,Normal
train,01_036,0,0.0321693,01,0.0321693,False,0,0.0,0.6,0.13608465,Normal
train,01_036,0,0.02494103,01,0.02494103,False,0,0.0,0.6,0.13247051499999998,Normal
train,01_036,0,0.02415692,01,0.02415692,False,0,0.0,0.6,0.13207846,Normal
train,01_036,0,0.08443854,01,0.08443854,False,0,0.0,0.6,0.16221927,Normal
train,01_036,0,0.11740083,01,0.11740083,False,0,0.0,0.6,0.178700415,Normal
train,01_036,0,0.14240709,01,0.14240709,False,0,0.0,0.6,0.19120354499999997,Normal
train,01_036,0,0.25966984,01,0.25966984,False,0,0.0,0.6,0.24983492,Normal
train,01_036,0,0.18603036,01,0.18603036,False,0,0.0,0.6,0.21301518,Normal
train,01_036,0,0.05764602,01,0.05764602,False,0,0.0,0.6,0.14882301,Normal
train,01_036,0,0.026017103,01,0.026017103,False,0,0.0,0.6,0.1330085515,Normal
train,01_037,0,0.015730266,01,0.015730266,False,0,0.0,0.6,0.127865133,Normal
train,01_037,0,0.020400966,01,0.020400966,False,0,0.0,0.6,0.130200483,Normal
train,01_037,0,0.017225575,01,0.017225575,False,0,0.0,0.6,0.1286127875,Normal
train,01_037,0,0.044976663,01,0.044976663,False,0,0.0,0.6,0.1424883315,Normal
train,01_037,0,0.039441723,01,0.039441723,False,0,0.0,0.6,0.1397208615,Normal
train,01_037,0,0.014745424,01,0.014745424,False,0,0.0,0.6,0.127372712,Normal
train,01_037,0,0.014131146,01,0.014131146,False,0,0.0,0.6,0.127065573,Normal
train,01_037,0,0.018790064,01,0.018790064,False,0,0.0,0.6,0.129395032,Normal
train,01_037,0,0.028466992,01,0.028466992,False,0,0.0,0.6,0.134233496,Normal
train,01_037,0,0.032951713,01,0.032951713,False,0,0.0,0.6,0.1364758565,Normal
train,01_037,0,0.044956442,01,0.044956442,False,0,0.0,0.6,0.142478221,Normal
train,01_037,0,0.04830147,01,0.04830147,False,0,0.0,0.6,0.144150735,Normal
train,01_037,0,0.039824866,01,0.039824866,False,0,0.0,0.6,0.139912433,Normal
train,01_037,0,0.03039367,01,0.03039367,False,0,0.0,0.6,0.135196835,Normal
train,01_037,0,0.028601859,01,0.028601859,False,0,0.0,0.6,0.1343009295,Normal
train,01_037,0,0.012395238,01,0.012395238,False,0,0.0,0.6,0.12619761899999998,Normal
train,01_037,0,0.03338311,01,0.03338311,False,0,0.0,0.6,0.136691555,Normal
train,01_037,0,0.11149781,01,0.11149781,False,0,0.0,0.6,0.175748905,Normal
train,01_037,0,0.15897806,01,0.15897806,False,0,0.0,0.6,0.19948903,Normal
train,01_037,0,0.080877334,01,0.080877334,False,0,0.0,0.6,0.16043866699999998,Normal
train,01_037,0,0.05351269,01,0.05351269,False,0,0.0,0.6,0.146756345,Normal
train,01_037,0,0.032303255,01,0.032303255,False,0,0.0,0.6,0.13615162749999998,Normal
train,01_037,0,0.035073917,01,0.035073917,False,0,0.0,0.6,0.1375369585,Normal
train,01_037,0,0.024420608,01,0.024420608,False,0,0.0,0.6,0.132210304,Normal
train,01_037,0,0.015791424,01,0.015791424,False,0,0.0,0.6,0.127895712,Normal
train,01_038,0,0.016893756,01,0.016893756,False,0,0.0,0.6,0.128446878,Normal
train,01_038,0,0.025581421,01,0.025581421,False,0,0.0,0.6,0.1327907105,Normal
train,01_038,0,0.031230945,01,0.031230945,False,0,0.0,0.6,0.1356154725,Normal
train,01_038,0,0.045769848,01,0.045769848,False,0,0.0,0.6,0.142884924,Normal
train,01_038,0,0.014256132,01,0.014256132,False,0,0.0,0.6,0.12712806599999998,Normal
train,01_038,0,0.014660521,01,0.014660521,False,0,0.0,0.6,0.1273302605,Normal
train,01_038,0,0.025471304,01,0.025471304,False,0,0.0,0.6,0.13273565199999998,Normal
train,01_038,0,0.024368988,01,0.024368988,False,0,0.0,0.6,0.13218449399999999,Normal
train,01_038,0,0.023214305,01,0.023214305,False,0,0.0,0.6,0.1316071525,Normal
train,01_038,0,0.021274224,01,0.021274224,False,0,0.0,0.6,0.130637112,Normal
train,01_038,0,0.028496973,01,0.028496973,False,0,0.0,0.6,0.13424848649999999,Normal
train,01_038,0,0.052334033,01,0.052334033,False,0,0.0,0.6,0.1461670165,Normal
train,01_038,0,0.019689947,01,0.019689947,False,0,0.0,0.6,0.1298449735,Normal
train,01_038,0,0.006805481,01,0.006805481,False,0,0.0,0.6,0.1234027405,Normal
train,01_039,0,0.0059673334,01,0.0059673334,False,0,0.0,0.6,0.1229836667,Normal
train,01_039,0,0.006020756,01,0.006020756,False,0,0.0,0.6,0.12301037799999999,Normal
train,01_039,0,0.0073994193,01,0.0073994193,False,0,0.0,0.6,0.12369970964999999,Normal
train,01_039,0,0.005539615,01,0.005539615,False,0,0.0,0.6,0.1227698075,Normal
train,01_039,0,0.004111118,01,0.004111118,False,0,0.0,0.6,0.122055559,Normal
train,01_039,0,0.0053078025,01,0.0053078025,False,0,0.0,0.6,0.12265390125,Normal
train,01_039,0,0.007971315,01,0.007971315,False,0,0.0,0.6,0.1239856575,Normal
train,01_039,0,0.012567352,01,0.012567352,False,0,0.0,0.6,0.12628367599999998,Normal
train,01_039,0,0.019676184,01,0.019676184,False,0,0.0,0.6,0.129838092,Normal
train,01_039,0,0.03542215,01,0.03542215,False,0,0.0,0.6,0.137711075,Normal
train,01_039,0,0.046500105,01,0.046500105,False,0,0.0,0.6,0.1432500525,Normal
train,01_039,0,0.04363923,01,0.04363923,False,0,0.0,0.6,0.141819615,Normal
train,01_039,0,0.06293424,01,0.06293424,False,0,0.0,0.6,0.15146712,Normal
train,01_039,0,0.03372159,01,0.03372159,False,0,0.0,0.6,0.136860795,Normal
train,01_039,0,0.046852667,01,0.046852667,False,0,0.0,0.6,0.1434263335,Normal
train,01_039,0,0.020624045,01,0.020624045,False,0,0.0,0.6,0.13031202249999999,Normal
train,01_039,0,0.015537316,01,0.015537316,False,0,0.0,0.6,0.127768658,Normal
train,01_039,0,0.017759517,01,0.017759517,False,0,0.0,0.6,0.1288797585,Normal
train,01_039,0,0.018995117,01,0.018995117,False,0,0.0,0.6,0.1294975585,Normal
train,01_039,0,0.021092897,01,0.021092897,False,0,0.0,0.6,0.1305464485,Normal
train,01_039,0,0.032590505,01,0.032590505,False,0,0.0,0.6,0.1362952525,Normal
train,01_039,0,0.029703751,01,0.029703751,False,0,0.0,0.6,0.1348518755,Normal
train,01_039,0,0.013344037,01,0.013344037,False,0,0.0,0.6,0.12667201849999998,Normal
train,01_039,0,0.006492642,01,0.006492642,False,0,0.0,0.6,0.12324632099999999,Normal
train,01_039,0,0.005850521,01,0.005850521,False,0,0.0,0.6,0.1229252605,Normal
train,01_039,0,0.006453002,01,0.006453002,False,0,0.0,0.6,0.123226501,Normal
train,01_039,0,0.013435035,01,0.013435035,False,0,0.0,0.6,0.1267175175,Normal
train,01_039,0,0.03833767,01,0.03833767,False,0,0.0,0.6,0.139168835,Normal
train,01_039,0,0.04402954,01,0.04402954,False,0,0.0,0.6,0.14201476999999998,Normal
train,01_040,0,0.08516831,01,0.08516831,False,0,0.0,0.6,0.162584155,Normal
train,01_040,0,0.12628132,01,0.12628132,False,0,0.0,0.6,0.18314066,Normal
train,01_040,0,0.22263674,01,0.22263674,False,0,0.0,0.6,0.23131837,Normal
train,01_040,0,0.20002209,01,0.20002209,False,0,0.0,0.6,0.22001104500000002,Normal
train,01_040,0,0.12551469,01,0.12551469,False,0,0.0,0.6,0.18275734500000002,Normal
train,01_040,0,0.10256969,01,0.10256969,False,0,0.0,0.6,0.171284845,Normal
train,01_040,0,0.16094609,01,0.16094609,False,0,0.0,0.6,0.20047304500000002,Normal
train,01_040,0,0.3302733,01,0.3302733,False,0,0.0,0.6,0.28513665,Normal
train,01_040,0,0.15440905,01,0.15440905,False,0,0.0,0.6,0.197204525,Normal
train,01_040,0,0.04637439,01,0.04637439,False,0,0.0,0.6,0.143187195,Normal
train,01_040,0,0.05921365,01,0.05921365,False,0,0.0,0.6,0.149606825,Normal
train,01_040,0,0.09879511,01,0.09879511,False,0,0.0,0.6,0.169397555,Normal
train,01_040,0,0.54491884,01,0.54491884,True,1,0.2,0.6,0.45245942,Low
train,01_040,0,0.56968457,01,0.56968457,True,2,0.4,0.6,0.524842285,Low
train,01_040,0,0.2266534,01,0.2266534,False,0,0.0,0.6,0.2333267,Normal
train,01_040,0,0.04973431,01,0.04973431,False,0,0.0,0.6,0.144867155,Normal
train,01_040,0,0.022520548,01,0.022520548,False,0,0.0,0.6,0.131260274,Normal
train,01_040,0,0.043347422,01,0.043347422,False,0,0.0,0.6,0.14167371099999998,Normal
train,01_040,0,0.05914635,01,0.05914635,False,0,0.0,0.6,0.149573175,Normal
train,01_040,0,0.2015907,01,0.2015907,False,0,0.0,0.6,0.22079535,Normal
train,01_040,0,0.20583257,01,0.20583257,False,0,0.0,0.6,0.222916285,Normal
train,01_040,0,0.033241272,01,0.033241272,False,0,0.0,0.6,0.136620636,Normal
train,01_040,0,0.035773344,01,0.035773344,False,0,0.0,0.6,0.137886672,Normal
train,01_040,0,0.028342122,01,0.028342122,False,0,0.0,0.6,0.134171061,Normal
train,01_040,0,0.045811765,01,0.045811765,False,0,0.0,0.6,0.1429058825,Normal
train,01_040,0,0.04389255,01,0.04389255,False,0,0.0,0.6,0.141946275,Normal
train,01_040,0,0.1588907,01,0.1588907,False,0,0.0,0.6,0.19944535,Normal
train,01_040,0,0.1025895,01,0.1025895,False,0,0.0,0.6,0.17129475,Normal
train,01_040,0,0.013966712,01,0.013966712,False,0,0.0,0.6,0.126983356,Normal
train,01_040,0,0.017802805,01,0.017802805,False,0,0.0,0.6,0.12890140249999998,Normal
train,01_040,0,0.013045614,01,0.013045614,False,0,0.0,0.6,0.126522807,Normal
train,01_040,0,0.033407584,01,0.033407584,False,0,0.0,0.6,0.136703792,Normal
train,01_040,0,0.15631984,01,0.15631984,False,0,0.0,0.6,0.19815992,Normal
train,01_040,0,0.094064906,01,0.094064906,False,0,0.0,0.6,0.167032453,Normal
train,01_040,0,0.021600302,01,0.021600302,False,0,0.0,0.6,0.130800151,Normal
test,01_041,0,0.0958368,01,0.0958368,False,0,0.0,0.6,0.1679184,Normal
test,01_041,0,0.14587456,01,0.14587456,False,0,0.0,0.6,0.19293728,Normal
test,01_041,0,0.11242821,01,0.11242821,False,0,0.0,0.6,0.176214105,Normal
test,01_041,0,0.26827043,01,0.26827043,False,0,0.0,0.6,0.254135215,Normal
test,01_041,0,0.26251385,01,0.26251385,False,0,0.0,0.6,0.25125692499999996,Normal
test,01_041,0,0.10247914,01,0.10247914,False,0,0.0,0.6,0.17123957,Normal
test,01_041,0,0.06603376,01,0.06603376,False,0,0.0,0.6,0.15301688,Normal
test,01_041,0,0.16603811,01,0.16603811,False,0,0.0,0.6,0.203019055,Normal
test,01_041,0,0.25525844,01,0.25525844,False,0,0.0,0.6,0.24762921999999998,Normal
test,01_041,0,0.13385397,01,0.13385397,False,0,0.0,0.6,0.186926985,Normal
test,01_041,0,0.066451125,01,0.066451125,False,0,0.0,0.6,0.1532255625,Normal
test,01_041,0,0.05326249,01,0.05326249,False,0,0.0,0.6,0.146631245,Normal
test,01_041,0,0.022808762,01,0.022808762,False,0,0.0,0.6,0.131404381,Normal
test,01_041,0,0.039072454,01,0.039072454,False,0,0.0,0.6,0.13953622699999998,Normal
test,01_041,0,0.079388514,01,0.079388514,False,0,0.0,0.6,0.159694257,Normal
test,01_041,0,0.047327694,01,0.047327694,False,0,0.0,0.6,0.14366384699999998,Normal
test,01_041,0,0.08559915,01,0.08559915,False,0,0.0,0.6,0.162799575,Normal
test,01_041,0,0.2286295,01,0.2286295,False,0,0.0,0.6,0.23431475000000002,Normal
test,01_041,0,0.41219068,01,0.41219068,False,0,0.0,0.6,0.32609533999999996,Normal
test,01_041,0,0.21458724,01,0.21458724,False,0,0.0,0.6,0.22729362,Normal
test,01_041,0,0.055443525,01,0.055443525,False,0,0.0,0.6,0.1477217625,Normal
test,01_041,0,0.07324537,01,0.07324537,False,0,0.0,0.6,0.15662268499999998,Normal
test,01_041,0,0.23772034,01,0.23772034,False,0,0.0,0.6,0.23886016999999998,Normal
test,01_041,0,0.38478023,01,0.38478023,False,0,0.0,0.6,0.312390115,Normal
test,01_041,0,0.40144497,01,0.40144497,False,0,0.0,0.6,0.320722485,Normal
test,01_041,0,0.42160302,01,0.42160302,False,0,0.0,0.6,0.33080151,Normal
train,01_042,0,0.059722017,01,0.059722017,False,0,0.0,0.6,0.1498610085,Normal
train,01_042,0,0.09793925,01,0.09793925,False,0,0.0,0.6,0.168969625,Normal
train,01_042,0,0.6985219,01,0.6985219,True,1,0.2,0.6,0.5292609500000001,Low
train,01_042,0,0.8041061,01,0.8041061,True,2,0.4,0.6,0.64205305,Low
train,01_042,0,0.8068725,01,0.8068725,True,3,0.6,0.6,0.70343625,Medium
train,01_042,0,0.7877002,01,0.7877002,True,4,0.8,0.6,0.7538501,Medium
train,01_042,0,0.17977826,01,0.17977826,False,0,0.0,0.6,0.20988912999999998,Normal
train,01_042,0,0.15629123,01,0.15629123,False,0,0.0,0.6,0.198145615,Normal
train,01_042,0,0.26871982,01,0.26871982,False,0,0.0,0.6,0.25435991,Normal
train,01_042,0,0.6021487,01,0.6021487,True,1,0.2,0.6,0.48107435,Low
train,01_042,0,0.1524918,01,0.1524918,False,0,0.0,0.6,0.1962459,Normal
train,01_042,0,0.20242807,01,0.20242807,False,0,0.0,0.6,0.22121403499999998,Normal
train,01_042,0,0.4138098,01,0.4138098,False,0,0.0,0.6,0.3269049,Normal
train,01_042,0,0.50093895,01,0.50093895,True,1,0.2,0.6,0.430469475,Low
train,01_042,0,0.31375661,01,0.31375661,False,0,0.0,0.6,0.276878305,Normal
train,01_042,0,0.7336369,01,0.7336369,True,1,0.2,0.6,0.54681845,Low
train,01_042,0,0.5904177,01,0.5904177,True,2,0.4,0.6,0.5352088500000001,Low
train,01_042,0,0.5936336,01,0.5936336,True,3,0.6,0.6,0.5968168,Low
train,01_042,0,0.66915995,01,0.66915995,True,4,0.8,0.6,0.694579975,Medium
train,01_042,0,0.54357123,01,0.54357123,True,5,1.0,0.6,0.691785615,Medium
train,01_042,0,0.2435279,01,0.2435279,False,0,0.0,0.6,0.24176395,Normal
train,01_042,0,0.18809423,01,0.18809423,False,0,0.0,0.6,0.214047115,Normal
train,01_042,0,0.09078692,01,0.09078692,False,0,0.0,0.6,0.16539346,Normal
train,01_042,0,0.10467225,01,0.10467225,False,0,0.0,0.6,0.172336125,Normal
train,01_042,0,0.106304325,01,0.106304325,False,0,0.0,0.6,0.17315216249999998,Normal
train,01_042,0,0.15450522,01,0.15450522,False,0,0.0,0.6,0.19725261,Normal
train,01_043,0,0.118947975,01,0.118947975,False,0,0.0,0.6,0.1794739875,Normal
train,01_043,0,0.15446228,01,0.15446228,False,0,0.0,0.6,0.19723114,Normal
train,01_043,0,0.15835364,01,0.15835364,False,0,0.0,0.6,0.19917681999999998,Normal
train,01_043,0,0.20019934,01,0.20019934,False,0,0.0,0.6,0.22009967,Normal
train,01_043,0,0.29071143,01,0.29071143,False,0,0.0,0.6,0.265355715,Normal
train,01_043,0,0.38736475,01,0.38736475,False,0,0.0,0.6,0.31368237499999996,Normal
train,01_043,0,0.6064855,01,0.6064855,True,1,0.2,0.6,0.48324275,Low
train,01_043,0,0.5898532,01,0.5898532,True,2,0.4,0.6,0.5349265999999999,Low
train,01_043,0,0.58575034,01,0.58575034,True,3,0.6,0.6,0.59287517,Low
train,01_043,0,0.7210272,01,0.7210272,True,4,0.8,0.6,0.7205136,Medium
train,01_043,0,0.67145926,01,0.67145926,True,5,1.0,0.6,0.7557296299999999,Medium
train,01_043,0,0.30507115,01,0.30507115,False,0,0.0,0.6,0.27253557500000003,Normal
train,01_043,0,0.118952006,01,0.118952006,False,0,0.0,0.6,0.179476003,Normal
train,01_043,0,0.026676135,01,0.026676135,False,0,0.0,0.6,0.1333380675,Normal
train,01_043,0,0.026750728,01,0.026750728,False,0,0.0,0.6,0.133375364,Normal
train,01_043,0,0.05760596,01,0.05760596,False,0,0.0,0.6,0.14880298,Normal
train,01_043,0,0.09142117,01,0.09142117,False,0,0.0,0.6,0.165710585,Normal
train,01_043,0,0.11752735,01,0.11752735,False,0,0.0,0.6,0.178763675,Normal
train,01_043,0,0.088539496,01,0.088539496,False,0,0.0,0.6,0.164269748,Normal
train,01_043,0,0.1186507,01,0.1186507,False,0,0.0,0.6,0.17932535,Normal
train,01_043,0,0.134658,01,0.134658,False,0,0.0,0.6,0.187329,Normal
train,01_043,0,0.29452613,01,0.29452613,False,0,0.0,0.6,0.26726306499999997,Normal
train,01_043,0,0.6655884,01,0.6655884,True,1,0.2,0.6,0.5127942,Low
train,01_043,0,0.8828592,01,0.8828592,True,2,0.4,0.6,0.6814296,Medium
train,01_043,0,0.78754604,01,0.78754604,True,3,0.6,0.6,0.69377302,Medium
train,01_043,0,0.62161905,01,0.62161905,True,4,0.8,0.6,0.670809525,Low
val,01_044,0,0.010559462,01,0.010559462,False,0,0.0,0.6,0.125279731,Normal
val,01_044,0,0.009035552,01,0.009035552,False,0,0.0,0.6,0.124517776,Normal
val,01_044,0,0.0068920585,01,0.0068920585,False,0,0.0,0.6,0.12344602924999999,Normal
val,01_044,0,0.0077509657,01,0.0077509657,False,0,0.0,0.6,0.12387548285,Normal
val,01_044,0,0.0050826548,01,0.0050826548,False,0,0.0,0.6,0.1225413274,Normal
val,01_044,0,0.0055550723,01,0.0055550723,False,0,0.0,0.6,0.12277753614999999,Normal
val,01_044,0,0.006396153,01,0.006396153,False,0,0.0,0.6,0.12319807649999999,Normal
val,01_044,0,0.009673619,01,0.009673619,False,0,0.0,0.6,0.12483680949999999,Normal
val,01_044,0,0.0065004164,01,0.0065004164,False,0,0.0,0.6,0.12325020819999999,Normal
val,01_044,0,0.006979909,01,0.006979909,False,0,0.0,0.6,0.1234899545,Normal
val,01_044,0,0.01146822,01,0.01146822,False,0,0.0,0.6,0.12573410999999998,Normal
val,01_044,0,0.008599752,01,0.008599752,False,0,0.0,0.6,0.12429987599999999,Normal
val,01_044,0,0.0066768867,01,0.0066768867,False,0,0.0,0.6,0.12333844335,Normal
train,01_045,0,0.03290931,01,0.03290931,False,0,0.0,0.6,0.13645465499999998,Normal
train,01_045,0,0.03704686,01,0.03704686,False,0,0.0,0.6,0.13852343,Normal
train,01_045,0,0.03749192,01,0.03749192,False,0,0.0,0.6,0.13874596,Normal
train,01_045,0,0.05625219,01,0.05625219,False,0,0.0,0.6,0.14812609499999999,Normal
train,01_045,0,0.039020356,01,0.039020356,False,0,0.0,0.6,0.13951017799999998,Normal
train,01_045,0,0.081123516,01,0.081123516,False,0,0.0,0.6,0.160561758,Normal
train,01_045,0,0.12981577,01,0.12981577,False,0,0.0,0.6,0.184907885,Normal
train,01_045,0,0.0805727,01,0.0805727,False,0,0.0,0.6,0.16028635,Normal
train,01_045,0,0.04545352,01,0.04545352,False,0,0.0,0.6,0.14272676,Normal
train,01_045,0,0.044476297,01,0.044476297,False,0,0.0,0.6,0.1422381485,Normal
train,01_045,0,0.058460694,01,0.058460694,False,0,0.0,0.6,0.14923034699999999,Normal
train,01_045,0,0.1547745,01,0.1547745,False,0,0.0,0.6,0.19738725000000001,Normal
train,01_045,0,0.1328511,01,0.1328511,False,0,0.0,0.6,0.18642555,Normal
train,01_045,0,0.26892906,01,0.26892906,False,0,0.0,0.6,0.25446453,Normal
train,01_045,0,0.4524884,01,0.4524884,False,0,0.0,0.6,0.3462442,Normal
train,01_045,0,0.2777924,01,0.2777924,False,0,0.0,0.6,0.2588962,Normal
train,01_045,0,0.2998182,01,0.2998182,False,0,0.0,0.6,0.2699091,Normal
train,01_046,0,0.035141435,01,0.035141435,False,0,0.0,0.6,0.1375707175,Normal
train,01_046,0,0.04830498,01,0.04830498,False,0,0.0,0.6,0.14415249,Normal
train,01_046,0,0.03675775,01,0.03675775,False,0,0.0,0.6,0.13837887499999998,Normal
train,01_046,0,0.02355737,01,0.02355737,False,0,0.0,0.6,0.131778685,Normal
train,01_046,0,0.026800573,01,0.026800573,False,0,0.0,0.6,0.1334002865,Normal
train,01_046,0,0.024256809,01,0.024256809,False,0,0.0,0.6,0.1321284045,Normal
train,01_046,0,0.026325904,01,0.026325904,False,0,0.0,0.6,0.133162952,Normal
train,01_046,0,0.04006929,01,0.04006929,False,0,0.0,0.6,0.14003464499999999,Normal
train,01_046,0,0.042401914,01,0.042401914,False,0,0.0,0.6,0.141200957,Normal
train,01_046,0,0.060569588,01,0.060569588,False,0,0.0,0.6,0.150284794,Normal
train,01_046,0,0.042729583,01,0.042729583,False,0,0.0,0.6,0.1413647915,Normal
train,01_046,0,0.025298052,01,0.025298052,False,0,0.0,0.6,0.132649026,Normal
train,01_046,0,0.030890495,01,0.030890495,False,0,0.0,0.6,0.1354452475,Normal
train,01_046,0,0.024844304,01,0.024844304,False,0,0.0,0.6,0.132422152,Normal
train,01_046,0,0.032076754,01,0.032076754,False,0,0.0,0.6,0.136038377,Normal
train,01_046,0,0.029994551,01,0.029994551,False,0,0.0,0.6,0.13499727549999999,Normal
train,01_046,0,0.028380623,01,0.028380623,False,0,0.0,0.6,0.1341903115,Normal
train,01_046,0,0.026674,01,0.026674,False,0,0.0,0.6,0.13333699999999998,Normal
train,01_046,0,0.02943585,01,0.02943585,False,0,0.0,0.6,0.134717925,Normal
train,01_046,0,0.026385078,01,0.026385078,False,0,0.0,0.6,0.133192539,Normal
train,01_046,0,0.024648463,01,0.024648463,False,0,0.0,0.6,0.1323242315,Normal
train,01_046,0,0.022062872,01,0.022062872,False,0,0.0,0.6,0.131031436,Normal
train,01_046,0,0.048777644,01,0.048777644,False,0,0.0,0.6,0.144388822,Normal
train,01_046,0,0.03392025,01,0.03392025,False,0,0.0,0.6,0.136960125,Normal
train,01_046,0,0.025196545,01,0.025196545,False,0,0.0,0.6,0.1325982725,Normal
train,01_046,0,0.027227104,01,0.027227104,False,0,0.0,0.6,0.133613552,Normal
train,01_046,0,0.052384503,01,0.052384503,False,0,0.0,0.6,0.14619225149999998,Normal
train,01_046,0,0.039443277,01,0.039443277,False,0,0.0,0.6,0.1397216385,Normal
train,01_046,0,0.08310197,01,0.08310197,False,0,0.0,0.6,0.16155098499999998,Normal
train,01_046,0,0.05545735,01,0.05545735,False,0,0.0,0.6,0.147728675,Normal
train,01_046,0,0.06605847,01,0.06605847,False,0,0.0,0.6,0.15302923499999999,Normal
train,01_046,0,0.050692927,01,0.050692927,False,0,0.0,0.6,0.1453464635,Normal
train,01_047,0,0.09208337,01,0.09208337,False,0,0.0,0.6,0.166041685,Normal
train,01_047,0,0.11223683,01,0.11223683,False,0,0.0,0.6,0.176118415,Normal
train,01_047,0,0.12815414,01,0.12815414,False,0,0.0,0.6,0.18407707,Normal
train,01_047,0,0.16070391,01,0.16070391,False,0,0.0,0.6,0.200351955,Normal
train,01_047,0,0.127152,01,0.127152,False,0,0.0,0.6,0.183576,Normal
train,01_047,0,0.12928954,01,0.12928954,False,0,0.0,0.6,0.18464477,Normal
train,01_047,0,0.1043793,01,0.1043793,False,0,0.0,0.6,0.17218965,Normal
train,01_047,0,0.24633428,01,0.24633428,False,0,0.0,0.6,0.24316714,Normal
train,01_047,0,0.0632245,01,0.0632245,False,0,0.0,0.6,0.15161225,Normal
train,01_047,0,0.028004691,01,0.028004691,False,0,0.0,0.6,0.1340023455,Normal
train,01_047,0,0.041860238,01,0.041860238,False,0,0.0,0.6,0.140930119,Normal
train,01_047,0,0.036520205,01,0.036520205,False,0,0.0,0.6,0.13826010249999998,Normal
train,01_047,0,0.10009003,01,0.10009003,False,0,0.0,0.6,0.170045015,Normal
train,01_047,0,0.09113952,01,0.09113952,False,0,0.0,0.6,0.16556976,Normal
train,01_047,0,0.04292984,01,0.04292984,False,0,0.0,0.6,0.14146492,Normal
train,01_047,0,0.052121323,01,0.052121323,False,0,0.0,0.6,0.1460606615,Normal
train,01_047,0,0.059869558,01,0.059869558,False,0,0.0,0.6,0.149934779,Normal
train,01_047,0,0.07171208,01,0.07171208,False,0,0.0,0.6,0.15585604,Normal
train,01_047,0,0.05280291,01,0.05280291,False,0,0.0,0.6,0.14640145499999999,Normal
train,01_047,0,0.060002893,01,0.060002893,False,0,0.0,0.6,0.1500014465,Normal
train,01_047,0,0.0911731,01,0.0911731,False,0,0.0,0.6,0.16558655,Normal
train,01_047,0,0.10924435,01,0.10924435,False,0,0.0,0.6,0.174622175,Normal
train,01_047,0,0.13372602,01,0.13372602,False,0,0.0,0.6,0.18686301,Normal
train,01_047,0,0.26086017,01,0.26086017,False,0,0.0,0.6,0.25043008499999997,Normal
train,01_047,0,0.3130711,01,0.3130711,False,0,0.0,0.6,0.27653554999999996,Normal
train,01_047,0,0.3803278,01,0.3803278,False,0,0.0,0.6,0.3101639,Normal
train,01_047,0,0.3784293,01,0.3784293,False,0,0.0,0.6,0.30921465000000004,Normal
train,01_047,0,0.2881564,01,0.2881564,False,0,0.0,0.6,0.2640782,Normal
train,01_047,0,0.049456958,01,0.049456958,False,0,0.0,0.6,0.144728479,Normal
train,01_047,0,0.02894516,01,0.02894516,False,0,0.0,0.6,0.13447258,Normal
train,01_047,0,0.034229577,01,0.034229577,False,0,0.0,0.6,0.1371147885,Normal
train,01_047,0,0.0455596,01,0.0455596,False,0,0.0,0.6,0.14277979999999998,Normal
train,01_048,0,0.059988834,01,0.059988834,False,0,0.0,0.6,0.149994417,Normal
train,01_048,0,0.07507678,01,0.07507678,False,0,0.0,0.6,0.15753839,Normal
train,01_048,0,0.110834524,01,0.110834524,False,0,0.0,0.6,0.175417262,Normal
train,01_048,0,0.08638842,01,0.08638842,False,0,0.0,0.6,0.16319421,Normal
train,01_048,0,0.14420365,01,0.14420365,False,0,0.0,0.6,0.192101825,Normal
train,01_048,0,0.38814986,01,0.38814986,False,0,0.0,0.6,0.31407493,Normal
train,01_048,0,0.4060029,01,0.4060029,False,0,0.0,0.6,0.32300145,Normal
train,01_048,0,0.23675027,01,0.23675027,False,0,0.0,0.6,0.23837513500000002,Normal
train,01_048,0,0.16336402,01,0.16336402,False,0,0.0,0.6,0.20168201,Normal
train,01_048,0,0.40037224,01,0.40037224,False,0,0.0,0.6,0.32018612,Normal
train,01_048,0,0.37274978,01,0.37274978,False,0,0.0,0.6,0.30637488999999996,Normal
train,01_048,0,0.32564366,01,0.32564366,False,0,0.0,0.6,0.28282183,Normal
train,01_048,0,0.13761483,01,0.13761483,False,0,0.0,0.6,0.18880741499999998,Normal
train,01_048,0,0.23855339,01,0.23855339,False,0,0.0,0.6,0.23927669499999998,Normal
train,01_048,0,0.32538387,01,0.32538387,False,0,0.0,0.6,0.282691935,Normal
train,01_048,0,0.22124569,01,0.22124569,False,0,0.0,0.6,0.230622845,Normal
train,01_048,0,0.14096172,01,0.14096172,False,0,0.0,0.6,0.19048086,Normal
train,01_048,0,0.15769608,01,0.15769608,False,0,0.0,0.6,0.19884804,Normal
train,01_048,0,0.44502205,01,0.44502205,False,0,0.0,0.6,0.34251102499999997,Normal
train,01_048,0,0.4856059,01,0.4856059,False,0,0.0,0.6,0.36280294999999996,Normal
train,01_048,0,0.06009368,01,0.06009368,False,0,0.0,0.6,0.15004684,Normal
train,01_048,0,0.033758994,01,0.033758994,False,0,0.0,0.6,0.136879497,Normal
train,01_048,0,0.03465707,01,0.03465707,False,0,0.0,0.6,0.137328535,Normal
train,01_048,0,0.08087806,01,0.08087806,False,0,0.0,0.6,0.16043902999999998,Normal
train,01_048,0,0.052675102,01,0.052675102,False,0,0.0,0.6,0.146337551,Normal
train,01_048,0,0.097584955,01,0.097584955,False,0,0.0,0.6,0.16879247749999998,Normal
train,01_048,0,0.039319728,01,0.039319728,False,0,0.0,0.6,0.139659864,Normal
train,01_048,0,0.05487992,01,0.05487992,False,0,0.0,0.6,0.14743995999999998,Normal
train,01_048,0,0.06788961,01,0.06788961,False,0,0.0,0.6,0.153944805,Normal
train,01_048,0,0.06006749,01,0.06006749,False,0,0.0,0.6,0.150033745,Normal
train,01_048,0,0.16484879,01,0.16484879,False,0,0.0,0.6,0.20242439499999998,Normal
train,01_048,0,0.08393385,01,0.08393385,False,0,0.0,0.6,0.16196692499999998,Normal
val,01_049,0,0.13333641,01,0.13333641,False,0,0.0,0.6,0.18666820499999998,Normal
val,01_049,0,0.17034256,01,0.17034256,False,0,0.0,0.6,0.20517128,Normal
val,01_049,0,0.18165654,01,0.18165654,False,0,0.0,0.6,0.21082826999999998,Normal
val,01_049,0,0.6845285,01,0.6845285,True,1,0.2,0.6,0.52226425,Low
val,01_049,0,0.78674316,01,0.78674316,True,2,0.4,0.6,0.63337158,Low
val,01_049,0,0.7908454,01,0.7908454,True,3,0.6,0.6,0.6954227000000001,Medium
val,01_049,0,0.7134602,01,0.7134602,True,4,0.8,0.6,0.7167301,Medium
val,01_049,0,0.63177,01,0.63177,True,5,1.0,0.6,0.735885,Medium
val,01_049,0,0.53253573,01,0.53253573,True,6,1.0,0.6,0.6862678649999999,Medium
val,01_049,0,0.60826683,01,0.60826683,True,7,1.0,0.6,0.724133415,Medium
val,01_049,0,0.33772823,01,0.33772823,False,0,0.0,0.6,0.288864115,Normal
val,01_049,0,0.23679955,01,0.23679955,False,0,0.0,0.6,0.23839977499999998,Normal
val,01_049,0,0.20280646,01,0.20280646,False,0,0.0,0.6,0.22140323,Normal
val,01_049,0,0.17582534,01,0.17582534,False,0,0.0,0.6,0.20791267,Normal
val,01_049,0,0.07613244,01,0.07613244,False,0,0.0,0.6,0.15806621999999998,Normal
val,01_049,0,0.03284845,01,0.03284845,False,0,0.0,0.6,0.136424225,Normal
val,01_049,0,0.056417853,01,0.056417853,False,0,0.0,0.6,0.1482089265,Normal
val,01_049,0,0.034639675,01,0.034639675,False,0,0.0,0.6,0.13731983749999999,Normal
val,01_049,0,0.053182468,01,0.053182468,False,0,0.0,0.6,0.146591234,Normal
val,01_049,0,0.030509604,01,0.030509604,False,0,0.0,0.6,0.135254802,Normal
val,01_049,0,0.062633485,01,0.062633485,False,0,0.0,0.6,0.1513167425,Normal
val,01_049,0,0.063434586,01,0.063434586,False,0,0.0,0.6,0.151717293,Normal
val,01_049,0,0.08659381,01,0.08659381,False,0,0.0,0.6,0.163296905,Normal
val,01_049,0,0.161752,01,0.161752,False,0,0.0,0.6,0.200876,Normal
test,01_050,0,0.6103486,01,0.6103486,True,1,0.2,0.6,0.4851743,Low
test,01_050,0,0.54108435,01,0.54108435,True,2,0.4,0.6,0.510542175,Low
test,01_050,0,0.75664157,01,0.75664157,True,3,0.6,0.6,0.678320785,Medium
test,01_050,0,0.8217862,01,0.8217862,True,4,0.8,0.6,0.7708931,Medium
test,01_050,0,0.80691326,01,0.80691326,True,5,1.0,0.6,0.82345663,Medium
test,01_050,0,0.53854775,01,0.53854775,True,6,1.0,0.6,0.6892738749999999,Medium
test,01_050,0,0.2508876,01,0.2508876,False,0,0.0,0.6,0.2454438,Normal
test,01_050,0,0.08691559,01,0.08691559,False,0,0.0,0.6,0.163457795,Normal
test,01_050,0,0.073474154,01,0.073474154,False,0,0.0,0.6,0.156737077,Normal
test,01_050,0,0.15583877,01,0.15583877,False,0,0.0,0.6,0.197919385,Normal
test,01_050,0,0.048608743,01,0.048608743,False,0,0.0,0.6,0.1443043715,Normal
test,01_050,0,0.09469594,01,0.09469594,False,0,0.0,0.6,0.16734797,Normal
test,01_050,0,0.1491352,01,0.1491352,False,0,0.0,0.6,0.1945676,Normal
test,01_050,0,0.14795624,01,0.14795624,False,0,0.0,0.6,0.19397811999999998,Normal
test,01_050,0,0.24993427,01,0.24993427,False,0,0.0,0.6,0.244967135,Normal
test,01_050,0,0.14619291,01,0.14619291,False,0,0.0,0.6,0.193096455,Normal
test,01_050,0,0.075715035,01,0.075715035,False,0,0.0,0.6,0.1578575175,Normal
test,01_050,0,0.20204635,01,0.20204635,False,0,0.0,0.6,0.22102317500000002,Normal
test,01_050,0,0.2895114,01,0.2895114,False,0,0.0,0.6,0.2647557,Normal
test,01_050,0,0.16269924,01,0.16269924,False,0,0.0,0.6,0.20134962,Normal
test,01_050,0,0.18312252,01,0.18312252,False,0,0.0,0.6,0.21156126,Normal
test,01_050,0,0.09319191,01,0.09319191,False,0,0.0,0.6,0.166595955,Normal
test,01_050,0,0.1122588,01,0.1122588,False,0,0.0,0.6,0.1761294,Normal
test,01_050,0,0.025879297,01,0.025879297,False,0,0.0,0.6,0.1329396485,Normal
test,01_051,0,0.09905996,01,0.09905996,False,0,0.0,0.6,0.16952998,Normal
test,01_051,0,0.26983163,01,0.26983163,False,0,0.0,0.6,0.254915815,Normal
test,01_051,0,0.51765734,01,0.51765734,True,1,0.2,0.6,0.43882867,Low
test,01_051,0,0.4175028,01,0.4175028,False,0,0.0,0.6,0.3287514,Normal
test,01_051,0,0.3021353,01,0.3021353,False,0,0.0,0.6,0.27106765,Normal
test,01_051,0,0.21837494,01,0.21837494,False,0,0.0,0.6,0.22918747,Normal
test,01_051,0,0.080190636,01,0.080190636,False,0,0.0,0.6,0.160095318,Normal
test,01_051,0,0.12205864,01,0.12205864,False,0,0.0,0.6,0.18102932,Normal
test,01_051,0,0.33417505,01,0.33417505,False,0,0.0,0.6,0.287087525,Normal
test,01_051,0,0.5099028,01,0.5099028,True,1,0.2,0.6,0.4349514,Low
test,01_051,0,0.8737202,01,0.8737202,True,2,0.4,0.6,0.6768601,Medium
test,01_051,0,0.6428472,01,0.6428472,True,3,0.6,0.6,0.6214236,Low
test,01_051,0,0.1414709,01,0.1414709,False,0,0.0,0.6,0.19073545,Normal
test,01_051,0,0.096062504,01,0.096062504,False,0,0.0,0.6,0.168031252,Normal
test,01_051,0,0.07839818,01,0.07839818,False,0,0.0,0.6,0.15919909,Normal
test,01_051,0,0.09106696,01,0.09106696,False,0,0.0,0.6,0.16553348,Normal
test,01_051,0,0.04674623,01,0.04674623,False,0,0.0,0.6,0.143373115,Normal
test,01_051,0,0.17619397,01,0.17619397,False,0,0.0,0.6,0.208096985,Normal
test,01_051,0,0.08682345,01,0.08682345,False,0,0.0,0.6,0.163411725,Normal
test,01_051,0,0.10811812,01,0.10811812,False,0,0.0,0.6,0.17405906,Normal
test,01_051,0,0.107704386,01,0.107704386,False,0,0.0,0.6,0.173852193,Normal
test,01_051,0,0.144858,01,0.144858,False,0,0.0,0.6,0.192429,Normal
test,01_051,0,0.34002468,01,0.34002468,False,0,0.0,0.6,0.29001234,Normal
test,01_051,0,0.74509996,01,0.74509996,True,1,0.2,0.6,0.55254998,Low
test,01_051,0,0.57999676,01,0.57999676,True,2,0.4,0.6,0.52999838,Low
test,01_051,0,0.3425953,01,0.3425953,False,0,0.0,0.6,0.29129764999999996,Normal
test,01_051,0,0.24762192,01,0.24762192,False,0,0.0,0.6,0.24381096,Normal
test,01_051,0,0.22990312,01,0.22990312,False,0,0.0,0.6,0.23495156,Normal
test,01_051,0,0.15786932,01,0.15786932,False,0,0.0,0.6,0.19893465999999999,Normal
train,01_052,0,0.075557835,01,0.075557835,False,0,0.0,0.6,0.1577789175,Normal
train,01_052,0,0.1875214,01,0.1875214,False,0,0.0,0.6,0.2137607,Normal
train,01_052,0,0.075548485,01,0.075548485,False,0,0.0,0.6,0.1577742425,Normal
train,01_052,0,0.16572879,01,0.16572879,False,0,0.0,0.6,0.20286439499999998,Normal
train,01_052,0,0.11807532,01,0.11807532,False,0,0.0,0.6,0.17903766,Normal
train,01_052,0,0.059061896,01,0.059061896,False,0,0.0,0.6,0.149530948,Normal
train,01_052,0,0.053031813,01,0.053031813,False,0,0.0,0.6,0.1465159065,Normal
train,01_052,0,0.04457952,01,0.04457952,False,0,0.0,0.6,0.14228976,Normal
train,01_052,0,0.059518088,01,0.059518088,False,0,0.0,0.6,0.149759044,Normal
train,01_052,0,0.07963595,01,0.07963595,False,0,0.0,0.6,0.159817975,Normal
train,01_052,0,0.06608741,01,0.06608741,False,0,0.0,0.6,0.153043705,Normal
train,01_052,0,0.040466063,01,0.040466063,False,0,0.0,0.6,0.1402330315,Normal
train,01_052,0,0.049152825,01,0.049152825,False,0,0.0,0.6,0.1445764125,Normal
train,01_052,0,0.10136722,01,0.10136722,False,0,0.0,0.6,0.17068360999999999,Normal
train,01_052,0,0.13592905,01,0.13592905,False,0,0.0,0.6,0.187964525,Normal
train,01_052,0,0.098584965,01,0.098584965,False,0,0.0,0.6,0.1692924825,Normal
train,01_052,0,0.0615116,01,0.0615116,False,0,0.0,0.6,0.1507558,Normal
train,01_052,0,0.101554595,01,0.101554595,False,0,0.0,0.6,0.17077729749999998,Normal
train,01_052,0,0.16498926,01,0.16498926,False,0,0.0,0.6,0.20249463,Normal
train,01_052,0,0.07726737,01,0.07726737,False,0,0.0,0.6,0.158633685,Normal
train,01_052,0,0.05089851,01,0.05089851,False,0,0.0,0.6,0.145449255,Normal
train,01_052,0,0.121372245,01,0.121372245,False,0,0.0,0.6,0.1806861225,Normal
train,01_052,0,0.24727777,01,0.24727777,False,0,0.0,0.6,0.243638885,Normal
train,01_052,0,0.22741543,01,0.22741543,False,0,0.0,0.6,0.23370771499999998,Normal
train,01_052,0,0.18392009,01,0.18392009,False,0,0.0,0.6,0.21196004499999999,Normal
train,01_052,0,0.23661563,01,0.23661563,False,0,0.0,0.6,0.23830781499999998,Normal
train,01_052,0,0.24095199,01,0.24095199,False,0,0.0,0.6,0.240475995,Normal
train,01_052,0,0.50185674,01,0.50185674,True,1,0.2,0.6,0.43092837,Low
train,01_052,0,0.3408387,01,0.3408387,False,0,0.0,0.6,0.29041934999999997,Normal
test,01_053,0,0.8317301,01,0.8317301,True,1,0.2,0.6,0.59586505,Low
test,01_053,0,0.56632274,01,0.56632274,True,2,0.4,0.6,0.52316137,Low
test,01_053,0,0.39835355,01,0.39835355,False,0,0.0,0.6,0.31917677499999997,Normal
test,01_053,0,0.6027895,01,0.6027895,True,1,0.2,0.6,0.48139475,Low
test,01_053,0,0.5050355,01,0.5050355,True,2,0.4,0.6,0.49251775,Low
test,01_053,0,0.83228856,01,0.83228856,True,3,0.6,0.6,0.71614428,Medium
test,01_053,0,0.85870874,01,0.85870874,True,4,0.8,0.6,0.78935437,Medium
test,01_053,0,0.35860932,01,0.35860932,False,0,0.0,0.6,0.29930466,Normal
test,01_053,0,0.27230474,01,0.27230474,False,0,0.0,0.6,0.25615237,Normal
test,01_053,0,0.28873757,01,0.28873757,False,0,0.0,0.6,0.264368785,Normal
test,01_053,0,0.17620295,01,0.17620295,False,0,0.0,0.6,0.20810147499999998,Normal
test,01_053,0,0.35120192,01,0.35120192,False,0,0.0,0.6,0.29560096,Normal
test,01_053,0,0.09278537,01,0.09278537,False,0,0.0,0.6,0.16639268499999998,Normal
test,01_053,0,0.046278074,01,0.046278074,False,0,0.0,0.6,0.143139037,Normal
test,01_053,0,0.22798435,01,0.22798435,False,0,0.0,0.6,0.233992175,Normal
test,01_053,0,0.42197677,01,0.42197677,False,0,0.0,0.6,0.330988385,Normal
test,01_053,0,0.07493521,01,0.07493521,False,0,0.0,0.6,0.157467605,Normal
test,01_053,0,0.043630037,01,0.043630037,False,0,0.0,0.6,0.1418150185,Normal
test,01_053,0,0.028980723,01,0.028980723,False,0,0.0,0.6,0.1344903615,Normal
test,01_053,0,0.03126448,01,0.03126448,False,0,0.0,0.6,0.13563224,Normal
test,01_053,0,0.04912203,01,0.04912203,False,0,0.0,0.6,0.144561015,Normal
test,01_053,0,0.08733615,01,0.08733615,False,0,0.0,0.6,0.163668075,Normal
test,01_053,0,0.20944664,01,0.20944664,False,0,0.0,0.6,0.22472332,Normal
test,01_053,0,0.29685846,01,0.29685846,False,0,0.0,0.6,0.26842922999999996,Normal
test,01_053,0,0.21229748,01,0.21229748,False,0,0.0,0.6,0.22614874000000001,Normal
test,01_053,0,0.035725947,01,0.035725947,False,0,0.0,0.6,0.13786297349999999,Normal
test,01_053,0,0.025910122,01,0.025910122,False,0,0.0,0.6,0.13295506099999999,Normal
test,01_053,0,0.028887512,01,0.028887512,False,0,0.0,0.6,0.134443756,Normal
test,01_053,0,0.026430553,01,0.026430553,False,0,0.0,0.6,0.1332152765,Normal
test,01_053,0,0.03112929,01,0.03112929,False,0,0.0,0.6,0.13556464499999998,Normal
test,01_053,0,0.033090338,01,0.033090338,False,0,0.0,0.6,0.136545169,Normal
test,01_053,0,0.059972607,01,0.059972607,False,0,0.0,0.6,0.1499863035,Normal
test,01_053,0,0.04425069,01,0.04425069,False,0,0.0,0.6,0.142125345,Normal
test,01_054,0,0.007834674,01,0.007834674,False,0,0.0,0.6,0.12391733699999999,Normal
test,01_054,0,0.006290036,01,0.006290036,False,0,0.0,0.6,0.123145018,Normal
test,01_054,0,0.0063550645,01,0.0063550645,False,0,0.0,0.6,0.12317753225,Normal
test,01_054,0,0.01002003,01,0.01002003,False,0,0.0,0.6,0.125010015,Normal
test,01_054,0,0.012096646,01,0.012096646,False,0,0.0,0.6,0.126048323,Normal
test,01_054,0,0.019155404,01,0.019155404,False,0,0.0,0.6,0.129577702,Normal
test,01_054,0,0.010884726,01,0.010884726,False,0,0.0,0.6,0.125442363,Normal
test,01_054,0,0.012550213,01,0.012550213,False,0,0.0,0.6,0.12627510649999998,Normal
test,01_054,0,0.018162869,01,0.018162869,False,0,0.0,0.6,0.1290814345,Normal
test,01_054,0,0.02253201,01,0.02253201,False,0,0.0,0.6,0.131266005,Normal
test,01_054,0,0.018322613,01,0.018322613,False,0,0.0,0.6,0.1291613065,Normal
test,01_054,0,0.010122219,01,0.010122219,False,0,0.0,0.6,0.1250611095,Normal
test,01_054,0,0.061398342,01,0.061398342,False,0,0.0,0.6,0.150699171,Normal
test,01_054,0,0.23452336,01,0.23452336,False,0,0.0,0.6,0.23726167999999997,Normal
test,01_054,0,0.4761494,01,0.4761494,False,0,0.0,0.6,0.35807469999999997,Normal
test,01_054,0,0.09032926,01,0.09032926,False,0,0.0,0.6,0.16516462999999998,Normal
test,01_054,0,0.1313207,01,0.1313207,False,0,0.0,0.6,0.18566035,Normal
test,01_054,0,0.063030735,01,0.063030735,False,0,0.0,0.6,0.1515153675,Normal
test,01_054,0,0.03218583,01,0.03218583,False,0,0.0,0.6,0.13609291499999998,Normal
test,01_054,0,0.033048045,01,0.033048045,False,0,0.0,0.6,0.1365240225,Normal
test,01_054,0,0.010494309,01,0.010494309,False,0,0.0,0.6,0.12524715449999999,Normal
test,01_054,0,0.0060425173,01,0.0060425173,False,0,0.0,0.6,0.12302125864999999,Normal
test,01_054,0,0.004286592,01,0.004286592,False,0,0.0,0.6,0.122143296,Normal
test,01_054,0,0.0040949616,01,0.0040949616,False,0,0.0,0.6,0.1220474808,Normal
test,01_054,0,0.0038067396,01,0.0038067396,False,0,0.0,0.6,0.1219033698,Normal
test,01_054,0,0.004974744,01,0.004974744,False,0,0.0,0.6,0.122487372,Normal
test,01_054,0,0.009010579,01,0.009010579,False,0,0.0,0.6,0.12450528949999999,Normal
test,01_054,0,0.006701053,01,0.006701053,False,0,0.0,0.6,0.1233505265,Normal
test,01_054,0,0.006675799,01,0.006675799,False,0,0.0,0.6,0.1233378995,Normal
test,01_054,0,0.0056429356,01,0.0056429356,False,0,0.0,0.6,0.1228214678,Normal
test,01_054,0,0.0069948835,01,0.0069948835,False,0,0.0,0.6,0.12349744174999999,Normal
test,01_054,0,0.0089768,01,0.0089768,False,0,0.0,0.6,0.1244884,Normal
val,01_055,0,0.005031946,01,0.005031946,False,0,0.0,0.6,0.122515973,Normal
val,01_055,0,0.008812308,01,0.008812308,False,0,0.0,0.6,0.12440615399999999,Normal
val,01_055,0,0.008442001,01,0.008442001,False,0,0.0,0.6,0.1242210005,Normal
val,01_055,0,0.009598712,01,0.009598712,False,0,0.0,0.6,0.124799356,Normal
val,01_055,0,0.008236639,01,0.008236639,False,0,0.0,0.6,0.12411831949999999,Normal
val,01_055,0,0.008257634,01,0.008257634,False,0,0.0,0.6,0.124128817,Normal
val,01_055,0,0.008094944,01,0.008094944,False,0,0.0,0.6,0.12404747199999999,Normal
val,01_055,0,0.005824461,01,0.005824461,False,0,0.0,0.6,0.1229122305,Normal
val,01_055,0,0.009110683,01,0.009110683,False,0,0.0,0.6,0.1245553415,Normal
val,01_055,0,0.005466181,01,0.005466181,False,0,0.0,0.6,0.12273309049999999,Normal
val,01_055,0,0.007452625,01,0.007452625,False,0,0.0,0.6,0.12372631249999999,Normal
val,01_055,0,0.00603549,01,0.00603549,False,0,0.0,0.6,0.123017745,Normal
val,01_055,0,0.008613617,01,0.008613617,False,0,0.0,0.6,0.12430680849999999,Normal
val,01_055,0,0.0046578436,01,0.0046578436,False,0,0.0,0.6,0.12232892179999999,Normal
val,01_055,0,0.004324138,01,0.004324138,False,0,0.0,0.6,0.122162069,Normal
val,01_055,0,0.004326278,01,0.004326278,False,0,0.0,0.6,0.12216313899999999,Normal
val,01_055,0,0.0047535575,01,0.0047535575,False,0,0.0,0.6,0.12237677875,Normal
val,01_055,0,0.0074798632,01,0.0074798632,False,0,0.0,0.6,0.12373993159999999,Normal
val,01_055,0,0.00919028,01,0.00919028,False,0,0.0,0.6,0.12459514,Normal
val,01_055,0,0.008039144,01,0.008039144,False,0,0.0,0.6,0.124019572,Normal
val,01_055,0,0.005028836,01,0.005028836,False,0,0.0,0.6,0.122514418,Normal
train,01_056,0,0.010192262,01,0.010192262,False,0,0.0,0.6,0.125096131,Normal
train,01_056,0,0.015381987,01,0.015381987,False,0,0.0,0.6,0.1276909935,Normal
train,01_056,0,0.012427003,01,0.012427003,False,0,0.0,0.6,0.1262135015,Normal
train,01_056,0,0.016185436,01,0.016185436,False,0,0.0,0.6,0.128092718,Normal
train,01_056,0,0.022088716,01,0.022088716,False,0,0.0,0.6,0.131044358,Normal
train,01_056,0,0.0105434125,01,0.0105434125,False,0,0.0,0.6,0.12527170625,Normal
train,01_056,0,0.011971572,01,0.011971572,False,0,0.0,0.6,0.125985786,Normal
train,01_056,0,0.03816248,01,0.03816248,False,0,0.0,0.6,0.13908124,Normal
train,01_056,0,0.029032392,01,0.029032392,False,0,0.0,0.6,0.134516196,Normal
train,01_056,0,0.031971205,01,0.031971205,False,0,0.0,0.6,0.1359856025,Normal
train,01_056,0,0.0091906795,01,0.0091906795,False,0,0.0,0.6,0.12459533974999999,Normal
train,01_056,0,0.009509497,01,0.009509497,False,0,0.0,0.6,0.1247547485,Normal
train,01_056,0,0.013162519,01,0.013162519,False,0,0.0,0.6,0.1265812595,Normal
train,01_056,0,0.0072840964,01,0.0072840964,False,0,0.0,0.6,0.1236420482,Normal
train,01_056,0,0.006108472,01,0.006108472,False,0,0.0,0.6,0.123054236,Normal
train,01_056,0,0.00714631,01,0.00714631,False,0,0.0,0.6,0.12357315499999999,Normal
train,01_056,0,0.021561604,01,0.021561604,False,0,0.0,0.6,0.130780802,Normal
train,01_056,0,0.01960566,01,0.01960566,False,0,0.0,0.6,0.12980283,Normal
train,01_056,0,0.017802197,01,0.017802197,False,0,0.0,0.6,0.1289010985,Normal
train,01_056,0,0.0083235605,01,0.0083235605,False,0,0.0,0.6,0.12416178024999999,Normal
train,01_056,0,0.005502976,01,0.005502976,False,0,0.0,0.6,0.12275148799999999,Normal
train,01_056,0,0.005237378,01,0.005237378,False,0,0.0,0.6,0.12261868899999999,Normal
train,01_056,0,0.0035855782,01,0.0035855782,False,0,0.0,0.6,0.12179278909999999,Normal
train,01_056,0,0.0050843866,01,0.0050843866,False,0,0.0,0.6,0.12254219329999999,Normal
train,01_056,0,0.0077330978,01,0.0077330978,False,0,0.0,0.6,0.1238665489,Normal
train,01_056,0,0.007193335,01,0.007193335,False,0,0.0,0.6,0.1235966675,Normal
train,01_056,0,0.007870411,01,0.007870411,False,0,0.0,0.6,0.12393520549999999,Normal
train,01_056,0,0.009347714,01,0.009347714,False,0,0.0,0.6,0.124673857,Normal
train,01_056,0,0.009670773,01,0.009670773,False,0,0.0,0.6,0.12483538649999999,Normal
train,01_056,0,0.0070398725,01,0.0070398725,False,0,0.0,0.6,0.12351993624999999,Normal
train,01_057,0,0.14549509,01,0.14549509,False,0,0.0,0.6,0.192747545,Normal
train,01_057,0,0.047391616,01,0.047391616,False,0,0.0,0.6,0.14369580799999998,Normal
train,01_057,0,0.028606944,01,0.028606944,False,0,0.0,0.6,0.134303472,Normal
train,01_057,0,0.037801262,01,0.037801262,False,0,0.0,0.6,0.138900631,Normal
train,01_057,0,0.051289953,01,0.051289953,False,0,0.0,0.6,0.1456449765,Normal
train,01_057,0,0.031184833,01,0.031184833,False,0,0.0,0.6,0.1355924165,Normal
train,01_057,0,0.03665409,01,0.03665409,False,0,0.0,0.6,0.13832704499999998,Normal
train,01_057,0,0.053147025,01,0.053147025,False,0,0.0,0.6,0.1465735125,Normal
train,01_057,0,0.0790305,01,0.0790305,False,0,0.0,0.6,0.15951525,Normal
train,01_057,0,0.19787106,01,0.19787106,False,0,0.0,0.6,0.21893553,Normal
train,01_057,0,0.36013272,01,0.36013272,False,0,0.0,0.6,0.30006636,Normal
train,01_057,0,0.14920495,01,0.14920495,False,0,0.0,0.6,0.194602475,Normal
train,01_057,0,0.064172186,01,0.064172186,False,0,0.0,0.6,0.152086093,Normal
train,01_057,0,0.36053416,01,0.36053416,False,0,0.0,0.6,0.30026708,Normal
train,01_057,0,0.5971086,01,0.5971086,True,1,0.2,0.6,0.4785543,Low
train,01_057,0,0.64015055,01,0.64015055,True,2,0.4,0.6,0.560075275,Low
train,01_057,0,0.6028653,01,0.6028653,True,3,0.6,0.6,0.60143265,Low
train,01_057,0,0.4484585,01,0.4484585,False,0,0.0,0.6,0.34422925,Normal
train,01_057,0,0.17588502,01,0.17588502,False,0,0.0,0.6,0.20794251,Normal
train,01_057,0,0.016414685,01,0.016414685,False,0,0.0,0.6,0.1282073425,Normal
train,01_057,0,0.015450717,01,0.015450717,False,0,0.0,0.6,0.1277253585,Normal
train,01_057,0,0.056978162,01,0.056978162,False,0,0.0,0.6,0.148489081,Normal
train,01_058,0,0.10697543,01,0.10697543,False,0,0.0,0.6,0.173487715,Normal
train,01_058,0,0.031333767,01,0.031333767,False,0,0.0,0.6,0.1356668835,Normal
train,01_058,0,0.02638547,01,0.02638547,False,0,0.0,0.6,0.133192735,Normal
train,01_058,0,0.014504834,01,0.014504834,False,0,0.0,0.6,0.127252417,Normal
train,01_058,0,0.026290288,01,0.026290288,False,0,0.0,0.6,0.133145144,Normal
train,01_058,0,0.018094506,01,0.018094506,False,0,0.0,0.6,0.129047253,Normal
train,01_058,0,0.014243012,01,0.014243012,False,0,0.0,0.6,0.127121506,Normal
train,01_058,0,0.012598999,01,0.012598999,False,0,0.0,0.6,0.1262994995,Normal
train,01_058,0,0.010412529,01,0.010412529,False,0,0.0,0.6,0.1252062645,Normal
train,01_058,0,0.017101644,01,0.017101644,False,0,0.0,0.6,0.128550822,Normal
train,01_058,0,0.034332715,01,0.034332715,False,0,0.0,0.6,0.1371663575,Normal
train,01_058,0,0.03152013,01,0.03152013,False,0,0.0,0.6,0.13576006499999999,Normal
train,01_058,0,0.016653735,01,0.016653735,False,0,0.0,0.6,0.1283268675,Normal
train,01_058,0,0.01197163,01,0.01197163,False,0,0.0,0.6,0.125985815,Normal
train,01_058,0,0.0127605265,01,0.0127605265,False,0,0.0,0.6,0.12638026324999999,Normal
train,01_058,0,0.011895418,01,0.011895418,False,0,0.0,0.6,0.125947709,Normal
train,01_058,0,0.012579511,01,0.012579511,False,0,0.0,0.6,0.1262897555,Normal
train,01_058,0,0.01310149,01,0.01310149,False,0,0.0,0.6,0.126550745,Normal
train,01_058,0,0.012633844,01,0.012633844,False,0,0.0,0.6,0.126316922,Normal
train,01_058,0,0.015689623,01,0.015689623,False,0,0.0,0.6,0.1278448115,Normal
train,01_058,0,0.010264691,01,0.010264691,False,0,0.0,0.6,0.1251323455,Normal
train,01_058,0,0.013525638,01,0.013525638,False,0,0.0,0.6,0.126762819,Normal
val,01_059,0,0.030161107,01,0.030161107,False,0,0.0,0.6,0.1350805535,Normal
val,01_059,0,0.034795187,01,0.034795187,False,0,0.0,0.6,0.1373975935,Normal
val,01_059,0,0.06580016,01,0.06580016,False,0,0.0,0.6,0.15290008,Normal
val,01_059,0,0.11491182,01,0.11491182,False,0,0.0,0.6,0.17745591,Normal
val,01_059,0,0.48486125,01,0.48486125,False,0,0.0,0.6,0.362430625,Normal
val,01_059,0,0.3856291,01,0.3856291,False,0,0.0,0.6,0.31281455,Normal
val,01_059,0,0.06867579,01,0.06867579,False,0,0.0,0.6,0.154337895,Normal
val,01_059,0,0.016431745,01,0.016431745,False,0,0.0,0.6,0.1282158725,Normal
val,01_059,0,0.018452331,01,0.018452331,False,0,0.0,0.6,0.1292261655,Normal
val,01_059,0,0.024251893,01,0.024251893,False,0,0.0,0.6,0.1321259465,Normal
val,01_059,0,0.02665414,01,0.02665414,False,0,0.0,0.6,0.13332707,Normal
val,01_059,0,0.02520462,01,0.02520462,False,0,0.0,0.6,0.13260231,Normal
val,01_059,0,0.032732684,01,0.032732684,False,0,0.0,0.6,0.136366342,Normal
val,01_059,0,0.054629758,01,0.054629758,False,0,0.0,0.6,0.147314879,Normal
val,01_059,0,0.017367493,01,0.017367493,False,0,0.0,0.6,0.1286837465,Normal
val,01_059,0,0.021368325,01,0.021368325,False,0,0.0,0.6,0.1306841625,Normal
val,01_059,0,0.024427885,01,0.024427885,False,0,0.0,0.6,0.1322139425,Normal
val,01_059,0,0.01968235,01,0.01968235,False,0,0.0,0.6,0.129841175,Normal
val,01_059,0,0.028360989,01,0.028360989,False,0,0.0,0.6,0.1341804945,Normal
val,01_059,0,0.012402811,01,0.012402811,False,0,0.0,0.6,0.1262014055,Normal
val,01_059,0,0.015831446,01,0.015831446,False,0,0.0,0.6,0.12791572299999998,Normal
val,01_059,0,0.053286348,01,0.053286348,False,0,0.0,0.6,0.146643174,Normal
train,01_060,0,0.006436651,01,0.006436651,False,0,0.0,0.6,0.12321832549999999,Normal
train,01_060,0,0.04727417,01,0.04727417,False,0,0.0,0.6,0.143637085,Normal
train,01_060,0,0.09083774,01,0.09083774,False,0,0.0,0.6,0.16541887,Normal
train,01_060,0,0.057859417,01,0.057859417,False,0,0.0,0.6,0.1489297085,Normal
train,01_060,0,0.05666285,01,0.05666285,False,0,0.0,0.6,0.148331425,Normal
train,01_060,0,0.0637253,01,0.0637253,False,0,0.0,0.6,0.15186265,Normal
train,01_060,0,0.049459923,01,0.049459923,False,0,0.0,0.6,0.1447299615,Normal
train,01_060,0,0.14838181,01,0.14838181,False,0,0.0,0.6,0.194190905,Normal
train,01_060,0,0.062156383,01,0.062156383,False,0,0.0,0.6,0.1510781915,Normal
train,01_060,0,0.25148162,01,0.25148162,False,0,0.0,0.6,0.24574081,Normal
train,01_060,0,0.2459002,01,0.2459002,False,0,0.0,0.6,0.2429501,Normal
train,01_060,0,0.03258476,01,0.03258476,False,0,0.0,0.6,0.13629238,Normal
train,01_060,0,0.018378526,01,0.018378526,False,0,0.0,0.6,0.129189263,Normal
train,01_060,0,0.0074297576,01,0.0074297576,False,0,0.0,0.6,0.1237148788,Normal
train,01_060,0,0.007002732,01,0.007002732,False,0,0.0,0.6,0.123501366,Normal
train,01_060,0,0.009992002,01,0.009992002,False,0,0.0,0.6,0.124996001,Normal
train,01_060,0,0.019342018,01,0.019342018,False,0,0.0,0.6,0.129671009,Normal
train,01_061,0,0.20215113,01,0.20215113,False,0,0.0,0.6,0.221075565,Normal
train,01_061,0,0.42515743,01,0.42515743,False,0,0.0,0.6,0.332578715,Normal
train,01_061,0,0.38817114,01,0.38817114,False,0,0.0,0.6,0.31408557000000004,Normal
train,01_061,0,0.64526486,01,0.64526486,True,1,0.2,0.6,0.50263243,Low
train,01_061,0,0.6707978,01,0.6707978,True,2,0.4,0.6,0.5753988999999999,Low
train,01_061,0,0.45632106,01,0.45632106,False,0,0.0,0.6,0.34816053,Normal
train,01_061,0,0.113573305,01,0.113573305,False,0,0.0,0.6,0.1767866525,Normal
train,01_061,0,0.07669606,01,0.07669606,False,0,0.0,0.6,0.15834803,Normal
train,01_061,0,0.043729346,01,0.043729346,False,0,0.0,0.6,0.141864673,Normal
train,01_061,0,0.04119602,01,0.04119602,False,0,0.0,0.6,0.14059801,Normal
train,01_061,0,0.049355425,01,0.049355425,False,0,0.0,0.6,0.1446777125,Normal
train,01_061,0,0.02500373,01,0.02500373,False,0,0.0,0.6,0.132501865,Normal
train,01_061,0,0.045656323,01,0.045656323,False,0,0.0,0.6,0.1428281615,Normal
train,01_061,0,0.034752425,01,0.034752425,False,0,0.0,0.6,0.13737621249999998,Normal
train,01_061,0,0.033633716,01,0.033633716,False,0,0.0,0.6,0.13681685799999999,Normal
train,01_061,0,0.055093665,01,0.055093665,False,0,0.0,0.6,0.1475468325,Normal
train,01_061,0,0.0329427,01,0.0329427,False,0,0.0,0.6,0.13647135,Normal
train,01_061,0,0.029797113,01,0.029797113,False,0,0.0,0.6,0.1348985565,Normal
train,01_061,0,0.037950616,01,0.037950616,False,0,0.0,0.6,0.138975308,Normal
train,01_061,0,0.038413957,01,0.038413957,False,0,0.0,0.6,0.1392069785,Normal
train,01_061,0,0.03654414,01,0.03654414,False,0,0.0,0.6,0.13827207,Normal
train,01_061,0,0.12712541,01,0.12712541,False,0,0.0,0.6,0.183562705,Normal
train,01_061,0,0.5646309,01,0.5646309,True,1,0.2,0.6,0.46231545,Low
train,01_061,0,0.26124567,01,0.26124567,False,0,0.0,0.6,0.250622835,Normal
train,01_061,0,0.21331003,01,0.21331003,False,0,0.0,0.6,0.22665501500000002,Normal
train,01_061,0,0.33323634,01,0.33323634,False,0,0.0,0.6,0.28661817,Normal
train,01_062,0,0.037671715,01,0.037671715,False,0,0.0,0.6,0.1388358575,Normal
train,01_062,0,0.039932776,01,0.039932776,False,0,0.0,0.6,0.139966388,Normal
train,01_062,0,0.031775128,01,0.031775128,False,0,0.0,0.6,0.135887564,Normal
train,01_062,0,0.025364947,01,0.025364947,False,0,0.0,0.6,0.1326824735,Normal
train,01_062,0,0.019473203,01,0.019473203,False,0,0.0,0.6,0.1297366015,Normal
train,01_062,0,0.03328959,01,0.03328959,False,0,0.0,0.6,0.13664479499999999,Normal
train,01_062,0,0.06240432,01,0.06240432,False,0,0.0,0.6,0.15120216,Normal
train,01_062,0,0.07908872,01,0.07908872,False,0,0.0,0.6,0.15954436,Normal
train,01_062,0,0.0423278,01,0.0423278,False,0,0.0,0.6,0.1411639,Normal
train,01_062,0,0.03768676,01,0.03768676,False,0,0.0,0.6,0.13884338,Normal
train,01_062,0,0.026549492,01,0.026549492,False,0,0.0,0.6,0.133274746,Normal
train,01_062,0,0.03294033,01,0.03294033,False,0,0.0,0.6,0.136470165,Normal
train,01_062,0,0.041669693,01,0.041669693,False,0,0.0,0.6,0.1408348465,Normal
train,01_062,0,0.037362028,01,0.037362028,False,0,0.0,0.6,0.138681014,Normal
train,01_062,0,0.041433726,01,0.041433726,False,0,0.0,0.6,0.140716863,Normal
train,01_062,0,0.06770719,01,0.06770719,False,0,0.0,0.6,0.153853595,Normal
train,01_062,0,0.10118572,01,0.10118572,False,0,0.0,0.6,0.17059286,Normal
train,01_062,0,0.11327785,01,0.11327785,False,0,0.0,0.6,0.176638925,Normal
train,01_062,0,0.13409352,01,0.13409352,False,0,0.0,0.6,0.18704675999999998,Normal
train,01_062,0,0.27630708,01,0.27630708,False,0,0.0,0.6,0.25815354,Normal
train,01_062,0,0.09473926,01,0.09473926,False,0,0.0,0.6,0.16736963,Normal
train,01_062,0,0.08050561,01,0.08050561,False,0,0.0,0.6,0.160252805,Normal
val,01_063,0,0.01958725,01,0.01958725,False,0,0.0,0.6,0.129793625,Normal
val,01_063,0,0.024733286,01,0.024733286,False,0,0.0,0.6,0.132366643,Normal
val,01_063,0,0.019691871,01,0.019691871,False,0,0.0,0.6,0.1298459355,Normal
val,01_063,0,0.023784105,01,0.023784105,False,0,0.0,0.6,0.1318920525,Normal
val,01_063,0,0.016955996,01,0.016955996,False,0,0.0,0.6,0.12847799799999998,Normal
val,01_063,0,0.01996248,01,0.01996248,False,0,0.0,0.6,0.12998124,Normal
val,01_063,0,0.017240256,01,0.017240256,False,0,0.0,0.6,0.128620128,Normal
val,01_063,0,0.021641612,01,0.021641612,False,0,0.0,0.6,0.13082080599999998,Normal
val,01_063,0,0.0244458,01,0.0244458,False,0,0.0,0.6,0.1322229,Normal
val,01_063,0,0.0376579,01,0.0376579,False,0,0.0,0.6,0.13882895,Normal
val,01_063,0,0.034818977,01,0.034818977,False,0,0.0,0.6,0.1374094885,Normal
val,01_063,0,0.03664389,01,0.03664389,False,0,0.0,0.6,0.138321945,Normal
val,01_063,0,0.038754664,01,0.038754664,False,0,0.0,0.6,0.139377332,Normal
val,01_063,0,0.028747484,01,0.028747484,False,0,0.0,0.6,0.134373742,Normal
val,01_063,0,0.13373393,01,0.13373393,False,0,0.0,0.6,0.186866965,Normal
val,01_063,0,0.10281198,01,0.10281198,False,0,0.0,0.6,0.17140599,Normal
val,01_063,0,0.086040735,01,0.086040735,False,0,0.0,0.6,0.16302036749999999,Normal
val,01_063,0,0.7503344,01,0.7503344,True,1,0.2,0.6,0.5551672,Low
val,01_063,0,0.6650885,01,0.6650885,True,2,0.4,0.6,0.57254425,Low
val,01_063,0,0.015223102,01,0.015223102,False,0,0.0,0.6,0.127611551,Normal
val,01_063,0,0.0212419,01,0.0212419,False,0,0.0,0.6,0.13062094999999999,Normal
val,01_063,0,0.038159184,01,0.038159184,False,0,0.0,0.6,0.139079592,Normal
val,01_063,0,0.063455984,01,0.063455984,False,0,0.0,0.6,0.15172799199999998,Normal
val,01_063,0,0.04908492,01,0.04908492,False,0,0.0,0.6,0.14454245999999998,Normal
val,01_063,0,0.055648863,01,0.055648863,False,0,0.0,0.6,0.1478244315,Normal
val,01_063,0,0.08705297,01,0.08705297,False,0,0.0,0.6,0.163526485,Normal
val,01_063,0,0.033970498,01,0.033970498,False,0,0.0,0.6,0.136985249,Normal
val,01_063,0,0.0384803,01,0.0384803,False,0,0.0,0.6,0.13924015,Normal
val,01_063,0,0.0817416,01,0.0817416,False,0,0.0,0.6,0.16087079999999998,Normal
val,01_063,0,0.080074556,01,0.080074556,False,0,0.0,0.6,0.160037278,Normal
val,01_063,0,0.107133366,01,0.107133366,False,0,0.0,0.6,0.173566683,Normal
val,01_063,0,0.064427465,01,0.064427465,False,0,0.0,0.6,0.1522137325,Normal
val,01_063,0,0.03871235,01,0.03871235,False,0,0.0,0.6,0.139356175,Normal
val,01_063,0,0.016405154,01,0.016405154,False,0,0.0,0.6,0.12820257699999998,Normal
val,01_063,0,0.02220244,01,0.02220244,False,0,0.0,0.6,0.13110122,Normal
val,01_063,0,0.11202078,01,0.11202078,False,0,0.0,0.6,0.17601039,Normal
val,01_063,0,0.14399758,01,0.14399758,False,0,0.0,0.6,0.19199878999999997,Normal
val,01_063,0,0.11529383,01,0.11529383,False,0,0.0,0.6,0.177646915,Normal
val,01_063,0,0.057406213,01,0.057406213,False,0,0.0,0.6,0.1487031065,Normal
val,01_063,0,0.04812782,01,0.04812782,False,0,0.0,0.6,0.14406391,Normal
val,01_063,0,0.04943191,01,0.04943191,False,0,0.0,0.6,0.144715955,Normal
train,01_064,0,0.06640894,01,0.06640894,False,0,0.0,0.6,0.15320446999999998,Normal
train,01_064,0,0.06240981,01,0.06240981,False,0,0.0,0.6,0.151204905,Normal
train,01_064,0,0.23513618,01,0.23513618,False,0,0.0,0.6,0.23756809,Normal
train,01_064,0,0.5351232,01,0.5351232,True,1,0.2,0.6,0.4475616,Low
train,01_064,0,0.7593163,01,0.7593163,True,2,0.4,0.6,0.61965815,Low
train,01_064,0,0.47754362,01,0.47754362,False,0,0.0,0.6,0.35877181,Normal
train,01_064,0,0.31286427,01,0.31286427,False,0,0.0,0.6,0.27643213499999997,Normal
train,01_064,0,0.24191763,01,0.24191763,False,0,0.0,0.6,0.240958815,Normal
train,01_064,0,0.21480738,01,0.21480738,False,0,0.0,0.6,0.22740369,Normal
train,01_064,0,0.59917885,01,0.59917885,True,1,0.2,0.6,0.479589425,Low
train,01_064,0,0.2976384,01,0.2976384,False,0,0.0,0.6,0.26881920000000004,Normal
train,01_064,0,0.20429352,01,0.20429352,False,0,0.0,0.6,0.22214676,Normal
train,01_064,0,0.22805159,01,0.22805159,False,0,0.0,0.6,0.23402579499999998,Normal
train,01_064,0,0.25937256,01,0.25937256,False,0,0.0,0.6,0.24968627999999998,Normal
train,01_064,0,0.46243498,01,0.46243498,False,0,0.0,0.6,0.35121749,Normal
train,01_064,0,0.1961811,01,0.1961811,False,0,0.0,0.6,0.21809055,Normal
train,01_064,0,0.0513873,01,0.0513873,False,0,0.0,0.6,0.14569365,Normal
train,01_064,0,0.06009376,01,0.06009376,False,0,0.0,0.6,0.15004688,Normal
train,01_064,0,0.10699005,01,0.10699005,False,0,0.0,0.6,0.173495025,Normal
val,01_065,0,0.41024694,01,0.41024694,False,0,0.0,0.6,0.32512346999999997,Normal
val,01_065,0,0.48474225,01,0.48474225,False,0,0.0,0.6,0.362371125,Normal
val,01_065,0,0.3672331,01,0.3672331,False,0,0.0,0.6,0.30361655,Normal
val,01_065,0,0.17261925,01,0.17261925,False,0,0.0,0.6,0.206309625,Normal
val,01_065,0,0.24487202,01,0.24487202,False,0,0.0,0.6,0.24243600999999998,Normal
val,01_065,0,0.4646018,01,0.4646018,False,0,0.0,0.6,0.35230090000000003,Normal
val,01_065,0,0.7400063,01,0.7400063,True,1,0.2,0.6,0.55000315,Low
val,01_065,0,0.71122086,01,0.71122086,True,2,0.4,0.6,0.59561043,Low
val,01_065,0,0.7237912,01,0.7237912,True,3,0.6,0.6,0.6618955999999999,Low
val,01_065,0,0.7984711,01,0.7984711,True,4,0.8,0.6,0.75923555,Medium
val,01_065,0,0.58741474,01,0.58741474,True,5,1.0,0.6,0.71370737,Medium
val,01_065,0,0.47020748,01,0.47020748,False,0,0.0,0.6,0.35510374,Normal
val,01_065,0,0.4541754,01,0.4541754,False,0,0.0,0.6,0.3470877,Normal
val,01_065,0,0.4044273,01,0.4044273,False,0,0.0,0.6,0.32221365,Normal
val,01_065,0,0.382364,01,0.382364,False,0,0.0,0.6,0.31118199999999996,Normal
val,01_065,0,0.18266791,01,0.18266791,False,0,0.0,0.6,0.211333955,Normal
val,01_065,0,0.11365164,01,0.11365164,False,0,0.0,0.6,0.17682582,Normal
val,01_065,0,0.050667617,01,0.050667617,False,0,0.0,0.6,0.1453338085,Normal
train,01_066,0,0.04558198,01,0.04558198,False,0,0.0,0.6,0.14279099,Normal
train,01_066,0,0.07022009,01,0.07022009,False,0,0.0,0.6,0.155110045,Normal
train,01_066,0,0.052743558,01,0.052743558,False,0,0.0,0.6,0.146371779,Normal
train,01_066,0,0.045407653,01,0.045407653,False,0,0.0,0.6,0.1427038265,Normal
train,01_066,0,0.07878049,01,0.07878049,False,0,0.0,0.6,0.15939024499999999,Normal
train,01_066,0,0.08828207,01,0.08828207,False,0,0.0,0.6,0.164141035,Normal
train,01_066,0,0.14908715,01,0.14908715,False,0,0.0,0.6,0.194543575,Normal
train,01_066,0,0.10459027,01,0.10459027,False,0,0.0,0.6,0.172295135,Normal
train,01_066,0,0.12004921,01,0.12004921,False,0,0.0,0.6,0.180024605,Normal
train,01_066,0,0.20380004,01,0.20380004,False,0,0.0,0.6,0.22190001999999998,Normal
train,01_066,0,0.22257414,01,0.22257414,False,0,0.0,0.6,0.23128706999999998,Normal
train,01_066,0,0.15199219,01,0.15199219,False,0,0.0,0.6,0.19599609499999998,Normal
train,01_066,0,0.15570009,01,0.15570009,False,0,0.0,0.6,0.197850045,Normal
train,01_066,0,0.13893181,01,0.13893181,False,0,0.0,0.6,0.189465905,Normal
train,01_066,0,0.18905877,01,0.18905877,False,0,0.0,0.6,0.214529385,Normal
train,01_066,0,0.1321957,01,0.1321957,False,0,0.0,0.6,0.18609785,Normal
train,01_066,0,0.21006243,01,0.21006243,False,0,0.0,0.6,0.225031215,Normal
train,01_066,0,0.32115483,01,0.32115483,False,0,0.0,0.6,0.280577415,Normal
train,01_066,0,0.45950574,01,0.45950574,False,0,0.0,0.6,0.34975287,Normal
train,01_066,0,0.2912383,01,0.2912383,False,0,0.0,0.6,0.26561915,Normal
train,01_066,0,0.22942491,01,0.22942491,False,0,0.0,0.6,0.234712455,Normal
train,01_066,0,0.12944838,01,0.12944838,False,0,0.0,0.6,0.18472419,Normal
train,01_066,0,0.10916818,01,0.10916818,False,0,0.0,0.6,0.17458409,Normal
train,01_066,0,0.13529246,01,0.13529246,False,0,0.0,0.6,0.18764623,Normal
train,01_066,0,0.1706647,01,0.1706647,False,0,0.0,0.6,0.20533235,Normal
train,01_066,0,0.21367265,01,0.21367265,False,0,0.0,0.6,0.226836325,Normal
train,01_066,0,0.31551525,01,0.31551525,False,0,0.0,0.6,0.277757625,Normal
train,01_066,0,0.41175482,01,0.41175482,False,0,0.0,0.6,0.32587741000000003,Normal
train,01_066,0,0.29301792,01,0.29301792,False,0,0.0,0.6,0.26650896,Normal
train,01_066,0,0.3503926,01,0.3503926,False,0,0.0,0.6,0.29519629999999997,Normal
train,01_066,0,0.668228,01,0.668228,True,1,0.2,0.6,0.514114,Low
train,01_066,0,0.30563986,01,0.30563986,False,0,0.0,0.6,0.27281993,Normal
train,01_066,0,0.11937139,01,0.11937139,False,0,0.0,0.6,0.17968569499999998,Normal
train,01_066,0,0.11870493,01,0.11870493,False,0,0.0,0.6,0.179352465,Normal
train,01_066,0,0.24025036,01,0.24025036,False,0,0.0,0.6,0.24012518,Normal
train,01_066,0,0.4082042,01,0.4082042,False,0,0.0,0.6,0.3241021,Normal
train,01_066,0,0.44419122,01,0.44419122,False,0,0.0,0.6,0.34209561,Normal
train,01_066,0,0.2830489,01,0.2830489,False,0,0.0,0.6,0.26152445,Normal
train,01_066,0,0.08876705,01,0.08876705,False,0,0.0,0.6,0.164383525,Normal
train,01_066,0,0.110977106,01,0.110977106,False,0,0.0,0.6,0.175488553,Normal
train,01_066,0,0.04755158,01,0.04755158,False,0,0.0,0.6,0.14377579,Normal
train,01_066,0,0.0790864,01,0.0790864,False,0,0.0,0.6,0.1595432,Normal
train,01_067,0,0.5054897,01,0.5054897,True,1,0.2,0.6,0.43274485,Low
train,01_067,0,0.5811103,01,0.5811103,True,2,0.4,0.6,0.53055515,Low
train,01_067,0,0.48315614,01,0.48315614,False,0,0.0,0.6,0.36157807,Normal
train,01_067,0,0.42410383,01,0.42410383,False,0,0.0,0.6,0.332051915,Normal
train,01_067,0,0.24081568,01,0.24081568,False,0,0.0,0.6,0.24040783999999998,Normal
train,01_067,0,0.19167309,01,0.19167309,False,0,0.0,0.6,0.215836545,Normal
train,01_067,0,0.08988979,01,0.08988979,False,0,0.0,0.6,0.16494489499999998,Normal
train,01_067,0,0.1163851,01,0.1163851,False,0,0.0,0.6,0.17819255,Normal
train,01_067,0,0.12181139,01,0.12181139,False,0,0.0,0.6,0.180905695,Normal
train,01_067,0,0.18458205,01,0.18458205,False,0,0.0,0.6,0.212291025,Normal
train,01_067,0,0.24008316,01,0.24008316,False,0,0.0,0.6,0.24004157999999998,Normal
train,01_067,0,0.42338875,01,0.42338875,False,0,0.0,0.6,0.331694375,Normal
train,01_067,0,0.4294161,01,0.4294161,False,0,0.0,0.6,0.33470805000000003,Normal
train,01_067,0,0.25991684,01,0.25991684,False,0,0.0,0.6,0.24995842,Normal
train,01_067,0,0.10601068,01,0.10601068,False,0,0.0,0.6,0.17300534,Normal
train,01_067,0,0.083587036,01,0.083587036,False,0,0.0,0.6,0.161793518,Normal
train,01_067,0,0.09511894,01,0.09511894,False,0,0.0,0.6,0.16755947,Normal
train,01_067,0,0.24576114,01,0.24576114,False,0,0.0,0.6,0.24288057,Normal
train,01_067,0,0.61180735,01,0.61180735,True,1,0.2,0.6,0.485903675,Low
train,01_067,0,0.6481487,01,0.6481487,True,2,0.4,0.6,0.5640743500000001,Low
train,01_067,0,0.8580502,01,0.8580502,True,3,0.6,0.6,0.7290251,Medium
train,01_067,0,0.9268666,01,0.9268666,True,4,0.8,0.6,0.8234332999999999,Medium
train,01_067,0,0.90215784,01,0.90215784,True,5,1.0,0.6,0.87107892,High
train,01_067,0,0.4336327,01,0.4336327,False,0,0.0,0.6,0.33681635,Normal
train,01_067,0,0.3372375,01,0.3372375,False,0,0.0,0.6,0.28861875000000003,Normal
train,01_067,0,0.21273088,01,0.21273088,False,0,0.0,0.6,0.22636544,Normal
train,01_067,0,0.28030515,01,0.28030515,False,0,0.0,0.6,0.260152575,Normal
train,01_067,0,0.31111538,01,0.31111538,False,0,0.0,0.6,0.27555768999999997,Normal
train,01_067,0,0.4090279,01,0.4090279,False,0,0.0,0.6,0.32451395,Normal
train,01_067,0,0.55410117,01,0.55410117,True,1,0.2,0.6,0.457050585,Low
train,01_067,0,0.72865885,01,0.72865885,True,2,0.4,0.6,0.604329425,Low
train,01_067,0,0.6190334,01,0.6190334,True,3,0.6,0.6,0.6095166999999999,Low
train,01_067,0,0.38983855,01,0.38983855,False,0,0.0,0.6,0.314919275,Normal
train,01_067,0,0.2220015,01,0.2220015,False,0,0.0,0.6,0.23100074999999998,Normal
train,01_067,0,0.21110307,01,0.21110307,False,0,0.0,0.6,0.225551535,Normal
train,01_067,0,0.24621134,01,0.24621134,False,0,0.0,0.6,0.24310567,Normal
train,01_067,0,0.27105618,01,0.27105618,False,0,0.0,0.6,0.25552809,Normal
train,01_067,0,0.2264689,01,0.2264689,False,0,0.0,0.6,0.23323444999999998,Normal
train,01_067,0,0.3213128,01,0.3213128,False,0,0.0,0.6,0.28065640000000003,Normal
train,01_067,0,0.26445007,01,0.26445007,False,0,0.0,0.6,0.252225035,Normal
train,01_067,0,0.24413303,01,0.24413303,False,0,0.0,0.6,0.24206651499999998,Normal
train,01_067,0,0.18432781,01,0.18432781,False,0,0.0,0.6,0.21216390499999999,Normal
train,01_068,0,0.031566016,01,0.031566016,False,0,0.0,0.6,0.13578300799999998,Normal
train,01_068,0,0.02495136,01,0.02495136,False,0,0.0,0.6,0.13247567999999998,Normal
train,01_068,0,0.04542603,01,0.04542603,False,0,0.0,0.6,0.142713015,Normal
train,01_068,0,0.069901794,01,0.069901794,False,0,0.0,0.6,0.154950897,Normal
train,01_068,0,0.1593959,01,0.1593959,False,0,0.0,0.6,0.19969795,Normal
train,01_068,0,0.3198696,01,0.3198696,False,0,0.0,0.6,0.2799348,Normal
train,01_068,0,0.19803968,01,0.19803968,False,0,0.0,0.6,0.21901984,Normal
train,01_068,0,0.1644967,01,0.1644967,False,0,0.0,0.6,0.20224835,Normal
train,01_068,0,0.11219732,01,0.11219732,False,0,0.0,0.6,0.17609866,Normal
train,01_068,0,0.10366931,01,0.10366931,False,0,0.0,0.6,0.171834655,Normal
train,01_068,0,0.07342197,01,0.07342197,False,0,0.0,0.6,0.156710985,Normal
train,01_068,0,0.09287672,01,0.09287672,False,0,0.0,0.6,0.16643836,Normal
train,01_068,0,0.11327706,01,0.11327706,False,0,0.0,0.6,0.17663853,Normal
train,01_068,0,0.09460159,01,0.09460159,False,0,0.0,0.6,0.167300795,Normal
train,01_068,0,0.109785974,01,0.109785974,False,0,0.0,0.6,0.174892987,Normal
train,01_068,0,0.10920558,01,0.10920558,False,0,0.0,0.6,0.17460279,Normal
train,01_068,0,0.10120784,01,0.10120784,False,0,0.0,0.6,0.17060392,Normal
train,01_068,0,0.1917768,01,0.1917768,False,0,0.0,0.6,0.21588839999999998,Normal
train,01_068,0,0.08381656,01,0.08381656,False,0,0.0,0.6,0.16190828,Normal
train,01_068,0,0.34399763,01,0.34399763,False,0,0.0,0.6,0.291998815,Normal
train,01_068,0,0.6723056,01,0.6723056,True,1,0.2,0.6,0.5161528,Low
train,01_068,0,0.8244702,01,0.8244702,True,2,0.4,0.6,0.6522351000000001,Low
train,01_068,0,0.7194762,01,0.7194762,True,3,0.6,0.6,0.6597381,Low
train,01_068,0,0.7151214,01,0.7151214,True,4,0.8,0.6,0.7175607,Medium
train,01_068,0,0.51065546,01,0.51065546,True,5,1.0,0.6,0.6753277299999999,Medium
train,01_068,0,0.44757727,01,0.44757727,False,0,0.0,0.6,0.343788635,Normal
train,01_068,0,0.34406808,01,0.34406808,False,0,0.0,0.6,0.29203404,Normal
train,01_068,0,0.28046003,01,0.28046003,False,0,0.0,0.6,0.260230015,Normal
train,01_068,0,0.5910365,01,0.5910365,True,1,0.2,0.6,0.47551825,Low
train,01_068,0,0.7190662,01,0.7190662,True,2,0.4,0.6,0.5995330999999999,Low
train,01_068,0,0.54048574,01,0.54048574,True,3,0.6,0.6,0.57024287,Low
train,01_069,0,0.0356451,01,0.0356451,False,0,0.0,0.6,0.13782255,Normal
train,01_069,0,0.026696853,01,0.026696853,False,0,0.0,0.6,0.1333484265,Normal
train,01_069,0,0.037416924,01,0.037416924,False,0,0.0,0.6,0.138708462,Normal
train,01_069,0,0.03217436,01,0.03217436,False,0,0.0,0.6,0.13608718,Normal
train,01_069,0,0.07139313,01,0.07139313,False,0,0.0,0.6,0.155696565,Normal
train,01_069,0,0.14028414,01,0.14028414,False,0,0.0,0.6,0.19014207,Normal
train,01_069,0,0.22561246,01,0.22561246,False,0,0.0,0.6,0.23280623,Normal
train,01_069,0,0.49027503,01,0.49027503,False,0,0.0,0.6,0.365137515,Normal
train,01_069,0,0.31850135,01,0.31850135,False,0,0.0,0.6,0.279250675,Normal
train,01_069,0,0.10870595,01,0.10870595,False,0,0.0,0.6,0.174352975,Normal
train,01_069,0,0.053789496,01,0.053789496,False,0,0.0,0.6,0.146894748,Normal
train,01_069,0,0.10359038,01,0.10359038,False,0,0.0,0.6,0.17179519,Normal
train,01_069,0,0.20601152,01,0.20601152,False,0,0.0,0.6,0.22300576,Normal
train,01_069,0,0.1451504,01,0.1451504,False,0,0.0,0.6,0.1925752,Normal
train,01_069,0,0.04219249,01,0.04219249,False,0,0.0,0.6,0.141096245,Normal
train,01_069,0,0.030172909,01,0.030172909,False,0,0.0,0.6,0.1350864545,Normal
train,01_069,0,0.034271892,01,0.034271892,False,0,0.0,0.6,0.137135946,Normal
train,01_069,0,0.10542467,01,0.10542467,False,0,0.0,0.6,0.172712335,Normal
train,01_069,0,0.10140242,01,0.10140242,False,0,0.0,0.6,0.17070121,Normal
train,01_069,0,0.38581958,01,0.38581958,False,0,0.0,0.6,0.31290978999999997,Normal
train,01_069,0,0.3015933,01,0.3015933,False,0,0.0,0.6,0.27079664999999997,Normal
train,01_069,0,0.4082387,01,0.4082387,False,0,0.0,0.6,0.32411935000000003,Normal
train,01_069,0,0.63791734,01,0.63791734,True,1,0.2,0.6,0.49895867,Low
train,01_069,0,0.8446723,01,0.8446723,True,2,0.4,0.6,0.66233615,Low
train,01_069,0,0.8844755,01,0.8844755,True,3,0.6,0.6,0.74223775,Medium
train,01_069,0,0.92077374,01,0.92077374,True,4,0.8,0.6,0.82038687,Medium
train,01_069,0,0.9402243,01,0.9402243,True,5,1.0,0.6,0.89011215,High
train,01_069,0,0.9066609,01,0.9066609,True,6,1.0,0.6,0.87333045,High
train,01_069,0,0.6964564,01,0.6964564,True,7,1.0,0.6,0.7682281999999999,Medium
train,01_069,0,0.07684991,01,0.07684991,False,0,0.0,0.6,0.15842495499999998,Normal
train,01_069,0,0.037605114,01,0.037605114,False,0,0.0,0.6,0.138802557,Normal
train,01_069,0,0.03627603,01,0.03627603,False,0,0.0,0.6,0.138138015,Normal
train,01_069,0,0.107872605,01,0.107872605,False,0,0.0,0.6,0.1739363025,Normal
train,01_069,0,0.12779129,01,0.12779129,False,0,0.0,0.6,0.183895645,Normal
train,01_069,0,0.13097806,01,0.13097806,False,0,0.0,0.6,0.18548903,Normal
train,01_069,0,0.051819567,01,0.051819567,False,0,0.0,0.6,0.1459097835,Normal
train,01_069,0,0.03899395,01,0.03899395,False,0,0.0,0.6,0.139496975,Normal
train,01_070,0,0.17234224,01,0.17234224,False,0,0.0,0.6,0.20617111999999999,Normal
train,01_070,0,0.058055226,01,0.058055226,False,0,0.0,0.6,0.149027613,Normal
train,01_070,0,0.056296,01,0.056296,False,0,0.0,0.6,0.148148,Normal
train,01_070,0,0.21923944,01,0.21923944,False,0,0.0,0.6,0.22961972,Normal
train,01_070,0,0.28911373,01,0.28911373,False,0,0.0,0.6,0.264556865,Normal
train,01_070,0,0.069550894,01,0.069550894,False,0,0.0,0.6,0.154775447,Normal
train,01_070,0,0.110730916,01,0.110730916,False,0,0.0,0.6,0.175365458,Normal
train,01_070,0,0.09361701,01,0.09361701,False,0,0.0,0.6,0.166808505,Normal
train,01_070,0,0.06676347,01,0.06676347,False,0,0.0,0.6,0.153381735,Normal
train,01_070,0,0.071811244,01,0.071811244,False,0,0.0,0.6,0.155905622,Normal
train,01_070,0,0.022675766,01,0.022675766,False,0,0.0,0.6,0.131337883,Normal
train,01_070,0,0.018553257,01,0.018553257,False,0,0.0,0.6,0.1292766285,Normal
train,01_070,0,0.027106436,01,0.027106436,False,0,0.0,0.6,0.133553218,Normal
train,01_070,0,0.030470582,01,0.030470582,False,0,0.0,0.6,0.135235291,Normal
train,01_070,0,0.027527783,01,0.027527783,False,0,0.0,0.6,0.1337638915,Normal
train,01_070,0,0.04627875,01,0.04627875,False,0,0.0,0.6,0.14313937499999999,Normal
train,01_070,0,0.03158394,01,0.03158394,False,0,0.0,0.6,0.13579196999999998,Normal
train,01_070,0,0.048705306,01,0.048705306,False,0,0.0,0.6,0.144352653,Normal
train,01_070,0,0.024401234,01,0.024401234,False,0,0.0,0.6,0.132200617,Normal
train,01_070,0,0.022958035,01,0.022958035,False,0,0.0,0.6,0.1314790175,Normal
train,01_070,0,0.020479321,01,0.020479321,False,0,0.0,0.6,0.1302396605,Normal
train,01_070,0,0.01580361,01,0.01580361,False,0,0.0,0.6,0.127901805,Normal
train,01_070,0,0.016867926,01,0.016867926,False,0,0.0,0.6,0.12843396299999998,Normal
train,01_070,0,0.019461798,01,0.019461798,False,0,0.0,0.6,0.12973089899999998,Normal
train,01_070,0,0.051217683,01,0.051217683,False,0,0.0,0.6,0.1456088415,Normal
train,01_070,0,0.10831425,01,0.10831425,False,0,0.0,0.6,0.174157125,Normal
train,01_070,0,0.03147905,01,0.03147905,False,0,0.0,0.6,0.135739525,Normal
train,01_070,0,0.024453403,01,0.024453403,False,0,0.0,0.6,0.1322267015,Normal
train,01_070,0,0.0148848,01,0.0148848,False,0,0.0,0.6,0.12744239999999998,Normal
train,01_070,0,0.03317558,01,0.03317558,False,0,0.0,0.6,0.13658779,Normal
train,01_070,0,0.07032135,01,0.07032135,False,0,0.0,0.6,0.155160675,Normal
test,01_071,0,0.020392127,01,0.020392127,False,0,0.0,0.6,0.1301960635,Normal
test,01_071,0,0.01953029,01,0.01953029,False,0,0.0,0.6,0.129765145,Normal
test,01_071,0,0.017622573,01,0.017622573,False,0,0.0,0.6,0.12881128649999998,Normal
test,01_071,0,0.02659375,01,0.02659375,False,0,0.0,0.6,0.13329687499999998,Normal
test,01_071,0,0.14772779,01,0.14772779,False,0,0.0,0.6,0.193863895,Normal
test,01_071,0,0.20429435,01,0.20429435,False,0,0.0,0.6,0.222147175,Normal
test,01_071,0,0.09193606,01,0.09193606,False,0,0.0,0.6,0.16596803,Normal
test,01_071,0,0.055537876,01,0.055537876,False,0,0.0,0.6,0.147768938,Normal
test,01_071,0,0.028972968,01,0.028972968,False,0,0.0,0.6,0.134486484,Normal
test,01_071,0,0.016382106,01,0.016382106,False,0,0.0,0.6,0.128191053,Normal
test,01_071,0,0.01449387,01,0.01449387,False,0,0.0,0.6,0.127246935,Normal
test,01_071,0,0.024225915,01,0.024225915,False,0,0.0,0.6,0.1321129575,Normal
test,01_071,0,0.02146206,01,0.02146206,False,0,0.0,0.6,0.13073103,Normal
test,01_071,0,0.025208358,01,0.025208358,False,0,0.0,0.6,0.132604179,Normal
test,01_071,0,0.0214104,01,0.0214104,False,0,0.0,0.6,0.1307052,Normal
test,01_071,0,0.044578053,01,0.044578053,False,0,0.0,0.6,0.1422890265,Normal
test,01_071,0,0.050930582,01,0.050930582,False,0,0.0,0.6,0.145465291,Normal
test,01_071,0,0.048914403,01,0.048914403,False,0,0.0,0.6,0.1444572015,Normal
test,01_071,0,0.027568808,01,0.027568808,False,0,0.0,0.6,0.133784404,Normal
test,01_071,0,0.025198072,01,0.025198072,False,0,0.0,0.6,0.132599036,Normal
test,01_071,0,0.025401248,01,0.025401248,False,0,0.0,0.6,0.132700624,Normal
test,01_071,0,0.034694918,01,0.034694918,False,0,0.0,0.6,0.137347459,Normal
test,01_071,0,0.029324658,01,0.029324658,False,0,0.0,0.6,0.134662329,Normal
test,01_071,0,0.018361703,01,0.018361703,False,0,0.0,0.6,0.1291808515,Normal
test,01_071,0,0.019198086,01,0.019198086,False,0,0.0,0.6,0.129599043,Normal
test,01_071,0,0.018847479,01,0.018847479,False,0,0.0,0.6,0.1294237395,Normal
test,01_071,0,0.037525382,01,0.037525382,False,0,0.0,0.6,0.138762691,Normal
test,01_071,0,0.05129178,01,0.05129178,False,0,0.0,0.6,0.14564589,Normal
test,01_071,0,0.04960462,01,0.04960462,False,0,0.0,0.6,0.14480231,Normal
test,01_071,0,0.045826934,01,0.045826934,False,0,0.0,0.6,0.142913467,Normal
test,01_071,0,0.070575476,01,0.070575476,False,0,0.0,0.6,0.155287738,Normal
test,01_072,0,0.09446351,01,0.09446351,False,0,0.0,0.6,0.16723175499999998,Normal
test,01_072,0,0.29716638,01,0.29716638,False,0,0.0,0.6,0.26858318999999997,Normal
test,01_072,0,0.4056625,01,0.4056625,False,0,0.0,0.6,0.32283125,Normal
test,01_072,0,0.6112631,01,0.6112631,True,1,0.2,0.6,0.48563154999999997,Low
test,01_072,0,0.7634889,01,0.7634889,True,2,0.4,0.6,0.62174445,Low
test,01_072,0,0.28558183,01,0.28558183,False,0,0.0,0.6,0.26279091499999996,Normal
test,01_072,0,0.1388121,01,0.1388121,False,0,0.0,0.6,0.18940605,Normal
test,01_072,0,0.1416557,01,0.1416557,False,0,0.0,0.6,0.19082785,Normal
test,01_072,0,0.16821961,01,0.16821961,False,0,0.0,0.6,0.20410980499999998,Normal
test,01_072,0,0.058402084,01,0.058402084,False,0,0.0,0.6,0.149201042,Normal
test,01_072,0,0.046872836,01,0.046872836,False,0,0.0,0.6,0.143436418,Normal
test,01_072,0,0.038500827,01,0.038500827,False,0,0.0,0.6,0.1392504135,Normal
test,01_072,0,0.016590409,01,0.016590409,False,0,0.0,0.6,0.12829520449999998,Normal
test,01_072,0,0.02162548,01,0.02162548,False,0,0.0,0.6,0.13081273999999998,Normal
test,01_072,0,0.02575935,01,0.02575935,False,0,0.0,0.6,0.132879675,Normal
test,01_072,0,0.030889526,01,0.030889526,False,0,0.0,0.6,0.135444763,Normal
test,01_072,0,0.03271681,01,0.03271681,False,0,0.0,0.6,0.136358405,Normal
test,01_072,0,0.04008286,01,0.04008286,False,0,0.0,0.6,0.14004143,Normal
test,01_072,0,0.039090987,01,0.039090987,False,0,0.0,0.6,0.1395454935,Normal
test,01_072,0,0.04472221,01,0.04472221,False,0,0.0,0.6,0.142361105,Normal
test,01_072,0,0.028548237,01,0.028548237,False,0,0.0,0.6,0.13427411849999998,Normal
test,01_072,0,0.037403505,01,0.037403505,False,0,0.0,0.6,0.1387017525,Normal
test,01_072,0,0.11371351,01,0.11371351,False,0,0.0,0.6,0.176856755,Normal
test,01_072,0,0.10495153,01,0.10495153,False,0,0.0,0.6,0.172475765,Normal
test,01_072,0,0.04646105,01,0.04646105,False,0,0.0,0.6,0.143230525,Normal
test,01_072,0,0.07763295,01,0.07763295,False,0,0.0,0.6,0.158816475,Normal
test,01_072,0,0.06041196,01,0.06041196,False,0,0.0,0.6,0.15020598,Normal
test,01_072,0,0.14480673,01,0.14480673,False,0,0.0,0.6,0.192403365,Normal
test,01_072,0,0.11227955,01,0.11227955,False,0,0.0,0.6,0.176139775,Normal
test,01_072,0,0.22539638,01,0.22539638,False,0,0.0,0.6,0.23269819,Normal
test,01_072,0,0.14726509,01,0.14726509,False,0,0.0,0.6,0.193632545,Normal
train,01_073,0,0.4809458,01,0.4809458,False,0,0.0,0.6,0.3604729,Normal
train,01_073,0,0.5267173,01,0.5267173,True,1,0.2,0.6,0.44335865,Low
train,01_073,0,0.36359808,01,0.36359808,False,0,0.0,0.6,0.30179904,Normal
train,01_073,0,0.5330356,01,0.5330356,True,1,0.2,0.6,0.4465178,Low
train,01_073,0,0.18671978,01,0.18671978,False,0,0.0,0.6,0.21335989,Normal
train,01_073,0,0.03517195,01,0.03517195,False,0,0.0,0.6,0.137585975,Normal
train,01_073,0,0.017669722,01,0.017669722,False,0,0.0,0.6,0.128834861,Normal
train,01_073,0,0.043429412,01,0.043429412,False,0,0.0,0.6,0.141714706,Normal
train,01_073,0,0.055466194,01,0.055466194,False,0,0.0,0.6,0.147733097,Normal
train,01_073,0,0.09427364,01,0.09427364,False,0,0.0,0.6,0.16713682,Normal
train,01_073,0,0.11472912,01,0.11472912,False,0,0.0,0.6,0.17736456,Normal
train,01_073,0,0.04969696,01,0.04969696,False,0,0.0,0.6,0.14484848,Normal
train,01_073,0,0.03497403,01,0.03497403,False,0,0.0,0.6,0.137487015,Normal
train,01_073,0,0.029038971,01,0.029038971,False,0,0.0,0.6,0.1345194855,Normal
train,01_073,0,0.027188642,01,0.027188642,False,0,0.0,0.6,0.133594321,Normal
train,01_073,0,0.062070075,01,0.062070075,False,0,0.0,0.6,0.1510350375,Normal
train,01_073,0,0.07942814,01,0.07942814,False,0,0.0,0.6,0.15971406999999999,Normal
train,01_073,0,0.09206928,01,0.09206928,False,0,0.0,0.6,0.16603464,Normal
train,01_073,0,0.12588964,01,0.12588964,False,0,0.0,0.6,0.18294482,Normal
train,01_073,0,0.325925,01,0.325925,False,0,0.0,0.6,0.2829625,Normal
train,01_073,0,0.4467089,01,0.4467089,False,0,0.0,0.6,0.34335445,Normal
train,01_073,0,0.25770617,01,0.25770617,False,0,0.0,0.6,0.248853085,Normal
train,01_073,0,0.10885506,01,0.10885506,False,0,0.0,0.6,0.17442753,Normal
train,01_073,0,0.13025871,01,0.13025871,False,0,0.0,0.6,0.185129355,Normal
train,01_073,0,0.12377739,01,0.12377739,False,0,0.0,0.6,0.181888695,Normal
train,01_073,0,0.044050142,01,0.044050142,False,0,0.0,0.6,0.142025071,Normal
train,01_073,0,0.12554978,01,0.12554978,False,0,0.0,0.6,0.18277489,Normal
train,01_073,0,0.045829084,01,0.045829084,False,0,0.0,0.6,0.142914542,Normal
train,01_073,0,0.025680536,01,0.025680536,False,0,0.0,0.6,0.13284026799999998,Normal
train,01_073,0,0.06740639,01,0.06740639,False,0,0.0,0.6,0.153703195,Normal
train,01_073,0,0.049105622,01,0.049105622,False,0,0.0,0.6,0.144552811,Normal
train,01_074,0,0.05959644,01,0.05959644,False,0,0.0,0.6,0.14979821999999998,Normal
train,01_074,0,0.71793044,01,0.71793044,True,1,0.2,0.6,0.5389652199999999,Low
train,01_074,0,0.90095466,01,0.90095466,True,2,0.4,0.6,0.69047733,Medium
train,01_074,0,0.11162587,01,0.11162587,False,0,0.0,0.6,0.175812935,Normal
train,01_074,0,0.026542116,01,0.026542116,False,0,0.0,0.6,0.133271058,Normal
train,01_074,0,0.023557654,01,0.023557654,False,0,0.0,0.6,0.131778827,Normal
train,01_074,0,0.020521007,01,0.020521007,False,0,0.0,0.6,0.13026050349999999,Normal
train,01_074,0,0.021423962,01,0.021423962,False,0,0.0,0.6,0.130711981,Normal
train,01_074,0,0.020796817,01,0.020796817,False,0,0.0,0.6,0.1303984085,Normal
train,01_074,0,0.042406578,01,0.042406578,False,0,0.0,0.6,0.141203289,Normal
train,01_074,0,0.07133994,01,0.07133994,False,0,0.0,0.6,0.15566997,Normal
train,01_074,0,0.049236152,01,0.049236152,False,0,0.0,0.6,0.14461807599999998,Normal
train,01_074,0,0.1303082,01,0.1303082,False,0,0.0,0.6,0.1851541,Normal
train,01_074,0,0.12414756,01,0.12414756,False,0,0.0,0.6,0.18207378,Normal
train,01_074,0,0.21345758,01,0.21345758,False,0,0.0,0.6,0.22672879,Normal
train,01_074,0,0.15106243,01,0.15106243,False,0,0.0,0.6,0.19553121499999998,Normal
train,01_074,0,0.072663784,01,0.072663784,False,0,0.0,0.6,0.156331892,Normal
train,01_074,0,0.04752486,01,0.04752486,False,0,0.0,0.6,0.14376243,Normal
train,01_074,0,0.08160335,01,0.08160335,False,0,0.0,0.6,0.160801675,Normal
train,01_074,0,0.051789578,01,0.051789578,False,0,0.0,0.6,0.145894789,Normal
train,01_074,0,0.065098256,01,0.065098256,False,0,0.0,0.6,0.15254912799999998,Normal
train,01_074,0,0.052344844,01,0.052344844,False,0,0.0,0.6,0.146172422,Normal
train,01_074,0,0.07105612,01,0.07105612,False,0,0.0,0.6,0.15552806,Normal
train,01_074,0,0.019545227,01,0.019545227,False,0,0.0,0.6,0.1297726135,Normal
train,01_074,0,0.027923591,01,0.027923591,False,0,0.0,0.6,0.1339617955,Normal
train,01_074,0,0.031418946,01,0.031418946,False,0,0.0,0.6,0.135709473,Normal
train,01_074,0,0.03318791,01,0.03318791,False,0,0.0,0.6,0.136593955,Normal
train,01_074,0,0.078742296,01,0.078742296,False,0,0.0,0.6,0.159371148,Normal
train,01_074,0,0.07827122,01,0.07827122,False,0,0.0,0.6,0.15913560999999998,Normal
train,01_074,0,0.053419698,01,0.053419698,False,0,0.0,0.6,0.146709849,Normal
train,01_074,0,0.11128704,01,0.11128704,False,0,0.0,0.6,0.17564352,Normal
train,01_075,0,0.10403921,01,0.10403921,False,0,0.0,0.6,0.172019605,Normal
train,01_075,0,0.075394586,01,0.075394586,False,0,0.0,0.6,0.157697293,Normal
train,01_075,0,0.09844006,01,0.09844006,False,0,0.0,0.6,0.16922003,Normal
train,01_075,0,0.05973138,01,0.05973138,False,0,0.0,0.6,0.14986569,Normal
train,01_075,0,0.06026728,01,0.06026728,False,0,0.0,0.6,0.15013363999999998,Normal
train,01_075,0,0.04398548,01,0.04398548,False,0,0.0,0.6,0.14199274,Normal
train,01_075,0,0.08873857,01,0.08873857,False,0,0.0,0.6,0.164369285,Normal
train,01_075,0,0.3380286,01,0.3380286,False,0,0.0,0.6,0.2890143,Normal
train,01_075,0,0.40531394,01,0.40531394,False,0,0.0,0.6,0.32265697,Normal
train,01_075,0,0.48779792,01,0.48779792,False,0,0.0,0.6,0.36389896,Normal
train,01_075,0,0.5159374,01,0.5159374,True,1,0.2,0.6,0.4379687,Low
train,01_075,0,0.32923564,01,0.32923564,False,0,0.0,0.6,0.28461782,Normal
train,01_075,0,0.5397103,01,0.5397103,True,1,0.2,0.6,0.44985515,Low
train,01_075,0,0.12492708,01,0.12492708,False,0,0.0,0.6,0.18246353999999998,Normal
train,01_075,0,0.02643618,01,0.02643618,False,0,0.0,0.6,0.13321808999999998,Normal
train,01_075,0,0.06937996,01,0.06937996,False,0,0.0,0.6,0.15468998,Normal
train,01_076,0,0.07311332,01,0.07311332,False,0,0.0,0.6,0.15655666,Normal
train,01_076,0,0.034537196,01,0.034537196,False,0,0.0,0.6,0.137268598,Normal
train,01_076,0,0.047833875,01,0.047833875,False,0,0.0,0.6,0.1439169375,Normal
train,01_076,0,0.036010474,01,0.036010474,False,0,0.0,0.6,0.138005237,Normal
train,01_076,0,0.044707473,01,0.044707473,False,0,0.0,0.6,0.1423537365,Normal
train,01_076,0,0.03772702,01,0.03772702,False,0,0.0,0.6,0.13886351,Normal
train,01_076,0,0.034107737,01,0.034107737,False,0,0.0,0.6,0.1370538685,Normal
train,01_076,0,0.029435255,01,0.029435255,False,0,0.0,0.6,0.1347176275,Normal
train,01_076,0,0.034805074,01,0.034805074,False,0,0.0,0.6,0.137402537,Normal
train,01_076,0,0.028670466,01,0.028670466,False,0,0.0,0.6,0.134335233,Normal
train,01_076,0,0.04261859,01,0.04261859,False,0,0.0,0.6,0.141309295,Normal
train,01_076,0,0.05457883,01,0.05457883,False,0,0.0,0.6,0.147289415,Normal
train,01_076,0,0.042423584,01,0.042423584,False,0,0.0,0.6,0.141211792,Normal
train,01_076,0,0.068457685,01,0.068457685,False,0,0.0,0.6,0.1542288425,Normal
train,01_076,0,0.08121975,01,0.08121975,False,0,0.0,0.6,0.16060987499999999,Normal
train,01_076,0,0.043733153,01,0.043733153,False,0,0.0,0.6,0.1418665765,Normal
train,01_077,0,0.023580184,01,0.023580184,False,0,0.0,0.6,0.131790092,Normal
train,01_077,0,0.040972993,01,0.040972993,False,0,0.0,0.6,0.1404864965,Normal
train,01_077,0,0.07597101,01,0.07597101,False,0,0.0,0.6,0.157985505,Normal
train,01_077,0,0.04729765,01,0.04729765,False,0,0.0,0.6,0.14364882499999998,Normal
train,01_077,0,0.103792,01,0.103792,False,0,0.0,0.6,0.171896,Normal
train,01_077,0,0.16823997,01,0.16823997,False,0,0.0,0.6,0.204119985,Normal
train,01_077,0,0.12562478,01,0.12562478,False,0,0.0,0.6,0.18281239,Normal
train,01_077,0,0.093110576,01,0.093110576,False,0,0.0,0.6,0.166555288,Normal
train,01_077,0,0.039383296,01,0.039383296,False,0,0.0,0.6,0.139691648,Normal
train,01_077,0,0.051274113,01,0.051274113,False,0,0.0,0.6,0.1456370565,Normal
train,01_077,0,0.038437765,01,0.038437765,False,0,0.0,0.6,0.1392188825,Normal
train,01_077,0,0.043338608,01,0.043338608,False,0,0.0,0.6,0.141669304,Normal
train,01_077,0,0.12101245,01,0.12101245,False,0,0.0,0.6,0.180506225,Normal
train,01_077,0,0.16106753,01,0.16106753,False,0,0.0,0.6,0.20053376499999997,Normal
train,01_077,0,0.21245174,01,0.21245174,False,0,0.0,0.6,0.22622587,Normal
train,01_077,0,0.35794228,01,0.35794228,False,0,0.0,0.6,0.29897114,Normal
train,01_077,0,0.5123817,01,0.5123817,True,1,0.2,0.6,0.43619085,Low
train,01_077,0,0.566048,01,0.566048,True,2,0.4,0.6,0.5230239999999999,Low
train,01_077,0,0.5555736,01,0.5555736,True,3,0.6,0.6,0.5777867999999999,Low
train,01_077,0,0.22309238,01,0.22309238,False,0,0.0,0.6,0.23154618999999999,Normal
train,01_078,0,0.101507895,01,0.101507895,False,0,0.0,0.6,0.1707539475,Normal
train,01_078,0,0.08480727,01,0.08480727,False,0,0.0,0.6,0.162403635,Normal
train,01_078,0,0.058177587,01,0.058177587,False,0,0.0,0.6,0.14908879349999998,Normal
train,01_078,0,0.18105528,01,0.18105528,False,0,0.0,0.6,0.21052764000000002,Normal
train,01_078,0,0.15881895,01,0.15881895,False,0,0.0,0.6,0.199409475,Normal
train,01_078,0,0.11088434,01,0.11088434,False,0,0.0,0.6,0.17544217,Normal
train,01_078,0,0.21934314,01,0.21934314,False,0,0.0,0.6,0.22967157,Normal
train,01_078,0,0.21855383,01,0.21855383,False,0,0.0,0.6,0.229276915,Normal
train,01_078,0,0.1659803,01,0.1659803,False,0,0.0,0.6,0.20299014999999998,Normal
train,01_078,0,0.10672972,01,0.10672972,False,0,0.0,0.6,0.17336486,Normal
train,01_078,0,0.13651398,01,0.13651398,False,0,0.0,0.6,0.18825699,Normal
train,01_078,0,0.22124043,01,0.22124043,False,0,0.0,0.6,0.230620215,Normal
train,01_078,0,0.18522535,01,0.18522535,False,0,0.0,0.6,0.212612675,Normal
train,01_078,0,0.13053827,01,0.13053827,False,0,0.0,0.6,0.185269135,Normal
train,01_078,0,0.111799754,01,0.111799754,False,0,0.0,0.6,0.17589987699999998,Normal
train,01_078,0,0.06638711,01,0.06638711,False,0,0.0,0.6,0.15319355499999998,Normal
train,01_078,0,0.03008205,01,0.03008205,False,0,0.0,0.6,0.13504102499999998,Normal
train,01_078,0,0.026019452,01,0.026019452,False,0,0.0,0.6,0.133009726,Normal
train,01_078,0,0.050396837,01,0.050396837,False,0,0.0,0.6,0.14519841849999998,Normal
train,01_078,0,0.029111067,01,0.029111067,False,0,0.0,0.6,0.1345555335,Normal
train,01_078,0,0.09493479,01,0.09493479,False,0,0.0,0.6,0.167467395,Normal
train,01_078,0,0.0642402,01,0.0642402,False,0,0.0,0.6,0.15212009999999998,Normal
train,01_078,0,0.045404818,01,0.045404818,False,0,0.0,0.6,0.142702409,Normal
train,01_078,0,0.030493867,01,0.030493867,False,0,0.0,0.6,0.1352469335,Normal
train,01_078,0,0.03496265,01,0.03496265,False,0,0.0,0.6,0.137481325,Normal
train,01_078,0,0.027819898,01,0.027819898,False,0,0.0,0.6,0.133909949,Normal
train,01_078,0,0.021172095,01,0.021172095,False,0,0.0,0.6,0.1305860475,Normal
train,01_078,0,0.025552632,01,0.025552632,False,0,0.0,0.6,0.132776316,Normal
train,01_078,0,0.022862244,01,0.022862244,False,0,0.0,0.6,0.13143112199999998,Normal
train,01_078,0,0.054698333,01,0.054698333,False,0,0.0,0.6,0.1473491665,Normal
train,01_078,0,0.06603483,01,0.06603483,False,0,0.0,0.6,0.153017415,Normal
train,01_079,0,0.3384304,01,0.3384304,False,0,0.0,0.6,0.2892152,Normal
train,01_079,0,0.29705378,01,0.29705378,False,0,0.0,0.6,0.26852688999999996,Normal
train,01_079,0,0.10675541,01,0.10675541,False,0,0.0,0.6,0.173377705,Normal
train,01_079,0,0.32649562,01,0.32649562,False,0,0.0,0.6,0.28324781,Normal
train,01_079,0,0.87357056,01,0.87357056,True,1,0.2,0.6,0.61678528,Low
train,01_079,0,0.6158761,01,0.6158761,True,2,0.4,0.6,0.54793805,Low
train,01_079,0,0.46455416,01,0.46455416,False,0,0.0,0.6,0.35227708,Normal
train,01_079,0,0.14521533,01,0.14521533,False,0,0.0,0.6,0.19260766499999998,Normal
train,01_079,0,0.268578,01,0.268578,False,0,0.0,0.6,0.254289,Normal
train,01_079,0,0.06701278,01,0.06701278,False,0,0.0,0.6,0.15350639,Normal
train,01_079,0,0.048179697,01,0.048179697,False,0,0.0,0.6,0.1440898485,Normal
train,01_079,0,0.021017518,01,0.021017518,False,0,0.0,0.6,0.130508759,Normal
train,01_079,0,0.023647225,01,0.023647225,False,0,0.0,0.6,0.1318236125,Normal
train,01_079,0,0.022135919,01,0.022135919,False,0,0.0,0.6,0.1310679595,Normal
train,01_079,0,0.02201969,01,0.02201969,False,0,0.0,0.6,0.13100984499999999,Normal
train,01_079,0,0.034162644,01,0.034162644,False,0,0.0,0.6,0.137081322,Normal
train,01_079,0,0.021789648,01,0.021789648,False,0,0.0,0.6,0.130894824,Normal
train,01_079,0,0.05983342,01,0.05983342,False,0,0.0,0.6,0.14991671,Normal
train,01_079,0,0.053706303,01,0.053706303,False,0,0.0,0.6,0.1468531515,Normal
train,01_079,0,0.034374405,01,0.034374405,False,0,0.0,0.6,0.1371872025,Normal
train,01_079,0,0.014416727,01,0.014416727,False,0,0.0,0.6,0.1272083635,Normal
train,01_080,0,0.08780056,01,0.08780056,False,0,0.0,0.6,0.16390028,Normal
train,01_080,0,0.09209822,01,0.09209822,False,0,0.0,0.6,0.16604911,Normal
train,01_080,0,0.13520749,01,0.13520749,False,0,0.0,0.6,0.187603745,Normal
train,01_080,0,0.26448426,01,0.26448426,False,0,0.0,0.6,0.25224213,Normal
train,01_080,0,0.7082293,01,0.7082293,True,1,0.2,0.6,0.53411465,Low
train,01_080,0,0.6692311,01,0.6692311,True,2,0.4,0.6,0.57461555,Low
train,01_080,0,0.67634726,01,0.67634726,True,3,0.6,0.6,0.6381736299999999,Low
train,01_080,0,0.4581851,01,0.4581851,False,0,0.0,0.6,0.34909255,Normal
train,01_080,0,0.16606516,01,0.16606516,False,0,0.0,0.6,0.20303258,Normal
train,01_080,0,0.0690837,01,0.0690837,False,0,0.0,0.6,0.15454184999999998,Normal
train,01_080,0,0.09968211,01,0.09968211,False,0,0.0,0.6,0.169841055,Normal
train,01_080,0,0.023943435,01,0.023943435,False,0,0.0,0.6,0.1319717175,Normal
train,01_080,0,0.047176782,01,0.047176782,False,0,0.0,0.6,0.14358839099999998,Normal
train,01_080,0,0.042109534,01,0.042109534,False,0,0.0,0.6,0.141054767,Normal
train,01_080,0,0.0493086,01,0.0493086,False,0,0.0,0.6,0.14465429999999999,Normal
train,01_080,0,0.047325093,01,0.047325093,False,0,0.0,0.6,0.1436625465,Normal
train,01_080,0,0.10931285,01,0.10931285,False,0,0.0,0.6,0.174656425,Normal
train,01_080,0,0.06225962,01,0.06225962,False,0,0.0,0.6,0.15112981,Normal
train,01_080,0,0.1483841,01,0.1483841,False,0,0.0,0.6,0.19419205,Normal
train,01_080,0,0.25761107,01,0.25761107,False,0,0.0,0.6,0.248805535,Normal
train,01_080,0,0.10914444,01,0.10914444,False,0,0.0,0.6,0.17457222,Normal
train,01_080,0,0.034394234,01,0.034394234,False,0,0.0,0.6,0.137197117,Normal
train,01_080,0,0.051340573,01,0.051340573,False,0,0.0,0.6,0.1456702865,Normal
test,01_081,0,0.05835258,01,0.05835258,False,0,0.0,0.6,0.14917629,Normal
test,01_081,0,0.022505827,01,0.022505827,False,0,0.0,0.6,0.13125291349999998,Normal
test,01_081,0,0.016724868,01,0.016724868,False,0,0.0,0.6,0.128362434,Normal
test,01_081,0,0.017898887,01,0.017898887,False,0,0.0,0.6,0.12894944349999998,Normal
test,01_081,0,0.020204451,01,0.020204451,False,0,0.0,0.6,0.1301022255,Normal
test,01_081,0,0.032871623,01,0.032871623,False,0,0.0,0.6,0.1364358115,Normal
test,01_081,0,0.07077283,01,0.07077283,False,0,0.0,0.6,0.155386415,Normal
test,01_081,0,0.1081836,01,0.1081836,False,0,0.0,0.6,0.1740918,Normal
test,01_081,0,0.11927093,01,0.11927093,False,0,0.0,0.6,0.179635465,Normal
test,01_081,0,0.06951377,01,0.06951377,False,0,0.0,0.6,0.154756885,Normal
test,01_081,0,0.038405567,01,0.038405567,False,0,0.0,0.6,0.13920278349999998,Normal
test,01_081,0,0.031097706,01,0.031097706,False,0,0.0,0.6,0.135548853,Normal
test,01_081,0,0.03177674,01,0.03177674,False,0,0.0,0.6,0.13588836999999998,Normal
test,01_081,0,0.029595822,01,0.029595822,False,0,0.0,0.6,0.134797911,Normal
test,01_081,0,0.026323326,01,0.026323326,False,0,0.0,0.6,0.13316166299999999,Normal
test,01_081,0,0.05120166,01,0.05120166,False,0,0.0,0.6,0.14560083,Normal
test,01_081,0,0.032708116,01,0.032708116,False,0,0.0,0.6,0.136354058,Normal
test,01_081,0,0.03199397,01,0.03199397,False,0,0.0,0.6,0.135996985,Normal
test,01_081,0,0.01691619,01,0.01691619,False,0,0.0,0.6,0.128458095,Normal
test,01_081,0,0.016993321,01,0.016993321,False,0,0.0,0.6,0.1284966605,Normal
test,01_081,0,0.020401243,01,0.020401243,False,0,0.0,0.6,0.1302006215,Normal
test,01_081,0,0.028231658,01,0.028231658,False,0,0.0,0.6,0.134115829,Normal
test,01_081,0,0.12508082,01,0.12508082,False,0,0.0,0.6,0.18254041,Normal
train,01_082,0,0.09221708,01,0.09221708,False,0,0.0,0.6,0.16610854,Normal
train,01_082,0,0.2086035,01,0.2086035,False,0,0.0,0.6,0.22430175,Normal
train,01_082,0,0.32102665,01,0.32102665,False,0,0.0,0.6,0.28051332500000004,Normal
train,01_082,0,0.19869663,01,0.19869663,False,0,0.0,0.6,0.21934831500000002,Normal
train,01_082,0,0.23474027,01,0.23474027,False,0,0.0,0.6,0.23737013499999998,Normal
train,01_082,0,0.1317879,01,0.1317879,False,0,0.0,0.6,0.18589395,Normal
train,01_082,0,0.15316312,01,0.15316312,False,0,0.0,0.6,0.19658156,Normal
train,01_082,0,0.17222734,01,0.17222734,False,0,0.0,0.6,0.20611367,Normal
train,01_082,0,0.16569035,01,0.16569035,False,0,0.0,0.6,0.202845175,Normal
train,01_082,0,0.18221895,01,0.18221895,False,0,0.0,0.6,0.211109475,Normal
train,01_082,0,0.0678454,01,0.0678454,False,0,0.0,0.6,0.1539227,Normal
train,01_082,0,0.108728506,01,0.108728506,False,0,0.0,0.6,0.174364253,Normal
train,01_082,0,0.12964733,01,0.12964733,False,0,0.0,0.6,0.184823665,Normal
train,01_082,0,0.094913386,01,0.094913386,False,0,0.0,0.6,0.167456693,Normal
train,01_082,0,0.15485053,01,0.15485053,False,0,0.0,0.6,0.197425265,Normal
train,01_082,0,0.074188456,01,0.074188456,False,0,0.0,0.6,0.157094228,Normal
train,01_082,0,0.09761505,01,0.09761505,False,0,0.0,0.6,0.16880752499999999,Normal
train,01_082,0,0.38049608,01,0.38049608,False,0,0.0,0.6,0.31024804,Normal
train,01_082,0,0.26379257,01,0.26379257,False,0,0.0,0.6,0.251896285,Normal
train,01_082,0,0.085966356,01,0.085966356,False,0,0.0,0.6,0.162983178,Normal
train,01_082,0,0.24903248,01,0.24903248,False,0,0.0,0.6,0.24451624,Normal
train,01_082,0,0.4520871,01,0.4520871,False,0,0.0,0.6,0.34604355,Normal
train,01_082,0,0.08642578,01,0.08642578,False,0,0.0,0.6,0.16321289,Normal
train,01_082,0,0.043926,01,0.043926,False,0,0.0,0.6,0.141963,Normal
train,01_083,0,0.10114033,01,0.10114033,False,0,0.0,0.6,0.170570165,Normal
train,01_083,0,0.08191783,01,0.08191783,False,0,0.0,0.6,0.16095891499999998,Normal
train,01_083,0,0.1467451,01,0.1467451,False,0,0.0,0.6,0.19337254999999998,Normal
train,01_083,0,0.16038506,01,0.16038506,False,0,0.0,0.6,0.20019252999999998,Normal
train,01_083,0,0.094304934,01,0.094304934,False,0,0.0,0.6,0.167152467,Normal
train,01_083,0,0.055160135,01,0.055160135,False,0,0.0,0.6,0.1475800675,Normal
train,01_083,0,0.08341546,01,0.08341546,False,0,0.0,0.6,0.16170773,Normal
train,01_083,0,0.17612363,01,0.17612363,False,0,0.0,0.6,0.20806181499999998,Normal
train,01_083,0,0.22319011,01,0.22319011,False,0,0.0,0.6,0.231595055,Normal
train,01_083,0,0.10427531,01,0.10427531,False,0,0.0,0.6,0.172137655,Normal
train,01_083,0,0.07248402,01,0.07248402,False,0,0.0,0.6,0.15624201,Normal
train,01_083,0,0.16618125,01,0.16618125,False,0,0.0,0.6,0.203090625,Normal
train,01_083,0,0.20119531,01,0.20119531,False,0,0.0,0.6,0.220597655,Normal
train,01_083,0,0.12277635,01,0.12277635,False,0,0.0,0.6,0.18138817499999998,Normal
train,01_083,0,0.040983543,01,0.040983543,False,0,0.0,0.6,0.1404917715,Normal
train,01_083,0,0.09331158,01,0.09331158,False,0,0.0,0.6,0.16665579,Normal
train,01_083,0,0.121899985,01,0.121899985,False,0,0.0,0.6,0.1809499925,Normal
train,01_083,0,0.23510632,01,0.23510632,False,0,0.0,0.6,0.23755315999999999,Normal
train,01_083,0,0.1918457,01,0.1918457,False,0,0.0,0.6,0.21592285,Normal
train,01_083,0,0.14542224,01,0.14542224,False,0,0.0,0.6,0.19271112,Normal
train,01_083,0,0.15565142,01,0.15565142,False,0,0.0,0.6,0.19782571,Normal
train,01_083,0,0.114808805,01,0.114808805,False,0,0.0,0.6,0.1774044025,Normal
train,01_083,0,0.17533155,01,0.17533155,False,0,0.0,0.6,0.207665775,Normal
train,01_083,0,0.24024087,01,0.24024087,False,0,0.0,0.6,0.240120435,Normal
train,01_083,0,0.09855287,01,0.09855287,False,0,0.0,0.6,0.169276435,Normal
train,01_083,0,0.16323417,01,0.16323417,False,0,0.0,0.6,0.201617085,Normal
train,02_001,0,0.9340891,02,0.9340891,True,1,0.2,0.6,0.64704455,Low
train,02_001,0,0.6652179,02,0.6652179,True,2,0.4,0.6,0.57260895,Low
train,02_001,0,0.072363205,02,0.072363205,False,0,0.0,0.6,0.1561816025,Normal
train,02_001,0,0.022990225,02,0.022990225,False,0,0.0,0.6,0.13149511249999998,Normal
train,02_001,0,0.01849383,02,0.01849383,False,0,0.0,0.6,0.129246915,Normal
train,02_001,0,0.006561277,02,0.006561277,False,0,0.0,0.6,0.1232806385,Normal
train,02_001,0,0.006314894,02,0.006314894,False,0,0.0,0.6,0.12315744699999999,Normal
train,02_001,0,0.0065431134,02,0.0065431134,False,0,0.0,0.6,0.12327155669999999,Normal
train,02_001,0,0.007143306,02,0.007143306,False,0,0.0,0.6,0.12357165299999999,Normal
train,02_001,0,0.019876027,02,0.019876027,False,0,0.0,0.6,0.1299380135,Normal
train,02_001,0,0.007760426,02,0.007760426,False,0,0.0,0.6,0.12388021299999999,Normal
train,02_001,0,0.0054885377,02,0.0054885377,False,0,0.0,0.6,0.12274426884999999,Normal
train,02_001,0,0.005679734,02,0.005679734,False,0,0.0,0.6,0.12283986699999999,Normal
train,02_001,0,0.0059919236,02,0.0059919236,False,0,0.0,0.6,0.1229959618,Normal
train,02_001,0,0.01095189,02,0.01095189,False,0,0.0,0.6,0.125475945,Normal
train,02_001,0,0.023089888,02,0.023089888,False,0,0.0,0.6,0.131544944,Normal
train,02_001,0,0.018481102,02,0.018481102,False,0,0.0,0.6,0.12924055099999998,Normal
train,02_001,0,0.08085829,02,0.08085829,False,0,0.0,0.6,0.160429145,Normal
train,02_001,0,0.08708395,02,0.08708395,False,0,0.0,0.6,0.163541975,Normal
train,02_001,0,0.10487478,02,0.10487478,False,0,0.0,0.6,0.17243739,Normal
train,02_001,0,0.06563527,02,0.06563527,False,0,0.0,0.6,0.152817635,Normal
train,02_001,0,0.14049326,02,0.14049326,False,0,0.0,0.6,0.19024663,Normal
train,02_001,0,0.44478542,02,0.44478542,False,0,0.0,0.6,0.34239271,Normal
train,02_001,0,0.73856944,02,0.73856944,True,1,0.2,0.6,0.54928472,Low
train,02_001,0,0.20288484,02,0.20288484,False,0,0.0,0.6,0.22144242,Normal
train,02_001,0,0.007309401,02,0.007309401,False,0,0.0,0.6,0.12365470049999999,Normal
train,02_001,0,0.0054034805,02,0.0054034805,False,0,0.0,0.6,0.12270174025,Normal
train,02_002,0,0.005680057,02,0.005680057,False,0,0.0,0.6,0.12284002849999999,Normal
train,02_002,0,0.005698543,02,0.005698543,False,0,0.0,0.6,0.1228492715,Normal
train,02_002,0,0.0058857067,02,0.0058857067,False,0,0.0,0.6,0.12294285334999999,Normal
train,02_002,0,0.0054369434,02,0.0054369434,False,0,0.0,0.6,0.1227184717,Normal
train,02_002,0,0.008169606,02,0.008169606,False,0,0.0,0.6,0.124084803,Normal
train,02_002,0,0.015311487,02,0.015311487,False,0,0.0,0.6,0.1276557435,Normal
train,02_002,0,0.032720372,02,0.032720372,False,0,0.0,0.6,0.136360186,Normal
train,02_002,0,0.03758355,02,0.03758355,False,0,0.0,0.6,0.138791775,Normal
train,02_002,0,0.02822627,02,0.02822627,False,0,0.0,0.6,0.134113135,Normal
train,02_002,0,0.02128901,02,0.02128901,False,0,0.0,0.6,0.130644505,Normal
train,02_002,0,0.012984153,02,0.012984153,False,0,0.0,0.6,0.1264920765,Normal
train,02_002,0,0.007616253,02,0.007616253,False,0,0.0,0.6,0.12380812649999999,Normal
train,02_002,0,0.0052652205,02,0.0052652205,False,0,0.0,0.6,0.12263261025,Normal
train,02_002,0,0.00602345,02,0.00602345,False,0,0.0,0.6,0.12301172499999999,Normal
train,02_002,0,0.0063462667,02,0.0063462667,False,0,0.0,0.6,0.12317313334999999,Normal
train,02_002,0,0.0046056923,02,0.0046056923,False,0,0.0,0.6,0.12230284614999999,Normal
train,02_002,0,0.004851829,02,0.004851829,False,0,0.0,0.6,0.1224259145,Normal
train,02_002,0,0.005478869,02,0.005478869,False,0,0.0,0.6,0.1227394345,Normal
train,02_002,0,0.0060446374,02,0.0060446374,False,0,0.0,0.6,0.1230223187,Normal
train,02_002,0,0.0059464443,02,0.0059464443,False,0,0.0,0.6,0.12297322214999999,Normal
train,02_002,0,0.004994776,02,0.004994776,False,0,0.0,0.6,0.122497388,Normal
train,02_002,0,0.005294065,02,0.005294065,False,0,0.0,0.6,0.12264703249999999,Normal
train,02_002,0,0.005486227,02,0.005486227,False,0,0.0,0.6,0.1227431135,Normal
train,02_002,0,0.0056371377,02,0.0056371377,False,0,0.0,0.6,0.12281856884999999,Normal
train,02_002,0,0.006373863,02,0.006373863,False,0,0.0,0.6,0.1231869315,Normal
train,02_002,0,0.006586907,02,0.006586907,False,0,0.0,0.6,0.1232934535,Normal
train,02_002,0,0.0068021566,02,0.0068021566,False,0,0.0,0.6,0.1234010783,Normal
train,02_003,0,0.58803403,02,0.58803403,True,1,0.2,0.6,0.474017015,Low
train,02_003,0,0.1373442,02,0.1373442,False,0,0.0,0.6,0.1886721,Normal
train,02_003,0,0.21573375,02,0.21573375,False,0,0.0,0.6,0.227866875,Normal
train,02_003,0,0.16513059,02,0.16513059,False,0,0.0,0.6,0.20256529499999998,Normal
train,02_003,0,0.019238532,02,0.019238532,False,0,0.0,0.6,0.12961926599999998,Normal
train,02_003,0,0.008535077,02,0.008535077,False,0,0.0,0.6,0.1242675385,Normal
train,02_003,0,0.018560762,02,0.018560762,False,0,0.0,0.6,0.129280381,Normal
train,02_003,0,0.026382908,02,0.026382908,False,0,0.0,0.6,0.133191454,Normal
train,02_003,0,0.15727627,02,0.15727627,False,0,0.0,0.6,0.198638135,Normal
train,02_003,0,0.07677305,02,0.07677305,False,0,0.0,0.6,0.158386525,Normal
train,02_003,0,0.024966527,02,0.024966527,False,0,0.0,0.6,0.1324832635,Normal
train,02_003,0,0.010567681,02,0.010567681,False,0,0.0,0.6,0.1252838405,Normal
train,02_003,0,0.009608535,02,0.009608535,False,0,0.0,0.6,0.1248042675,Normal
train,02_003,0,0.017692158,02,0.017692158,False,0,0.0,0.6,0.128846079,Normal
train,02_003,0,0.019312512,02,0.019312512,False,0,0.0,0.6,0.129656256,Normal
train,02_003,0,0.022804707,02,0.022804707,False,0,0.0,0.6,0.13140235349999999,Normal
train,02_003,0,0.020025613,02,0.020025613,False,0,0.0,0.6,0.1300128065,Normal
train,02_003,0,0.018855162,02,0.018855162,False,0,0.0,0.6,0.12942758099999999,Normal
train,02_003,0,0.011783211,02,0.011783211,False,0,0.0,0.6,0.1258916055,Normal
train,02_003,0,0.011768739,02,0.011768739,False,0,0.0,0.6,0.12588436949999998,Normal
train,02_003,0,0.007952344,02,0.007952344,False,0,0.0,0.6,0.123976172,Normal
train,02_003,0,0.008552822,02,0.008552822,False,0,0.0,0.6,0.12427641099999999,Normal
train,02_004,0,0.11517402,02,0.11517402,False,0,0.0,0.6,0.17758701,Normal
train,02_004,0,0.8204733,02,0.8204733,True,1,0.2,0.6,0.59023665,Low
train,02_004,0,0.8461275,02,0.8461275,True,2,0.4,0.6,0.66306375,Low
train,02_004,0,0.8255243,02,0.8255243,True,3,0.6,0.6,0.71276215,Medium
train,02_004,0,0.5980751,02,0.5980751,True,4,0.8,0.6,0.65903755,Low
train,02_004,0,0.20241961,02,0.20241961,False,0,0.0,0.6,0.22120980499999998,Normal
train,02_004,0,0.2259179,02,0.2259179,False,0,0.0,0.6,0.23295895,Normal
train,02_004,0,0.011944789,02,0.011944789,False,0,0.0,0.6,0.1259723945,Normal
train,02_004,0,0.004501817,02,0.004501817,False,0,0.0,0.6,0.12225090849999999,Normal
train,02_004,0,0.003905287,02,0.003905287,False,0,0.0,0.6,0.1219526435,Normal
train,02_004,0,0.0037677488,02,0.0037677488,False,0,0.0,0.6,0.1218838744,Normal
train,02_004,0,0.0036549915,02,0.0036549915,False,0,0.0,0.6,0.12182749575,Normal
train,02_004,0,0.004326031,02,0.004326031,False,0,0.0,0.6,0.1221630155,Normal
train,02_004,0,0.0044915993,02,0.0044915993,False,0,0.0,0.6,0.12224579965,Normal
train,02_004,0,0.0055613876,02,0.0055613876,False,0,0.0,0.6,0.1227806938,Normal
train,02_004,0,0.0046562767,02,0.0046562767,False,0,0.0,0.6,0.12232813834999999,Normal
train,02_004,0,0.004408571,02,0.004408571,False,0,0.0,0.6,0.1222042855,Normal
train,02_004,0,0.0040722373,02,0.0040722373,False,0,0.0,0.6,0.12203611865,Normal
train,02_004,0,0.005835503,02,0.005835503,False,0,0.0,0.6,0.12291775149999999,Normal
train,02_004,0,0.0068375734,02,0.0068375734,False,0,0.0,0.6,0.12341878669999999,Normal
train,02_004,0,0.013846045,02,0.013846045,False,0,0.0,0.6,0.12692302249999998,Normal
train,02_004,0,0.006425554,02,0.006425554,False,0,0.0,0.6,0.123212777,Normal
train,02_004,0,0.004682178,02,0.004682178,False,0,0.0,0.6,0.122341089,Normal
train,02_004,0,0.0042348215,02,0.0042348215,False,0,0.0,0.6,0.12211741075,Normal
train,02_004,0,0.009014225,02,0.009014225,False,0,0.0,0.6,0.12450711249999999,Normal
train,02_004,0,0.021301512,02,0.021301512,False,0,0.0,0.6,0.130650756,Normal
train,02_004,0,0.0192584,02,0.0192584,False,0,0.0,0.6,0.1296292,Normal
train,02_004,0,0.14119956,02,0.14119956,False,0,0.0,0.6,0.19059978,Normal
train,02_004,0,0.06174096,02,0.06174096,False,0,0.0,0.6,0.15087048,Normal
train,02_004,0,0.094664425,02,0.094664425,False,0,0.0,0.6,0.1673322125,Normal
train,02_004,0,0.19602744,02,0.19602744,False,0,0.0,0.6,0.21801372,Normal
train,02_004,0,0.29395035,02,0.29395035,False,0,0.0,0.6,0.266975175,Normal
train,02_004,0,0.08162536,02,0.08162536,False,0,0.0,0.6,0.16081267999999999,Normal
train,02_004,0,0.03772411,02,0.03772411,False,0,0.0,0.6,0.13886205499999998,Normal
train,02_004,0,0.036191884,02,0.036191884,False,0,0.0,0.6,0.138095942,Normal
train,02_004,0,0.016258841,02,0.016258841,False,0,0.0,0.6,0.1281294205,Normal
train,02_004,0,0.016067684,02,0.016067684,False,0,0.0,0.6,0.128033842,Normal
train,02_004,0,0.008976907,02,0.008976907,False,0,0.0,0.6,0.1244884535,Normal
train,02_004,0,0.00792105,02,0.00792105,False,0,0.0,0.6,0.123960525,Normal
train,02_004,0,0.009570235,02,0.009570235,False,0,0.0,0.6,0.1247851175,Normal
train,02_004,0,0.0073221065,02,0.0073221065,False,0,0.0,0.6,0.12366105325,Normal
train,02_004,0,0.007620579,02,0.007620579,False,0,0.0,0.6,0.12381028949999999,Normal
train,02_004,0,0.010258295,02,0.010258295,False,0,0.0,0.6,0.12512914749999998,Normal
val,02_005,0,0.007917622,02,0.007917622,False,0,0.0,0.6,0.123958811,Normal
val,02_005,0,0.009004604,02,0.009004604,False,0,0.0,0.6,0.124502302,Normal
val,02_005,0,0.010550399,02,0.010550399,False,0,0.0,0.6,0.1252751995,Normal
val,02_005,0,0.0088061625,02,0.0088061625,False,0,0.0,0.6,0.12440308124999999,Normal
val,02_005,0,0.01180715,02,0.01180715,False,0,0.0,0.6,0.125903575,Normal
val,02_005,0,0.011599364,02,0.011599364,False,0,0.0,0.6,0.125799682,Normal
val,02_005,0,0.01814373,02,0.01814373,False,0,0.0,0.6,0.129071865,Normal
val,02_005,0,0.0173288,02,0.0173288,False,0,0.0,0.6,0.12866439999999998,Normal
val,02_005,0,0.044163674,02,0.044163674,False,0,0.0,0.6,0.142081837,Normal
val,02_005,0,0.026547648,02,0.026547648,False,0,0.0,0.6,0.13327382399999999,Normal
test,02_006,0,0.057277337,02,0.057277337,False,0,0.0,0.6,0.1486386685,Normal
test,02_006,0,0.43855768,02,0.43855768,False,0,0.0,0.6,0.33927883999999997,Normal
test,02_006,0,0.3600008,02,0.3600008,False,0,0.0,0.6,0.3000004,Normal
test,02_006,0,0.32874623,02,0.32874623,False,0,0.0,0.6,0.28437311499999995,Normal
test,02_006,0,0.50860155,02,0.50860155,True,1,0.2,0.6,0.434300775,Low
test,02_006,0,0.8298478,02,0.8298478,True,2,0.4,0.6,0.6549239,Low
test,02_006,0,0.79822123,02,0.79822123,True,3,0.6,0.6,0.699110615,Medium
test,02_006,0,0.27727285,02,0.27727285,False,0,0.0,0.6,0.258636425,Normal
test,02_006,0,0.018519402,02,0.018519402,False,0,0.0,0.6,0.129259701,Normal
test,02_006,0,0.008117872,02,0.008117872,False,0,0.0,0.6,0.124058936,Normal
test,02_006,0,0.007649554,02,0.007649554,False,0,0.0,0.6,0.123824777,Normal
test,02_006,0,0.008251439,02,0.008251439,False,0,0.0,0.6,0.1241257195,Normal
test,02_006,0,0.017197441,02,0.017197441,False,0,0.0,0.6,0.12859872049999999,Normal
train,02_007,0,0.33589822,02,0.33589822,False,0,0.0,0.6,0.28794911,Normal
train,02_007,0,0.6425065,02,0.6425065,True,1,0.2,0.6,0.50125325,Low
train,02_007,0,0.7602121,02,0.7602121,True,2,0.4,0.6,0.62010605,Low
train,02_007,0,0.8936021,02,0.8936021,True,3,0.6,0.6,0.74680105,Medium
train,02_007,0,0.8408366,02,0.8408366,True,4,0.8,0.6,0.7804183,Medium
train,02_007,0,0.823671,02,0.823671,True,5,1.0,0.6,0.8318355000000001,High
train,02_007,0,0.82748175,02,0.82748175,True,6,1.0,0.6,0.833740875,High
train,02_007,0,0.8166316,02,0.8166316,True,7,1.0,0.6,0.8283158,Medium
train,02_008,0,0.6080355,02,0.6080355,True,1,0.2,0.6,0.48401774999999997,Low
train,02_008,0,0.2609838,02,0.2609838,False,0,0.0,0.6,0.2504919,Normal
train,02_008,0,0.044802412,02,0.044802412,False,0,0.0,0.6,0.142401206,Normal
train,02_008,0,0.022954429,02,0.022954429,False,0,0.0,0.6,0.1314772145,Normal
train,02_008,0,0.024751762,02,0.024751762,False,0,0.0,0.6,0.132375881,Normal
train,02_008,0,0.017413449,02,0.017413449,False,0,0.0,0.6,0.1287067245,Normal
train,02_008,0,0.013765677,02,0.013765677,False,0,0.0,0.6,0.12688283849999998,Normal
train,02_008,0,0.008186242,02,0.008186242,False,0,0.0,0.6,0.124093121,Normal
test,02_009,0,0.17619927,02,0.17619927,False,0,0.0,0.6,0.208099635,Normal
test,02_009,0,0.10988292,02,0.10988292,False,0,0.0,0.6,0.17494146,Normal
test,02_009,0,0.15832053,02,0.15832053,False,0,0.0,0.6,0.199160265,Normal
test,02_009,0,0.19964369,02,0.19964369,False,0,0.0,0.6,0.21982184500000002,Normal
test,02_009,0,0.16855359,02,0.16855359,False,0,0.0,0.6,0.204276795,Normal
test,02_009,0,0.20046718,02,0.20046718,False,0,0.0,0.6,0.22023358999999998,Normal
test,02_009,0,0.346444,02,0.346444,False,0,0.0,0.6,0.293222,Normal
test,02_009,0,0.03212436,02,0.03212436,False,0,0.0,0.6,0.13606218,Normal
test,02_009,0,0.0151695395,02,0.0151695395,False,0,0.0,0.6,0.12758476975,Normal
test,02_009,0,0.035305228,02,0.035305228,False,0,0.0,0.6,0.137652614,Normal
test,02_009,0,0.18106143,02,0.18106143,False,0,0.0,0.6,0.21053071499999998,Normal
test,02_009,0,0.8048339,02,0.8048339,True,1,0.2,0.6,0.58241695,Low
test,02_009,0,0.952806,02,0.952806,True,2,0.4,0.6,0.716403,Medium
test,02_009,0,0.94359857,02,0.94359857,True,3,0.6,0.6,0.7717992850000001,Medium
test,02_009,0,0.75502956,02,0.75502956,True,4,0.8,0.6,0.73751478,Medium
test,02_009,0,0.12614602,02,0.12614602,False,0,0.0,0.6,0.18307300999999998,Normal
test,02_009,0,0.024018206,02,0.024018206,False,0,0.0,0.6,0.132009103,Normal
train,02_010,0,0.8946024,02,0.8946024,True,1,0.2,0.6,0.6273012,Low
train,02_010,0,0.8539292,02,0.8539292,True,2,0.4,0.6,0.6669646,Low
train,02_010,0,0.6149018,02,0.6149018,True,3,0.6,0.6,0.6074509,Low
train,02_010,0,0.8377038,02,0.8377038,True,4,0.8,0.6,0.7788518999999999,Medium
train,02_010,0,0.40550297,02,0.40550297,False,0,0.0,0.6,0.322751485,Normal
train,02_010,0,0.011302841,02,0.011302841,False,0,0.0,0.6,0.1256514205,Normal
train,02_010,0,0.022463398,02,0.022463398,False,0,0.0,0.6,0.131231699,Normal
train,02_010,0,0.025373386,02,0.025373386,False,0,0.0,0.6,0.132686693,Normal
train,02_010,0,0.032641545,02,0.032641545,False,0,0.0,0.6,0.1363207725,Normal
train,02_011,0,0.040523686,02,0.040523686,False,0,0.0,0.6,0.140261843,Normal
train,02_011,0,0.34343356,02,0.34343356,False,0,0.0,0.6,0.29171678,Normal
train,02_011,0,0.42795107,02,0.42795107,False,0,0.0,0.6,0.333975535,Normal
train,02_011,0,0.42866665,02,0.42866665,False,0,0.0,0.6,0.334333325,Normal
train,02_011,0,0.14813015,02,0.14813015,False,0,0.0,0.6,0.19406507499999998,Normal
train,02_011,0,0.28034246,02,0.28034246,False,0,0.0,0.6,0.26017123,Normal
train,02_011,0,0.57144904,02,0.57144904,True,1,0.2,0.6,0.46572452,Low
train,02_012,0,0.3067592,02,0.3067592,False,0,0.0,0.6,0.2733796,Normal
train,02_012,0,0.7062378,02,0.7062378,True,1,0.2,0.6,0.5331189000000001,Low
train,02_012,0,0.8629017,02,0.8629017,True,2,0.4,0.6,0.6714508499999999,Medium
train,02_012,0,0.52367365,02,0.52367365,True,3,0.6,0.6,0.561836825,Low
train,02_012,0,0.25020412,02,0.25020412,False,0,0.0,0.6,0.24510205999999998,Normal
train,02_012,0,0.17465906,02,0.17465906,False,0,0.0,0.6,0.20732952999999998,Normal
train,02_0128,0,0.20983997,02,0.20983997,False,0,0.0,0.6,0.224919985,Normal
train,02_0128,0,0.24303281,02,0.24303281,False,0,0.0,0.6,0.241516405,Normal
train,02_0128,1,0.617654,02,0.617654,True,1,0.2,0.6,0.488827,Low
train,02_0128,1,0.90639305,02,0.90639305,True,2,0.4,0.6,0.693196525,Medium
train,02_0128,1,0.94234836,02,0.94234836,True,3,0.6,0.6,0.7711741799999999,Medium
train,02_0128,1,0.96268356,02,0.96268356,True,4,0.8,0.6,0.8413417799999999,High
train,02_0128,0,0.9733419,02,0.9733419,True,5,1.0,0.6,0.90667095,Critical
train,02_0128,1,0.9587903,02,0.9587903,True,6,1.0,0.6,0.89939515,High
train,02_0128,1,0.96423465,02,0.96423465,True,7,1.0,0.6,0.902117325,High
train,02_0128,1,0.93417025,02,0.93417025,True,8,1.0,0.6,0.8870851249999999,High
train,02_0128,1,0.92135364,02,0.92135364,True,9,1.0,0.6,0.88067682,High
train,02_0128,1,0.8878681,02,0.8878681,True,10,1.0,0.6,0.86393405,High
train,02_0128,0,0.5179348,02,0.5179348,True,11,1.0,0.6,0.6789674,Medium
train,02_013,0,0.029064534,02,0.029064534,False,0,0.0,0.6,0.13453226699999998,Normal
train,02_013,0,0.045531552,02,0.045531552,False,0,0.0,0.6,0.142765776,Normal
train,02_013,0,0.10557702,02,0.10557702,False,0,0.0,0.6,0.17278851,Normal
train,02_013,0,0.50876045,02,0.50876045,True,1,0.2,0.6,0.434380225,Low
train,02_013,0,0.8139224,02,0.8139224,True,2,0.4,0.6,0.6469612,Low
train,02_013,0,0.802329,02,0.802329,True,3,0.6,0.6,0.7011645,Medium
train,02_013,0,0.06770228,02,0.06770228,False,0,0.0,0.6,0.15385114,Normal
train,02_013,0,0.042493585,02,0.042493585,False,0,0.0,0.6,0.1412467925,Normal
train,02_013,0,0.08451186,02,0.08451186,False,0,0.0,0.6,0.16225593,Normal
train,02_013,0,0.09084398,02,0.09084398,False,0,0.0,0.6,0.16542199,Normal
train,02_013,0,0.014710833,02,0.014710833,False,0,0.0,0.6,0.12735541649999998,Normal
train,02_013,0,0.016595442,02,0.016595442,False,0,0.0,0.6,0.128297721,Normal
train,02_013,0,0.009138119,02,0.009138119,False,0,0.0,0.6,0.1245690595,Normal
train,02_013,0,0.008461358,02,0.008461358,False,0,0.0,0.6,0.124230679,Normal
train,02_013,0,0.02394186,02,0.02394186,False,0,0.0,0.6,0.13197093,Normal
train,02_013,0,0.050407417,02,0.050407417,False,0,0.0,0.6,0.1452037085,Normal
train,02_013,0,0.037953142,02,0.037953142,False,0,0.0,0.6,0.138976571,Normal
train,02_014,0,0.3153217,02,0.3153217,False,0,0.0,0.6,0.27766084999999996,Normal
train,02_014,0,0.491378,02,0.491378,False,0,0.0,0.6,0.365689,Normal
train,02_014,0,0.571561,02,0.571561,True,1,0.2,0.6,0.4657805,Low
train,02_014,0,0.68704545,02,0.68704545,True,2,0.4,0.6,0.5835227249999999,Low
train,02_014,0,0.8191938,02,0.8191938,True,3,0.6,0.6,0.7095969,Medium
train,02_014,0,0.91311723,02,0.91311723,True,4,0.8,0.6,0.816558615,Medium
train,02_015,0,0.52716327,02,0.52716327,True,1,0.2,0.6,0.443581635,Low
train,02_015,0,0.76743513,02,0.76743513,True,2,0.4,0.6,0.623717565,Low
train,02_015,0,0.6206631,02,0.6206631,True,3,0.6,0.6,0.61033155,Low
train,02_015,0,0.46899864,02,0.46899864,False,0,0.0,0.6,0.35449932,Normal
train,02_015,0,0.23574623,02,0.23574623,False,0,0.0,0.6,0.237873115,Normal
test,02_0161,0,0.0049574375,02,0.0049574375,False,0,0.0,0.6,0.12247871874999999,Normal
test,02_0161,0,0.0072464854,02,0.0072464854,False,0,0.0,0.6,0.1236232427,Normal
test,02_0161,1,0.018308476,02,0.018308476,False,0,0.0,0.6,0.129154238,Normal
test,02_0161,1,0.060075607,02,0.060075607,False,0,0.0,0.6,0.1500378035,Normal
test,02_0161,1,0.45102093,02,0.45102093,False,0,0.0,0.6,0.345510465,Normal
test,02_0161,1,0.79498976,02,0.79498976,True,1,0.2,0.6,0.5774948799999999,Low
test,02_0161,1,0.92466325,02,0.92466325,True,2,0.4,0.6,0.702331625,Medium
test,02_0161,1,0.971048,02,0.971048,True,3,0.6,0.6,0.785524,Medium
test,02_0161,1,0.92431647,02,0.92431647,True,4,0.8,0.6,0.822158235,Medium
train,02_0164,0,0.6707792,02,0.6707792,True,1,0.2,0.6,0.5153896,Low
train,02_0164,0,0.33297262,02,0.33297262,False,0,0.0,0.6,0.28648631,Normal
train,02_0164,0,0.34998435,02,0.34998435,False,0,0.0,0.6,0.29499217499999997,Normal
train,02_0164,1,0.9396461,02,0.9396461,True,1,0.2,0.6,0.6498230500000001,Low
train,02_0164,1,0.9613753,02,0.9613753,True,2,0.4,0.6,0.72068765,Medium
train,02_0164,1,0.96218973,02,0.96218973,True,3,0.6,0.6,0.7810948649999999,Medium
train,02_0164,1,0.9589919,02,0.9589919,True,4,0.8,0.6,0.83949595,High
train,02_0164,1,0.95056784,02,0.95056784,True,5,1.0,0.6,0.89528392,High
train,02_0164,1,0.93053806,02,0.93053806,True,6,1.0,0.6,0.88526903,High
train,02_0164,0,0.94808674,02,0.94808674,True,7,1.0,0.6,0.89404337,High
train,03_001,0,0.96401,03,0.96401,True,1,0.2,0.6,0.6620050000000001,Low
train,03_001,0,0.9656633,03,0.9656633,True,2,0.4,0.6,0.7228316499999999,Medium
train,03_001,0,0.89901334,03,0.89901334,True,3,0.6,0.6,0.74950667,Medium
train,03_001,0,0.5267829,03,0.5267829,True,4,0.8,0.6,0.6233914500000001,Low
train,03_001,0,0.09581518,03,0.09581518,False,0,0.0,0.6,0.16790759,Normal
train,03_001,0,0.03979349,03,0.03979349,False,0,0.0,0.6,0.139896745,Normal
train,03_001,0,0.039546747,03,0.039546747,False,0,0.0,0.6,0.1397733735,Normal
train,03_001,0,0.045206506,03,0.045206506,False,0,0.0,0.6,0.14260325299999999,Normal
train,03_001,0,0.046177126,03,0.046177126,False,0,0.0,0.6,0.143088563,Normal
test,03_002,0,0.04090411,03,0.04090411,False,0,0.0,0.6,0.140452055,Normal
test,03_002,0,0.05322736,03,0.05322736,False,0,0.0,0.6,0.14661368,Normal
test,03_002,0,0.46797156,03,0.46797156,False,0,0.0,0.6,0.35398578,Normal
test,03_002,0,0.9663284,03,0.9663284,True,1,0.2,0.6,0.6631642,Low
test,03_002,0,0.9829421,03,0.9829421,True,2,0.4,0.6,0.73147105,Medium
test,03_002,0,0.9695096,03,0.9695096,True,3,0.6,0.6,0.7847548,Medium
test,03_002,0,0.9506318,03,0.9506318,True,4,0.8,0.6,0.8353159,High
test,03_002,0,0.7805045,03,0.7805045,True,5,1.0,0.6,0.81025225,Medium
test,03_002,0,0.91029197,03,0.91029197,True,6,1.0,0.6,0.875145985,High
test,03_002,0,0.8382042,03,0.8382042,True,7,1.0,0.6,0.8391021,High
test,03_002,0,0.52438384,03,0.52438384,True,8,1.0,0.6,0.6821919200000001,Medium
train,03_003,0,0.044762902,03,0.044762902,False,0,0.0,0.6,0.142381451,Normal
train,03_003,0,0.04115114,03,0.04115114,False,0,0.0,0.6,0.14057556999999998,Normal
train,03_003,0,0.053984713,03,0.053984713,False,0,0.0,0.6,0.1469923565,Normal
train,03_003,0,0.06239154,03,0.06239154,False,0,0.0,0.6,0.15119577,Normal
train,03_003,0,0.053045973,03,0.053045973,False,0,0.0,0.6,0.1465229865,Normal
train,03_003,0,0.07683308,03,0.07683308,False,0,0.0,0.6,0.15841654,Normal
train,03_003,0,0.41555336,03,0.41555336,False,0,0.0,0.6,0.32777668,Normal
train,03_003,0,0.85704017,03,0.85704017,True,1,0.2,0.6,0.608520085,Low
train,03_003,0,0.93917996,03,0.93917996,True,2,0.4,0.6,0.70958998,Medium
train,03_003,0,0.9552319,03,0.9552319,True,3,0.6,0.6,0.7776159500000001,Medium
train,03_0031,0,0.18488872,03,0.18488872,False,0,0.0,0.6,0.21244436,Normal
train,03_0031,0,0.24162686,03,0.24162686,False,0,0.0,0.6,0.24081343,Normal
train,03_0031,0,0.2403685,03,0.2403685,False,0,0.0,0.6,0.24018425,Normal
train,03_0031,0,0.5434155,03,0.5434155,True,1,0.2,0.6,0.45170775,Low
train,03_0031,0,0.8368318,03,0.8368318,True,2,0.4,0.6,0.6584158999999999,Low
train,03_0031,0,0.95012766,03,0.95012766,True,3,0.6,0.6,0.77506383,Medium
train,03_0031,0,0.97959834,03,0.97959834,True,4,0.8,0.6,0.8497991699999999,High
train,03_0031,0,0.97429615,03,0.97429615,True,5,1.0,0.6,0.9071480749999999,Critical
train,03_0031,0,0.9485252,03,0.9485252,True,6,1.0,0.6,0.8942625999999999,High
train,03_0031,0,0.96326756,03,0.96326756,True,7,1.0,0.6,0.9016337799999999,High
train,03_0031,1,0.9800994,03,0.9800994,True,8,1.0,0.6,0.9100497,Critical
train,03_0031,1,0.95989543,03,0.95989543,True,9,1.0,0.6,0.899947715,High
train,03_0031,0,0.7151974,03,0.7151974,True,10,1.0,0.6,0.7775987,Medium
train,03_0031,0,0.7723653,03,0.7723653,True,11,1.0,0.6,0.80618265,Medium
train,03_0031,0,0.84784883,03,0.84784883,True,12,1.0,0.6,0.8439244149999999,High
test,03_0032,0,0.18515255,03,0.18515255,False,0,0.0,0.6,0.21257627499999998,Normal
test,03_0032,0,0.17157516,03,0.17157516,False,0,0.0,0.6,0.20578758,Normal
test,03_0032,0,0.47178033,03,0.47178033,False,0,0.0,0.6,0.35589016500000004,Normal
test,03_0032,0,0.8229822,03,0.8229822,True,1,0.2,0.6,0.5914911,Low
test,03_0032,1,0.90074235,03,0.90074235,True,2,0.4,0.6,0.690371175,Medium
test,03_0032,1,0.91160846,03,0.91160846,True,3,0.6,0.6,0.75580423,Medium
test,03_0032,1,0.8765751,03,0.8765751,True,4,0.8,0.6,0.7982875500000001,Medium
test,03_0032,1,0.9722757,03,0.9722757,True,5,1.0,0.6,0.90613785,Critical
test,03_0032,0,0.9809033,03,0.9809033,True,6,1.0,0.6,0.9104516500000001,Critical
test,03_0032,0,0.97530705,03,0.97530705,True,7,1.0,0.6,0.907653525,Critical
test,03_0032,0,0.95169824,03,0.95169824,True,8,1.0,0.6,0.8958491199999999,High
train,03_0033,0,0.55799544,03,0.55799544,True,1,0.2,0.6,0.45899772,Low
train,03_0033,1,0.9545607,03,0.9545607,True,2,0.4,0.6,0.71728035,Medium
train,03_0033,1,0.970521,03,0.970521,True,3,0.6,0.6,0.7852605,Medium
train,03_0033,1,0.97219026,03,0.97219026,True,4,0.8,0.6,0.84609513,High
train,03_0033,1,0.9621209,03,0.9621209,True,5,1.0,0.6,0.90106045,High
train,03_0033,0,0.9485014,03,0.9485014,True,6,1.0,0.6,0.8942507000000001,High
train,03_0033,0,0.9192162,03,0.9192162,True,7,1.0,0.6,0.8796081,High
train,03_0033,0,0.9055614,03,0.9055614,True,8,1.0,0.6,0.8727807,High
train,03_0035,0,0.15724874,03,0.15724874,False,0,0.0,0.6,0.19862437,Normal
train,03_0035,1,0.9705208,03,0.9705208,True,1,0.2,0.6,0.6652604,Low
train,03_0035,1,0.96811724,03,0.96811724,True,2,0.4,0.6,0.72405862,Medium
train,03_0035,0,0.78636014,03,0.78636014,True,3,0.6,0.6,0.69318007,Medium
train,03_0035,0,0.9205704,03,0.9205704,True,4,0.8,0.6,0.8202851999999999,Medium
train,03_0035,0,0.955385,03,0.955385,True,5,1.0,0.6,0.8976925,High
train,03_0035,0,0.9643842,03,0.9643842,True,6,1.0,0.6,0.9021921,High
train,03_0035,1,0.9594892,03,0.9594892,True,7,1.0,0.6,0.8997446,High
train,03_0035,1,0.9663232,03,0.9663232,True,8,1.0,0.6,0.9031616,High
train,03_0035,0,0.5430986,03,0.5430986,True,9,1.0,0.6,0.6915493,Medium
train,03_0035,0,0.21952298,03,0.21952298,False,0,0.0,0.6,0.22976149,Normal
val,03_0036,0,0.40007636,03,0.40007636,False,0,0.0,0.6,0.32003818,Normal
val,03_0036,0,0.43658936,03,0.43658936,False,0,0.0,0.6,0.33829467999999996,Normal
val,03_0036,0,0.46682262,03,0.46682262,False,0,0.0,0.6,0.35341131000000003,Normal
val,03_0036,0,0.7443805,03,0.7443805,True,1,0.2,0.6,0.55219025,Low
val,03_0036,0,0.7694243,03,0.7694243,True,2,0.4,0.6,0.62471215,Low
val,03_0036,1,0.7472925,03,0.7472925,True,3,0.6,0.6,0.67364625,Medium
val,03_0036,1,0.92147917,03,0.92147917,True,4,0.8,0.6,0.820739585,Medium
val,03_0036,1,0.9589988,03,0.9589988,True,5,1.0,0.6,0.8994994,High
val,03_0036,1,0.9550526,03,0.9550526,True,6,1.0,0.6,0.8975263,High
val,03_0036,1,0.9733348,03,0.9733348,True,7,1.0,0.6,0.9066674,Critical
val,03_0036,1,0.9687363,03,0.9687363,True,8,1.0,0.6,0.9043681499999999,High
val,03_0036,1,0.9708774,03,0.9708774,True,9,1.0,0.6,0.9054387,High
val,03_0036,1,0.9394727,03,0.9394727,True,10,1.0,0.6,0.8897363500000001,High
val,03_0039,0,0.20857915,03,0.20857915,False,0,0.0,0.6,0.224289575,Normal
val,03_0039,0,0.47969225,03,0.47969225,False,0,0.0,0.6,0.359846125,Normal
val,03_0039,0,0.8830435,03,0.8830435,True,1,0.2,0.6,0.62152175,Low
val,03_0039,0,0.9438201,03,0.9438201,True,2,0.4,0.6,0.7119100500000001,Medium
val,03_0039,0,0.9678085,03,0.9678085,True,3,0.6,0.6,0.78390425,Medium
val,03_0039,0,0.9708999,03,0.9708999,True,4,0.8,0.6,0.84544995,High
val,03_0039,0,0.9817556,03,0.9817556,True,5,1.0,0.6,0.9108778,Critical
val,03_0039,1,0.98499656,03,0.98499656,True,6,1.0,0.6,0.91249828,Critical
val,03_0039,1,0.9776398,03,0.9776398,True,7,1.0,0.6,0.9088199,Critical
val,03_0039,1,0.96639186,03,0.96639186,True,8,1.0,0.6,0.90319593,High
val,03_0039,1,0.9654069,03,0.9654069,True,9,1.0,0.6,0.90270345,High
val,03_0039,1,0.9687409,03,0.9687409,True,10,1.0,0.6,0.9043704499999999,High
val,03_0039,1,0.8993751,03,0.8993751,True,11,1.0,0.6,0.86968755,High
val,03_0039,1,0.5265905,03,0.5265905,True,12,1.0,0.6,0.6832952499999999,Medium
train,03_004,0,0.031388663,03,0.031388663,False,0,0.0,0.6,0.1356943315,Normal
train,03_004,0,0.14092252,03,0.14092252,False,0,0.0,0.6,0.19046126,Normal
train,03_004,0,0.8797652,03,0.8797652,True,1,0.2,0.6,0.6198826,Low
train,03_004,0,0.903069,03,0.903069,True,2,0.4,0.6,0.6915345,Medium
train,03_004,0,0.13595682,03,0.13595682,False,0,0.0,0.6,0.18797840999999998,Normal
train,03_004,0,0.034575503,03,0.034575503,False,0,0.0,0.6,0.1372877515,Normal
train,03_004,0,0.08629082,03,0.08629082,False,0,0.0,0.6,0.16314541,Normal
train,03_004,0,0.1337327,03,0.1337327,False,0,0.0,0.6,0.18686635000000001,Normal
train,03_004,0,0.13942416,03,0.13942416,False,0,0.0,0.6,0.18971208,Normal
train,03_004,0,0.16577934,03,0.16577934,False,0,0.0,0.6,0.20288967,Normal
train,03_004,0,0.07817615,03,0.07817615,False,0,0.0,0.6,0.159088075,Normal
train,03_004,0,0.03194202,03,0.03194202,False,0,0.0,0.6,0.13597101,Normal
train,03_004,0,0.037019346,03,0.037019346,False,0,0.0,0.6,0.138509673,Normal
train,03_004,0,0.09606109,03,0.09606109,False,0,0.0,0.6,0.168030545,Normal
train,03_004,0,0.029365705,03,0.029365705,False,0,0.0,0.6,0.1346828525,Normal
train,03_0041,0,0.22500075,03,0.22500075,False,0,0.0,0.6,0.23250037499999998,Normal
train,03_0041,0,0.77614826,03,0.77614826,True,1,0.2,0.6,0.5680741300000001,Low
train,03_0041,1,0.9431052,03,0.9431052,True,2,0.4,0.6,0.7115526,Medium
train,03_0041,1,0.9813876,03,0.9813876,True,3,0.6,0.6,0.7906938,Medium
train,03_0041,1,0.9744162,03,0.9744162,True,4,0.8,0.6,0.8472080999999999,High
train,03_0041,1,0.9721665,03,0.9721665,True,5,1.0,0.6,0.90608325,Critical
train,03_0041,0,0.97905236,03,0.97905236,True,6,1.0,0.6,0.90952618,Critical
train,03_0041,0,0.9780651,03,0.9780651,True,7,1.0,0.6,0.9090325499999999,Critical
train,03_0041,0,0.97407067,03,0.97407067,True,8,1.0,0.6,0.907035335,Critical
train,03_0041,0,0.97915673,03,0.97915673,True,9,1.0,0.6,0.909578365,Critical
train,03_0041,0,0.9723846,03,0.9723846,True,10,1.0,0.6,0.9061923,Critical
train,03_0041,0,0.9532454,03,0.9532454,True,11,1.0,0.6,0.8966227,High
train,03_0041,0,0.5446224,03,0.5446224,True,12,1.0,0.6,0.6923111999999999,Medium
val,03_005,0,0.55561715,03,0.55561715,True,1,0.2,0.6,0.457808575,Low
val,03_005,0,0.05665044,03,0.05665044,False,0,0.0,0.6,0.14832522,Normal
val,03_005,0,0.045523413,03,0.045523413,False,0,0.0,0.6,0.1427617065,Normal
val,03_005,0,0.03949237,03,0.03949237,False,0,0.0,0.6,0.139746185,Normal
val,03_005,0,0.039574306,03,0.039574306,False,0,0.0,0.6,0.139787153,Normal
val,03_005,0,0.04439654,03,0.04439654,False,0,0.0,0.6,0.14219827,Normal
val,03_005,0,0.058372464,03,0.058372464,False,0,0.0,0.6,0.149186232,Normal
val,03_005,0,0.056118425,03,0.056118425,False,0,0.0,0.6,0.14805921249999998,Normal
val,03_005,0,0.04177388,03,0.04177388,False,0,0.0,0.6,0.14088694,Normal
val,03_005,0,0.033734106,03,0.033734106,False,0,0.0,0.6,0.136867053,Normal
val,03_005,0,0.04810988,03,0.04810988,False,0,0.0,0.6,0.14405494,Normal
val,03_005,0,0.043420043,03,0.043420043,False,0,0.0,0.6,0.1417100215,Normal
test,03_0059,0,0.5158919,03,0.5158919,True,1,0.2,0.6,0.43794595,Low
test,03_0059,0,0.8036025,03,0.8036025,True,2,0.4,0.6,0.64180125,Low
test,03_0059,0,0.89862454,03,0.89862454,True,3,0.6,0.6,0.74931227,Medium
test,03_0059,0,0.9393233,03,0.9393233,True,4,0.8,0.6,0.8296616499999999,High
test,03_0059,1,0.950814,03,0.950814,True,5,1.0,0.6,0.895407,High
test,03_0059,1,0.925402,03,0.925402,True,6,1.0,0.6,0.882701,High
test,03_0059,1,0.93086934,03,0.93086934,True,7,1.0,0.6,0.88543467,High
test,03_0059,1,0.9578509,03,0.9578509,True,8,1.0,0.6,0.89892545,High
test,03_0059,0,0.98180145,03,0.98180145,True,9,1.0,0.6,0.910900725,Critical
test,03_0059,0,0.95370156,03,0.95370156,True,10,1.0,0.6,0.89685078,High
test,03_0059,0,0.8901573,03,0.8901573,True,11,1.0,0.6,0.86507865,High
test,03_0059,0,0.7389874,03,0.7389874,True,12,1.0,0.6,0.7894937,Medium
train,03_006,0,0.039068267,03,0.039068267,False,0,0.0,0.6,0.1395341335,Normal
train,03_006,0,0.013457964,03,0.013457964,False,0,0.0,0.6,0.126728982,Normal
train,03_006,0,0.0071488246,03,0.0071488246,False,0,0.0,0.6,0.12357441229999999,Normal
train,03_006,0,0.013067697,03,0.013067697,False,0,0.0,0.6,0.1265338485,Normal
train,03_006,0,0.037870564,03,0.037870564,False,0,0.0,0.6,0.138935282,Normal
train,03_006,0,0.03101111,03,0.03101111,False,0,0.0,0.6,0.135505555,Normal
train,03_006,0,0.022756413,03,0.022756413,False,0,0.0,0.6,0.13137820649999998,Normal
val,03_0060,0,0.56618553,03,0.56618553,True,1,0.2,0.6,0.463092765,Low
val,03_0060,0,0.9226786,03,0.9226786,True,2,0.4,0.6,0.7013393,Medium
val,03_0060,0,0.9433639,03,0.9433639,True,3,0.6,0.6,0.77168195,Medium
val,03_0060,0,0.91562116,03,0.91562116,True,4,0.8,0.6,0.8178105800000001,Medium
val,03_0060,0,0.97277606,03,0.97277606,True,5,1.0,0.6,0.90638803,Critical
val,03_0060,1,0.97455806,03,0.97455806,True,6,1.0,0.6,0.90727903,Critical
val,03_0060,1,0.9850012,03,0.9850012,True,7,1.0,0.6,0.9125006,Critical
val,03_0060,1,0.97748905,03,0.97748905,True,8,1.0,0.6,0.908744525,Critical
val,03_0060,0,0.9551969,03,0.9551969,True,9,1.0,0.6,0.8975984499999999,High
val,03_0060,0,0.92455953,03,0.92455953,True,10,1.0,0.6,0.8822797649999999,High
val,03_0060,0,0.8379313,03,0.8379313,True,11,1.0,0.6,0.83896565,High
test,03_0061,1,0.9667313,03,0.9667313,True,1,0.2,0.6,0.6633656499999999,Low
test,03_0061,1,0.976479,03,0.976479,True,2,0.4,0.6,0.7282395,Medium
test,03_0061,0,0.958879,03,0.958879,True,3,0.6,0.6,0.7794395,Medium
test,03_0061,0,0.71504706,03,0.71504706,True,4,0.8,0.6,0.7175235299999999,Medium
test,03_0061,0,0.14460067,03,0.14460067,False,0,0.0,0.6,0.192300335,Normal
test,03_0061,0,0.1696305,03,0.1696305,False,0,0.0,0.6,0.20481525,Normal
val,04_0001,1,0.5152255,04,0.5152255,True,1,0.2,0.6,0.43761275,Low
val,04_0001,1,0.7333138,04,0.7333138,True,2,0.4,0.6,0.6066568999999999,Low
val,04_0001,1,0.81217754,04,0.81217754,True,3,0.6,0.6,0.7060887699999999,Medium
val,04_0001,1,0.88306594,04,0.88306594,True,4,0.8,0.6,0.80153297,Medium
val,04_0001,1,0.91930735,04,0.91930735,True,5,1.0,0.6,0.879653675,High
val,04_0001,0,0.9397051,04,0.9397051,True,6,1.0,0.6,0.88985255,High
val,04_0001,0,0.9429313,04,0.9429313,True,7,1.0,0.6,0.89146565,High
val,04_0001,0,0.93635416,04,0.93635416,True,8,1.0,0.6,0.8881770800000001,High
val,04_0001,0,0.80669016,04,0.80669016,True,9,1.0,0.6,0.8233450800000001,Medium
val,04_0001,0,0.8484707,04,0.8484707,True,10,1.0,0.6,0.84423535,High
val,04_0001,0,0.847739,04,0.847739,True,11,1.0,0.6,0.8438694999999999,High
val,04_0001,1,0.8476449,04,0.8476449,True,12,1.0,0.6,0.84382245,High
val,04_0001,1,0.9485828,04,0.9485828,True,13,1.0,0.6,0.8942914,High
val,04_0001,1,0.95562553,04,0.95562553,True,14,1.0,0.6,0.897812765,High
val,04_0001,1,0.87589854,04,0.87589854,True,15,1.0,0.6,0.85794927,High
val,04_0001,0,0.503931,04,0.503931,True,16,1.0,0.6,0.6719655,Medium
train,04_0003,0,0.7503799,04,0.7503799,True,1,0.2,0.6,0.5551899499999999,Low
train,04_0003,0,0.7362196,04,0.7362196,True,2,0.4,0.6,0.6081098,Low
train,04_0003,0,0.7039261,04,0.7039261,True,3,0.6,0.6,0.65196305,Low
train,04_0003,0,0.78265923,04,0.78265923,True,4,0.8,0.6,0.7513296150000001,Medium
train,04_0003,0,0.77804,04,0.77804,True,5,1.0,0.6,0.80902,Medium
train,04_0003,0,0.8254131,04,0.8254131,True,6,1.0,0.6,0.83270655,High
train,04_0003,0,0.8420629,04,0.8420629,True,7,1.0,0.6,0.8410314499999999,High
train,04_0003,0,0.8224519,04,0.8224519,True,8,1.0,0.6,0.83122595,High
train,04_0003,0,0.7559827,04,0.7559827,True,9,1.0,0.6,0.79799135,Medium
train,04_0003,0,0.92805403,04,0.92805403,True,10,1.0,0.6,0.8840270149999999,High
train,04_0003,0,0.93824035,04,0.93824035,True,11,1.0,0.6,0.889120175,High
train,04_0003,0,0.9012387,04,0.9012387,True,12,1.0,0.6,0.87061935,High
train,04_0003,1,0.9530305,04,0.9530305,True,13,1.0,0.6,0.89651525,High
train,04_0003,1,0.9557138,04,0.9557138,True,14,1.0,0.6,0.8978569,High
train,04_0003,1,0.8868566,04,0.8868566,True,15,1.0,0.6,0.8634282999999999,High
train,04_0003,1,0.8464383,04,0.8464383,True,16,1.0,0.6,0.84321915,High
train,04_0003,1,0.87058187,04,0.87058187,True,17,1.0,0.6,0.855290935,High
train,04_0003,1,0.70577705,04,0.70577705,True,18,1.0,0.6,0.772888525,Medium
train,04_0003,1,0.6382622,04,0.6382622,True,19,1.0,0.6,0.7391310999999999,Medium
train,04_0003,1,0.7548139,04,0.7548139,True,20,1.0,0.6,0.79740695,Medium
train,04_0003,0,0.8123282,04,0.8123282,True,21,1.0,0.6,0.8261641,Medium
train,04_0003,0,0.7077188,04,0.7077188,True,22,1.0,0.6,0.7738594,Medium
train,04_0003,0,0.41279522,04,0.41279522,False,0,0.0,0.6,0.32639761,Normal
train,04_0003,0,0.46118644,04,0.46118644,False,0,0.0,0.6,0.35059322,Normal
train,04_0003,0,0.43907395,04,0.43907395,False,0,0.0,0.6,0.339536975,Normal
train,04_0003,0,0.13799363,04,0.13799363,False,0,0.0,0.6,0.18899681499999998,Normal
train,04_0003,0,0.13738649,04,0.13738649,False,0,0.0,0.6,0.188693245,Normal
train,04_0003,0,0.15789984,04,0.15789984,False,0,0.0,0.6,0.19894992,Normal
val,04_0004,0,0.25530043,04,0.25530043,False,0,0.0,0.6,0.247650215,Normal
val,04_0004,0,0.5006434,04,0.5006434,True,1,0.2,0.6,0.4303217,Low
val,04_0004,0,0.3707379,04,0.3707379,False,0,0.0,0.6,0.30536895,Normal
val,04_0004,0,0.268558,04,0.268558,False,0,0.0,0.6,0.25427900000000003,Normal
val,04_0004,0,0.45525175,04,0.45525175,False,0,0.0,0.6,0.347625875,Normal
val,04_0004,0,0.37406382,04,0.37406382,False,0,0.0,0.6,0.30703190999999996,Normal
val,04_0004,0,0.1785209,04,0.1785209,False,0,0.0,0.6,0.20926045,Normal
val,04_0004,0,0.13049856,04,0.13049856,False,0,0.0,0.6,0.18524928000000002,Normal
val,04_0004,0,0.39566514,04,0.39566514,False,0,0.0,0.6,0.31783257,Normal
val,04_0004,0,0.63800794,04,0.63800794,True,1,0.2,0.6,0.49900397,Low
val,04_0004,0,0.62568325,04,0.62568325,True,2,0.4,0.6,0.552841625,Low
val,04_0004,0,0.76793957,04,0.76793957,True,3,0.6,0.6,0.683969785,Medium
val,04_0004,0,0.8811026,04,0.8811026,True,4,0.8,0.6,0.8005513,Medium
val,04_0004,1,0.93212515,04,0.93212515,True,5,1.0,0.6,0.886062575,High
val,04_0004,1,0.7603481,04,0.7603481,True,6,1.0,0.6,0.80017405,Medium
val,04_0004,1,0.55249804,04,0.55249804,True,7,1.0,0.6,0.69624902,Medium
val,04_0004,1,0.50202715,04,0.50202715,True,8,1.0,0.6,0.671013575,Low
val,04_0004,0,0.73664653,04,0.73664653,True,9,1.0,0.6,0.7883232649999999,Medium
val,04_0004,0,0.7695212,04,0.7695212,True,10,1.0,0.6,0.8047605999999999,Medium
val,04_0004,0,0.55835277,04,0.55835277,True,11,1.0,0.6,0.699176385,Medium
val,04_0004,0,0.6178961,04,0.6178961,True,12,1.0,0.6,0.72894805,Medium
val,04_0004,0,0.5590128,04,0.5590128,True,13,1.0,0.6,0.6995064,Medium
val,04_0004,0,0.34626502,04,0.34626502,False,0,0.0,0.6,0.29313250999999996,Normal
val,04_0004,0,0.09853489,04,0.09853489,False,0,0.0,0.6,0.169267445,Normal
val,04_0004,0,0.34777492,04,0.34777492,False,0,0.0,0.6,0.29388746,Normal
val,04_0004,0,0.8035038,04,0.8035038,True,1,0.2,0.6,0.5817519,Low
train,04_001,0,0.013981771,04,0.013981771,False,0,0.0,0.6,0.12699088549999998,Normal
train,04_001,0,0.014378882,04,0.014378882,False,0,0.0,0.6,0.127189441,Normal
train,04_001,0,0.025063243,04,0.025063243,False,0,0.0,0.6,0.1325316215,Normal
train,04_001,0,0.03327474,04,0.03327474,False,0,0.0,0.6,0.13663736999999998,Normal
train,04_001,0,0.04130374,04,0.04130374,False,0,0.0,0.6,0.14065186999999998,Normal
train,04_001,0,0.0860338,04,0.0860338,False,0,0.0,0.6,0.1630169,Normal
train,04_001,0,0.18619034,04,0.18619034,False,0,0.0,0.6,0.21309517,Normal
train,04_001,0,0.057136457,04,0.057136457,False,0,0.0,0.6,0.1485682285,Normal
train,04_001,0,0.024608485,04,0.024608485,False,0,0.0,0.6,0.1323042425,Normal
train,04_001,0,0.02022051,04,0.02022051,False,0,0.0,0.6,0.130110255,Normal
train,04_001,0,0.04277317,04,0.04277317,False,0,0.0,0.6,0.141386585,Normal
train,04_001,0,0.037293103,04,0.037293103,False,0,0.0,0.6,0.1386465515,Normal
train,04_001,0,0.012451566,04,0.012451566,False,0,0.0,0.6,0.126225783,Normal
train,04_001,0,0.0069875345,04,0.0069875345,False,0,0.0,0.6,0.12349376725,Normal
train,04_001,0,0.0060270256,04,0.0060270256,False,0,0.0,0.6,0.1230135128,Normal
train,04_001,0,0.0064190486,04,0.0064190486,False,0,0.0,0.6,0.1232095243,Normal
train,04_001,0,0.0065606623,04,0.0065606623,False,0,0.0,0.6,0.12328033114999999,Normal
train,04_0010,0,0.82875586,04,0.82875586,True,1,0.2,0.6,0.59437793,Low
train,04_0010,0,0.9660948,04,0.9660948,True,2,0.4,0.6,0.7230474,Medium
train,04_0010,0,0.97736675,04,0.97736675,True,3,0.6,0.6,0.788683375,Medium
train,04_0010,0,0.9499726,04,0.9499726,True,4,0.8,0.6,0.8349863,High
train,04_0010,0,0.95596695,04,0.95596695,True,5,1.0,0.6,0.897983475,High
train,04_0010,0,0.9579567,04,0.9579567,True,6,1.0,0.6,0.89897835,High
train,04_0010,0,0.9743764,04,0.9743764,True,7,1.0,0.6,0.9071882,Critical
train,04_0010,1,0.97392356,04,0.97392356,True,8,1.0,0.6,0.9069617799999999,Critical
train,04_0010,1,0.96420103,04,0.96420103,True,9,1.0,0.6,0.902100515,High
train,04_0010,1,0.9645993,04,0.9645993,True,10,1.0,0.6,0.90229965,High
train,04_0010,0,0.92992395,04,0.92992395,True,11,1.0,0.6,0.8849619750000001,High
train,04_0010,0,0.94482225,04,0.94482225,True,12,1.0,0.6,0.892411125,High
train,04_0010,0,0.89512783,04,0.89512783,True,13,1.0,0.6,0.867563915,High
train,04_0010,0,0.8594924,04,0.8594924,True,14,1.0,0.6,0.8497462,High
train,04_0011,1,0.9083563,04,0.9083563,True,1,0.2,0.6,0.63417815,Low
train,04_0011,1,0.933635,04,0.933635,True,2,0.4,0.6,0.7068175,Medium
train,04_0011,1,0.9488693,04,0.9488693,True,3,0.6,0.6,0.77443465,Medium
train,04_0011,1,0.9383791,04,0.9383791,True,4,0.8,0.6,0.82918955,High
train,04_0011,1,0.9225847,04,0.9225847,True,5,1.0,0.6,0.88129235,High
train,04_0011,1,0.94661546,04,0.94661546,True,6,1.0,0.6,0.89330773,High
train,04_0011,1,0.957704,04,0.957704,True,7,1.0,0.6,0.898852,High
train,04_0011,1,0.9632145,04,0.9632145,True,8,1.0,0.6,0.90160725,High
train,04_0012,1,0.9702298,04,0.9702298,True,1,0.2,0.6,0.6651149,Low
train,04_0012,1,0.81976116,04,0.81976116,True,2,0.4,0.6,0.6498805799999999,Low
train,04_0012,1,0.8880544,04,0.8880544,True,3,0.6,0.6,0.7440272,Medium
train,04_0012,1,0.8885179,04,0.8885179,True,4,0.8,0.6,0.80425895,Medium
train,04_0012,1,0.9632073,04,0.9632073,True,5,1.0,0.6,0.90160365,High
train,04_0012,1,0.9703404,04,0.9703404,True,6,1.0,0.6,0.9051702,High
train,04_0012,1,0.96132,04,0.96132,True,7,1.0,0.6,0.9006599999999999,High
train,04_0012,1,0.93429774,04,0.93429774,True,8,1.0,0.6,0.88714887,High
train,04_0012,1,0.9463139,04,0.9463139,True,9,1.0,0.6,0.89315695,High
train,04_0012,1,0.9389411,04,0.9389411,True,10,1.0,0.6,0.88947055,High
train,04_0013,0,0.93417186,04,0.93417186,True,1,0.2,0.6,0.6470859299999999,Low
train,04_0013,1,0.9709801,04,0.9709801,True,2,0.4,0.6,0.72549005,Medium
train,04_0013,1,0.9747933,04,0.9747933,True,3,0.6,0.6,0.7873966499999999,Medium
train,04_0013,1,0.98350394,04,0.98350394,True,4,0.8,0.6,0.8517519699999999,High
train,04_0013,1,0.9813933,04,0.9813933,True,5,1.0,0.6,0.91069665,Critical
train,04_0013,1,0.9797869,04,0.9797869,True,6,1.0,0.6,0.90989345,Critical
train,04_0013,1,0.9787884,04,0.9787884,True,7,1.0,0.6,0.9093942,Critical
train,04_0013,1,0.9633437,04,0.9633437,True,8,1.0,0.6,0.9016718499999999,High
train,04_0013,0,0.9578651,04,0.9578651,True,9,1.0,0.6,0.8989325499999999,High
train,04_0013,0,0.6442013,04,0.6442013,True,10,1.0,0.6,0.7421006499999999,Medium
val,04_002,0,0.019626433,04,0.019626433,False,0,0.0,0.6,0.1298132165,Normal
val,04_002,0,0.021477196,04,0.021477196,False,0,0.0,0.6,0.13073859799999998,Normal
val,04_002,0,0.021821057,04,0.021821057,False,0,0.0,0.6,0.13091052849999998,Normal
val,04_002,0,0.0252331,04,0.0252331,False,0,0.0,0.6,0.13261655,Normal
val,04_002,0,0.033221997,04,0.033221997,False,0,0.0,0.6,0.1366109985,Normal
val,04_002,0,0.08410031,04,0.08410031,False,0,0.0,0.6,0.162050155,Normal
val,04_002,0,0.15950978,04,0.15950978,False,0,0.0,0.6,0.19975489,Normal
val,04_002,0,0.08004669,04,0.08004669,False,0,0.0,0.6,0.16002334499999998,Normal
val,04_002,0,0.019897442,04,0.019897442,False,0,0.0,0.6,0.129948721,Normal
val,04_002,0,0.08812563,04,0.08812563,False,0,0.0,0.6,0.164062815,Normal
val,04_002,0,0.09147862,04,0.09147862,False,0,0.0,0.6,0.16573931,Normal
val,04_002,0,0.094751544,04,0.094751544,False,0,0.0,0.6,0.16737577199999998,Normal
val,04_002,0,0.052106384,04,0.052106384,False,0,0.0,0.6,0.146053192,Normal
val,04_002,0,0.054802008,04,0.054802008,False,0,0.0,0.6,0.147401004,Normal
val,04_002,0,0.10219467,04,0.10219467,False,0,0.0,0.6,0.171097335,Normal
val,04_002,0,0.18115407,04,0.18115407,False,0,0.0,0.6,0.210577035,Normal
val,04_002,0,0.13276498,04,0.13276498,False,0,0.0,0.6,0.18638249,Normal
val,04_002,0,0.094092816,04,0.094092816,False,0,0.0,0.6,0.16704640799999998,Normal
val,04_002,0,0.044622745,04,0.044622745,False,0,0.0,0.6,0.1423113725,Normal
val,04_002,0,0.12813416,04,0.12813416,False,0,0.0,0.6,0.18406708,Normal
val,04_002,0,0.1361416,04,0.1361416,False,0,0.0,0.6,0.18807079999999998,Normal
val,04_002,0,0.03612891,04,0.03612891,False,0,0.0,0.6,0.138064455,Normal
val,04_002,0,0.04441485,04,0.04441485,False,0,0.0,0.6,0.142207425,Normal
val,04_002,0,0.07725462,04,0.07725462,False,0,0.0,0.6,0.15862731,Normal
val,04_002,0,0.024324758,04,0.024324758,False,0,0.0,0.6,0.132162379,Normal
val,04_002,0,0.057621576,04,0.057621576,False,0,0.0,0.6,0.148810788,Normal
val,04_002,0,0.03250993,04,0.03250993,False,0,0.0,0.6,0.136254965,Normal
val,04_003,0,0.08784857,04,0.08784857,False,0,0.0,0.6,0.163924285,Normal
val,04_003,0,0.045839865,04,0.045839865,False,0,0.0,0.6,0.14291993249999999,Normal
val,04_003,0,0.027117329,04,0.027117329,False,0,0.0,0.6,0.1335586645,Normal
val,04_003,0,0.038274705,04,0.038274705,False,0,0.0,0.6,0.1391373525,Normal
val,04_003,0,0.024022307,04,0.024022307,False,0,0.0,0.6,0.1320111535,Normal
val,04_003,0,0.03204932,04,0.03204932,False,0,0.0,0.6,0.13602466,Normal
val,04_003,0,0.035681188,04,0.035681188,False,0,0.0,0.6,0.13784059399999998,Normal
val,04_003,0,0.054894354,04,0.054894354,False,0,0.0,0.6,0.14744717699999998,Normal
val,04_003,0,0.010924682,04,0.010924682,False,0,0.0,0.6,0.125462341,Normal
val,04_003,0,0.014050138,04,0.014050138,False,0,0.0,0.6,0.127025069,Normal
val,04_003,0,0.013466197,04,0.013466197,False,0,0.0,0.6,0.1267330985,Normal
val,04_003,0,0.015084709,04,0.015084709,False,0,0.0,0.6,0.12754235449999998,Normal
val,04_003,0,0.027776984,04,0.027776984,False,0,0.0,0.6,0.133888492,Normal
val,04_003,0,0.02221933,04,0.02221933,False,0,0.0,0.6,0.131109665,Normal
val,04_003,0,0.028970627,04,0.028970627,False,0,0.0,0.6,0.13448531349999998,Normal
val,04_003,0,0.021490725,04,0.021490725,False,0,0.0,0.6,0.1307453625,Normal
val,04_003,0,0.027420264,04,0.027420264,False,0,0.0,0.6,0.13371013199999998,Normal
val,04_003,0,0.01940744,04,0.01940744,False,0,0.0,0.6,0.12970372,Normal
val,04_003,0,0.014949811,04,0.014949811,False,0,0.0,0.6,0.12747490549999999,Normal
val,04_003,0,0.01467245,04,0.01467245,False,0,0.0,0.6,0.127336225,Normal
val,04_003,0,0.014494628,04,0.014494628,False,0,0.0,0.6,0.127247314,Normal
val,04_003,0,0.01743644,04,0.01743644,False,0,0.0,0.6,0.12871822,Normal
val,04_003,0,0.021666212,04,0.021666212,False,0,0.0,0.6,0.130833106,Normal
val,04_003,0,0.017175855,04,0.017175855,False,0,0.0,0.6,0.1285879275,Normal
val,04_003,0,0.012464153,04,0.012464153,False,0,0.0,0.6,0.12623207649999998,Normal
val,04_003,0,0.014446828,04,0.014446828,False,0,0.0,0.6,0.127223414,Normal
val,04_003,0,0.014494832,04,0.014494832,False,0,0.0,0.6,0.127247416,Normal
train,04_004,0,0.08211705,04,0.08211705,False,0,0.0,0.6,0.161058525,Normal
train,04_004,0,0.055673767,04,0.055673767,False,0,0.0,0.6,0.1478368835,Normal
train,04_004,0,0.052736405,04,0.052736405,False,0,0.0,0.6,0.1463682025,Normal
train,04_004,0,0.04825489,04,0.04825489,False,0,0.0,0.6,0.144127445,Normal
train,04_004,0,0.04292283,04,0.04292283,False,0,0.0,0.6,0.141461415,Normal
train,04_004,0,0.03530358,04,0.03530358,False,0,0.0,0.6,0.13765179,Normal
train,04_004,0,0.062870495,04,0.062870495,False,0,0.0,0.6,0.15143524749999998,Normal
train,04_004,0,0.028634917,04,0.028634917,False,0,0.0,0.6,0.1343174585,Normal
train,04_004,0,0.02933436,04,0.02933436,False,0,0.0,0.6,0.13466718,Normal
train,04_004,0,0.04031464,04,0.04031464,False,0,0.0,0.6,0.14015732,Normal
train,04_004,0,0.042353608,04,0.042353608,False,0,0.0,0.6,0.141176804,Normal
train,04_004,0,0.12457379,04,0.12457379,False,0,0.0,0.6,0.182286895,Normal
train,04_004,0,0.12044585,04,0.12044585,False,0,0.0,0.6,0.18022292499999998,Normal
train,04_004,0,0.04790509,04,0.04790509,False,0,0.0,0.6,0.143952545,Normal
train,04_004,0,0.07877278,04,0.07877278,False,0,0.0,0.6,0.15938639,Normal
train,04_004,0,0.060778953,04,0.060778953,False,0,0.0,0.6,0.1503894765,Normal
train,04_004,0,0.08129885,04,0.08129885,False,0,0.0,0.6,0.160649425,Normal
train,04_004,0,0.12696761,04,0.12696761,False,0,0.0,0.6,0.183483805,Normal
train,04_004,0,0.08984458,04,0.08984458,False,0,0.0,0.6,0.16492229,Normal
train,04_004,0,0.043598752,04,0.043598752,False,0,0.0,0.6,0.141799376,Normal
train,04_004,0,0.03045675,04,0.03045675,False,0,0.0,0.6,0.13522837499999998,Normal
train,04_004,0,0.032429453,04,0.032429453,False,0,0.0,0.6,0.1362147265,Normal
train,04_004,0,0.05517792,04,0.05517792,False,0,0.0,0.6,0.14758896,Normal
train,04_004,0,0.0964875,04,0.0964875,False,0,0.0,0.6,0.16824375,Normal
train,04_004,0,0.09023566,04,0.09023566,False,0,0.0,0.6,0.16511783,Normal
train,04_004,0,0.046808414,04,0.046808414,False,0,0.0,0.6,0.143404207,Normal
train,04_0046,0,0.07363947,04,0.07363947,False,0,0.0,0.6,0.156819735,Normal
train,04_0046,0,0.107966736,04,0.107966736,False,0,0.0,0.6,0.173983368,Normal
train,04_0046,0,0.15393913,04,0.15393913,False,0,0.0,0.6,0.196969565,Normal
train,04_0046,0,0.28468043,04,0.28468043,False,0,0.0,0.6,0.262340215,Normal
train,04_0046,0,0.3840776,04,0.3840776,False,0,0.0,0.6,0.3120388,Normal
train,04_0046,1,0.59993845,04,0.59993845,True,1,0.2,0.6,0.479969225,Low
train,04_0046,1,0.7440967,04,0.7440967,True,2,0.4,0.6,0.61204835,Low
train,04_0046,1,0.7711,04,0.7711,True,3,0.6,0.6,0.68555,Medium
train,04_0046,1,0.45703214,04,0.45703214,False,0,0.0,0.6,0.34851606999999996,Normal
train,04_0046,1,0.4108429,04,0.4108429,False,0,0.0,0.6,0.32542145,Normal
train,04_0046,0,0.276685,04,0.276685,False,0,0.0,0.6,0.25834250000000003,Normal
train,04_0046,0,0.36623347,04,0.36623347,False,0,0.0,0.6,0.303116735,Normal
train,04_0046,0,0.60473037,04,0.60473037,True,1,0.2,0.6,0.482365185,Low
train,04_0046,0,0.6555425,04,0.6555425,True,2,0.4,0.6,0.5677712500000001,Low
train,04_0046,0,0.53517467,04,0.53517467,True,3,0.6,0.6,0.567587335,Low
train,04_005,0,0.030258996,04,0.030258996,False,0,0.0,0.6,0.135129498,Normal
train,04_005,0,0.026400134,04,0.026400134,False,0,0.0,0.6,0.133200067,Normal
train,04_005,0,0.07924779,04,0.07924779,False,0,0.0,0.6,0.159623895,Normal
train,04_005,0,0.016136277,04,0.016136277,False,0,0.0,0.6,0.12806813849999998,Normal
train,04_005,0,0.008281912,04,0.008281912,False,0,0.0,0.6,0.124140956,Normal
train,04_005,0,0.013828269,04,0.013828269,False,0,0.0,0.6,0.1269141345,Normal
train,04_005,0,0.007304904,04,0.007304904,False,0,0.0,0.6,0.123652452,Normal
train,04_005,0,0.0043093897,04,0.0043093897,False,0,0.0,0.6,0.12215469485,Normal
train,04_005,0,0.004516794,04,0.004516794,False,0,0.0,0.6,0.12225839699999999,Normal
train,04_005,0,0.005355124,04,0.005355124,False,0,0.0,0.6,0.12267756199999999,Normal
train,04_005,0,0.0051106582,04,0.0051106582,False,0,0.0,0.6,0.1225553291,Normal
train,04_005,0,0.0048596053,04,0.0048596053,False,0,0.0,0.6,0.12242980265,Normal
train,04_005,0,0.005213019,04,0.005213019,False,0,0.0,0.6,0.1226065095,Normal
train,04_005,0,0.0047956514,04,0.0047956514,False,0,0.0,0.6,0.12239782569999999,Normal
train,04_005,0,0.007671716,04,0.007671716,False,0,0.0,0.6,0.123835858,Normal
train,04_005,0,0.010112762,04,0.010112762,False,0,0.0,0.6,0.125056381,Normal
train,04_005,0,0.02637812,04,0.02637812,False,0,0.0,0.6,0.13318906,Normal
train,04_005,0,0.017978497,04,0.017978497,False,0,0.0,0.6,0.1289892485,Normal
train,04_005,0,0.032204397,04,0.032204397,False,0,0.0,0.6,0.1361021985,Normal
train,04_005,0,0.034308895,04,0.034308895,False,0,0.0,0.6,0.1371544475,Normal
train,04_005,0,0.0144787105,04,0.0144787105,False,0,0.0,0.6,0.12723935525,Normal
train,04_005,0,0.004355836,04,0.004355836,False,0,0.0,0.6,0.122177918,Normal
train,04_005,0,0.0045512808,04,0.0045512808,False,0,0.0,0.6,0.1222756404,Normal
train,04_005,0,0.0058997762,04,0.0058997762,False,0,0.0,0.6,0.1229498881,Normal
train,04_005,0,0.0073910616,04,0.0073910616,False,0,0.0,0.6,0.1236955308,Normal
train,04_005,0,0.0062768143,04,0.0062768143,False,0,0.0,0.6,0.12313840714999999,Normal
train,04_005,0,0.0065361927,04,0.0065361927,False,0,0.0,0.6,0.12326809635,Normal
train,04_005,0,0.0053283167,04,0.0053283167,False,0,0.0,0.6,0.12266415835,Normal
train,04_005,0,0.0050343215,04,0.0050343215,False,0,0.0,0.6,0.12251716074999999,Normal
train,04_0050,0,0.4947485,04,0.4947485,False,0,0.0,0.6,0.36737425,Normal
train,04_0050,0,0.79434025,04,0.79434025,True,1,0.2,0.6,0.577170125,Low
train,04_0050,0,0.81355107,04,0.81355107,True,2,0.4,0.6,0.6467755350000001,Low
train,04_0050,0,0.8953348,04,0.8953348,True,3,0.6,0.6,0.7476674,Medium
train,04_0050,1,0.96432763,04,0.96432763,True,4,0.8,0.6,0.842163815,High
train,04_0050,1,0.96724474,04,0.96724474,True,5,1.0,0.6,0.90362237,High
train,04_0050,0,0.9200466,04,0.9200466,True,6,1.0,0.6,0.8800233000000001,High
train,04_0050,0,0.44670603,04,0.44670603,False,0,0.0,0.6,0.343353015,Normal
train,04_0050,0,0.63212657,04,0.63212657,True,1,0.2,0.6,0.496063285,Low
train,04_006,0,0.020812536,04,0.020812536,False,0,0.0,0.6,0.130406268,Normal
train,04_006,0,0.08970626,04,0.08970626,False,0,0.0,0.6,0.16485313,Normal
train,04_006,0,0.085402474,04,0.085402474,False,0,0.0,0.6,0.162701237,Normal
train,04_006,0,0.4584137,04,0.4584137,False,0,0.0,0.6,0.34920684999999996,Normal
train,04_006,0,0.31570834,04,0.31570834,False,0,0.0,0.6,0.27785417,Normal
train,04_006,0,0.056160472,04,0.056160472,False,0,0.0,0.6,0.148080236,Normal
train,04_006,0,0.01400173,04,0.01400173,False,0,0.0,0.6,0.127000865,Normal
train,04_006,0,0.005756866,04,0.005756866,False,0,0.0,0.6,0.122878433,Normal
train,04_006,0,0.0039031191,04,0.0039031191,False,0,0.0,0.6,0.12195155954999999,Normal
train,04_007,0,0.02158897,04,0.02158897,False,0,0.0,0.6,0.130794485,Normal
train,04_007,0,0.015536134,04,0.015536134,False,0,0.0,0.6,0.12776806699999999,Normal
train,04_007,0,0.03747446,04,0.03747446,False,0,0.0,0.6,0.13873723,Normal
train,04_007,0,0.06815795,04,0.06815795,False,0,0.0,0.6,0.154078975,Normal
train,04_007,0,0.14900808,04,0.14900808,False,0,0.0,0.6,0.19450404,Normal
train,04_007,0,0.058272004,04,0.058272004,False,0,0.0,0.6,0.149136002,Normal
train,04_007,0,0.036942255,04,0.036942255,False,0,0.0,0.6,0.13847112749999999,Normal
train,04_007,0,0.015409006,04,0.015409006,False,0,0.0,0.6,0.127704503,Normal
train,04_007,0,0.016874308,04,0.016874308,False,0,0.0,0.6,0.128437154,Normal
train,04_007,0,0.021363558,04,0.021363558,False,0,0.0,0.6,0.130681779,Normal
train,04_007,0,0.02839546,04,0.02839546,False,0,0.0,0.6,0.13419773,Normal
train,04_007,0,0.04148984,04,0.04148984,False,0,0.0,0.6,0.14074492,Normal
train,04_008,0,0.02281405,04,0.02281405,False,0,0.0,0.6,0.13140702499999998,Normal
train,04_008,0,0.048880942,04,0.048880942,False,0,0.0,0.6,0.144440471,Normal
train,04_008,0,0.0667544,04,0.0667544,False,0,0.0,0.6,0.1533772,Normal
train,04_008,0,0.03554308,04,0.03554308,False,0,0.0,0.6,0.13777154,Normal
train,04_008,0,0.025106719,04,0.025106719,False,0,0.0,0.6,0.1325533595,Normal
train,04_008,0,0.01639262,04,0.01639262,False,0,0.0,0.6,0.12819631,Normal
train,04_008,0,0.01144817,04,0.01144817,False,0,0.0,0.6,0.12572408499999999,Normal
train,04_008,0,0.010026957,04,0.010026957,False,0,0.0,0.6,0.1250134785,Normal
train,04_008,0,0.00957677,04,0.00957677,False,0,0.0,0.6,0.124788385,Normal
train,04_008,0,0.0110135665,04,0.0110135665,False,0,0.0,0.6,0.12550678325,Normal
train,04_008,0,0.01640541,04,0.01640541,False,0,0.0,0.6,0.128202705,Normal
train,04_008,0,0.012672256,04,0.012672256,False,0,0.0,0.6,0.126336128,Normal
train,04_008,0,0.012144447,04,0.012144447,False,0,0.0,0.6,0.1260722235,Normal
train,04_008,0,0.012327888,04,0.012327888,False,0,0.0,0.6,0.126163944,Normal
train,04_008,0,0.015161457,04,0.015161457,False,0,0.0,0.6,0.1275807285,Normal
train,04_008,0,0.0258665,04,0.0258665,False,0,0.0,0.6,0.13293325,Normal
train,04_008,0,0.039634246,04,0.039634246,False,0,0.0,0.6,0.139817123,Normal
train,04_008,0,0.07501525,04,0.07501525,False,0,0.0,0.6,0.15750762499999998,Normal
train,04_008,0,0.07615371,04,0.07615371,False,0,0.0,0.6,0.158076855,Normal
train,04_008,0,0.050457623,04,0.050457623,False,0,0.0,0.6,0.1452288115,Normal
train,04_008,0,0.03845419,04,0.03845419,False,0,0.0,0.6,0.139227095,Normal
train,04_008,0,0.03200778,04,0.03200778,False,0,0.0,0.6,0.13600389,Normal
train,04_008,0,0.028797429,04,0.028797429,False,0,0.0,0.6,0.1343987145,Normal
train,04_008,0,0.018776078,04,0.018776078,False,0,0.0,0.6,0.129388039,Normal
train,04_008,0,0.018004006,04,0.018004006,False,0,0.0,0.6,0.129002003,Normal
train,04_008,0,0.012499366,04,0.012499366,False,0,0.0,0.6,0.126249683,Normal
train,04_008,0,0.013920714,04,0.013920714,False,0,0.0,0.6,0.126960357,Normal
train,04_008,0,0.02417606,04,0.02417606,False,0,0.0,0.6,0.13208803,Normal
train,04_008,0,0.021976,04,0.021976,False,0,0.0,0.6,0.130988,Normal
train,04_008,0,0.03586145,04,0.03586145,False,0,0.0,0.6,0.137930725,Normal
train,04_008,0,0.064520106,04,0.064520106,False,0,0.0,0.6,0.152260053,Normal
train,04_008,0,0.15530834,04,0.15530834,False,0,0.0,0.6,0.19765417,Normal
train,04_008,0,0.124810755,04,0.124810755,False,0,0.0,0.6,0.1824053775,Normal
train,04_008,0,0.19281194,04,0.19281194,False,0,0.0,0.6,0.21640597,Normal
train,04_008,0,0.3756197,04,0.3756197,False,0,0.0,0.6,0.30780985,Normal
train,04_008,0,0.8040577,04,0.8040577,True,1,0.2,0.6,0.5820288499999999,Low
train,04_008,0,0.5817592,04,0.5817592,True,2,0.4,0.6,0.5308796,Low
train,04_008,0,0.23290959,04,0.23290959,False,0,0.0,0.6,0.236454795,Normal
train,04_008,0,0.23106708,04,0.23106708,False,0,0.0,0.6,0.23553353999999999,Normal
train,04_008,0,0.38982114,04,0.38982114,False,0,0.0,0.6,0.31491057,Normal
train,04_008,0,0.23018084,04,0.23018084,False,0,0.0,0.6,0.23509042,Normal
train,04_008,0,0.3807261,04,0.3807261,False,0,0.0,0.6,0.31036305,Normal
train,04_008,0,0.07789195,04,0.07789195,False,0,0.0,0.6,0.158945975,Normal
train,04_008,0,0.0718658,04,0.0718658,False,0,0.0,0.6,0.15593289999999999,Normal
train,04_008,0,0.03690741,04,0.03690741,False,0,0.0,0.6,0.13845370499999998,Normal
train,04_008,0,0.029882519,04,0.029882519,False,0,0.0,0.6,0.1349412595,Normal
train,04_008,0,0.023707034,04,0.023707034,False,0,0.0,0.6,0.131853517,Normal
train,04_008,0,0.021439992,04,0.021439992,False,0,0.0,0.6,0.130719996,Normal
train,04_008,0,0.037942525,04,0.037942525,False,0,0.0,0.6,0.1389712625,Normal
train,04_008,0,0.08881022,04,0.08881022,False,0,0.0,0.6,0.16440511,Normal
train,04_008,0,0.040488355,04,0.040488355,False,0,0.0,0.6,0.14024417749999998,Normal
train,04_008,0,0.025863472,04,0.025863472,False,0,0.0,0.6,0.132931736,Normal
train,04_009,0,0.018248387,04,0.018248387,False,0,0.0,0.6,0.12912419349999998,Normal
train,04_009,0,0.028046794,04,0.028046794,False,0,0.0,0.6,0.134023397,Normal
train,04_009,0,0.04286938,04,0.04286938,False,0,0.0,0.6,0.14143469,Normal
train,04_009,0,0.029005464,04,0.029005464,False,0,0.0,0.6,0.13450273199999999,Normal
train,04_009,0,0.024920477,04,0.024920477,False,0,0.0,0.6,0.1324602385,Normal
train,04_009,0,0.022533597,04,0.022533597,False,0,0.0,0.6,0.1312667985,Normal
train,04_009,0,0.017690526,04,0.017690526,False,0,0.0,0.6,0.128845263,Normal
train,04_009,0,0.056935396,04,0.056935396,False,0,0.0,0.6,0.14846769799999998,Normal
train,04_009,0,0.020880857,04,0.020880857,False,0,0.0,0.6,0.13044042849999998,Normal
train,04_009,0,0.019283226,04,0.019283226,False,0,0.0,0.6,0.129641613,Normal
train,04_009,0,0.018882517,04,0.018882517,False,0,0.0,0.6,0.1294412585,Normal
train,04_009,0,0.019605948,04,0.019605948,False,0,0.0,0.6,0.129802974,Normal
train,04_009,0,0.026953423,04,0.026953423,False,0,0.0,0.6,0.13347671149999998,Normal
train,04_009,0,0.018273668,04,0.018273668,False,0,0.0,0.6,0.129136834,Normal
train,04_009,0,0.034106642,04,0.034106642,False,0,0.0,0.6,0.137053321,Normal
train,04_009,0,0.029272638,04,0.029272638,False,0,0.0,0.6,0.134636319,Normal
train,04_009,0,0.031982582,04,0.031982582,False,0,0.0,0.6,0.135991291,Normal
train,04_009,0,0.07293851,04,0.07293851,False,0,0.0,0.6,0.156469255,Normal
train,04_009,0,0.14331838,04,0.14331838,False,0,0.0,0.6,0.19165918999999998,Normal
train,04_009,0,0.0528718,04,0.0528718,False,0,0.0,0.6,0.1464359,Normal
train,04_009,0,0.021301733,04,0.021301733,False,0,0.0,0.6,0.1306508665,Normal
train,04_009,0,0.22701375,04,0.22701375,False,0,0.0,0.6,0.233506875,Normal
train,04_009,0,0.21630178,04,0.21630178,False,0,0.0,0.6,0.22815089,Normal
train,04_009,0,0.09592652,04,0.09592652,False,0,0.0,0.6,0.16796326,Normal
train,04_009,0,0.08654333,04,0.08654333,False,0,0.0,0.6,0.163271665,Normal
train,04_009,0,0.040057115,04,0.040057115,False,0,0.0,0.6,0.14002855749999998,Normal
train,04_009,0,0.107084654,04,0.107084654,False,0,0.0,0.6,0.173542327,Normal
train,04_009,0,0.2027928,04,0.2027928,False,0,0.0,0.6,0.2213964,Normal
train,04_009,0,0.15375635,04,0.15375635,False,0,0.0,0.6,0.196878175,Normal
train,04_009,0,0.109430924,04,0.109430924,False,0,0.0,0.6,0.174715462,Normal
train,04_009,0,0.05559231,04,0.05559231,False,0,0.0,0.6,0.14779615499999998,Normal
train,04_009,0,0.14061446,04,0.14061446,False,0,0.0,0.6,0.19030723,Normal
train,04_009,0,0.12023963,04,0.12023963,False,0,0.0,0.6,0.180119815,Normal
train,04_009,0,0.042218626,04,0.042218626,False,0,0.0,0.6,0.141109313,Normal
train,04_009,0,0.039380256,04,0.039380256,False,0,0.0,0.6,0.139690128,Normal
train,04_009,0,0.08376397,04,0.08376397,False,0,0.0,0.6,0.161881985,Normal
train,04_009,0,0.04248278,04,0.04248278,False,0,0.0,0.6,0.14124139,Normal
train,04_009,0,0.032180037,04,0.032180037,False,0,0.0,0.6,0.1360900185,Normal
train,04_009,0,0.026320057,04,0.026320057,False,0,0.0,0.6,0.1331600285,Normal
train,04_009,0,0.10694054,04,0.10694054,False,0,0.0,0.6,0.17347026999999998,Normal
train,04_009,0,0.14920688,04,0.14920688,False,0,0.0,0.6,0.19460344,Normal
train,04_009,0,0.11473139,04,0.11473139,False,0,0.0,0.6,0.177365695,Normal
train,04_009,0,0.059483603,04,0.059483603,False,0,0.0,0.6,0.1497418015,Normal
train,04_009,0,0.040781297,04,0.040781297,False,0,0.0,0.6,0.1403906485,Normal
train,04_009,0,0.039604343,04,0.039604343,False,0,0.0,0.6,0.1398021715,Normal
train,04_009,0,0.028377887,04,0.028377887,False,0,0.0,0.6,0.1341889435,Normal
train,04_009,0,0.023294678,04,0.023294678,False,0,0.0,0.6,0.131647339,Normal
train,04_009,0,0.02422809,04,0.02422809,False,0,0.0,0.6,0.13211404499999999,Normal
train,04_009,0,0.04580399,04,0.04580399,False,0,0.0,0.6,0.142901995,Normal
train,04_009,0,0.016214048,04,0.016214048,False,0,0.0,0.6,0.12810702399999999,Normal
train,04_009,0,0.016797738,04,0.016797738,False,0,0.0,0.6,0.128398869,Normal
train,04_009,0,0.012850124,04,0.012850124,False,0,0.0,0.6,0.126425062,Normal
train,04_009,0,0.017773189,04,0.017773189,False,0,0.0,0.6,0.1288865945,Normal
train,04_009,0,0.021276496,04,0.021276496,False,0,0.0,0.6,0.13063824799999998,Normal
train,04_009,0,0.029222062,04,0.029222062,False,0,0.0,0.6,0.134611031,Normal
train,04_009,0,0.033838313,04,0.033838313,False,0,0.0,0.6,0.1369191565,Normal
train,04_009,0,0.033735123,04,0.033735123,False,0,0.0,0.6,0.13686756149999998,Normal
train,04_009,0,0.035015818,04,0.035015818,False,0,0.0,0.6,0.13750790899999998,Normal
train,04_009,0,0.0249792,04,0.0249792,False,0,0.0,0.6,0.13248959999999999,Normal
train,04_009,0,0.018070692,04,0.018070692,False,0,0.0,0.6,0.129035346,Normal
train,04_009,0,0.013741925,04,0.013741925,False,0,0.0,0.6,0.1268709625,Normal
train,04_009,0,0.017741708,04,0.017741708,False,0,0.0,0.6,0.128870854,Normal
train,04_009,0,0.021082893,04,0.021082893,False,0,0.0,0.6,0.1305414465,Normal
train,04_009,0,0.02682415,04,0.02682415,False,0,0.0,0.6,0.133412075,Normal
train,04_009,0,0.018884225,04,0.018884225,False,0,0.0,0.6,0.12944211249999998,Normal
train,04_009,0,0.019347379,04,0.019347379,False,0,0.0,0.6,0.1296736895,Normal
train,04_009,0,0.018412564,04,0.018412564,False,0,0.0,0.6,0.129206282,Normal
train,04_009,0,0.015617098,04,0.015617098,False,0,0.0,0.6,0.127808549,Normal
train,04_009,0,0.012292475,04,0.012292475,False,0,0.0,0.6,0.1261462375,Normal
train,04_009,0,0.020805322,04,0.020805322,False,0,0.0,0.6,0.130402661,Normal
train,04_009,0,0.018117055,04,0.018117055,False,0,0.0,0.6,0.1290585275,Normal
train,04_010,0,0.045734238,04,0.045734238,False,0,0.0,0.6,0.142867119,Normal
train,04_010,0,0.041776154,04,0.041776154,False,0,0.0,0.6,0.140888077,Normal
train,04_010,0,0.044255972,04,0.044255972,False,0,0.0,0.6,0.14212798599999998,Normal
train,04_010,0,0.039102223,04,0.039102223,False,0,0.0,0.6,0.1395511115,Normal
train,04_010,0,0.040777735,04,0.040777735,False,0,0.0,0.6,0.1403888675,Normal
train,04_010,0,0.03314912,04,0.03314912,False,0,0.0,0.6,0.13657455999999998,Normal
train,04_010,0,0.03363605,04,0.03363605,False,0,0.0,0.6,0.136818025,Normal
train,04_010,0,0.022253968,04,0.022253968,False,0,0.0,0.6,0.131126984,Normal
train,04_010,0,0.028737836,04,0.028737836,False,0,0.0,0.6,0.134368918,Normal
train,04_010,0,0.01607892,04,0.01607892,False,0,0.0,0.6,0.12803946,Normal
train,04_011,0,0.06755668,04,0.06755668,False,0,0.0,0.6,0.15377833999999999,Normal
train,04_011,0,0.060655586,04,0.060655586,False,0,0.0,0.6,0.150327793,Normal
train,04_011,0,0.05464128,04,0.05464128,False,0,0.0,0.6,0.14732064,Normal
train,04_011,0,0.058404896,04,0.058404896,False,0,0.0,0.6,0.149202448,Normal
train,04_011,0,0.03526551,04,0.03526551,False,0,0.0,0.6,0.137632755,Normal
train,04_011,0,0.026891993,04,0.026891993,False,0,0.0,0.6,0.1334459965,Normal
train,04_011,0,0.060122464,04,0.060122464,False,0,0.0,0.6,0.150061232,Normal
train,04_011,0,0.030407382,04,0.030407382,False,0,0.0,0.6,0.135203691,Normal
train,04_011,0,0.1338,04,0.1338,False,0,0.0,0.6,0.1869,Normal
train,04_011,0,0.10694426,04,0.10694426,False,0,0.0,0.6,0.17347213,Normal
train,04_011,0,0.057753146,04,0.057753146,False,0,0.0,0.6,0.14887657299999998,Normal
train,04_011,0,0.057782087,04,0.057782087,False,0,0.0,0.6,0.1488910435,Normal
train,04_011,0,0.054263014,04,0.054263014,False,0,0.0,0.6,0.147131507,Normal
train,04_011,0,0.11362451,04,0.11362451,False,0,0.0,0.6,0.176812255,Normal
train,04_011,0,0.05320209,04,0.05320209,False,0,0.0,0.6,0.14660104499999999,Normal
train,04_011,0,0.031673823,04,0.031673823,False,0,0.0,0.6,0.1358369115,Normal
train,04_012,0,0.0253655,04,0.0253655,False,0,0.0,0.6,0.13268275,Normal
train,04_012,0,0.020083372,04,0.020083372,False,0,0.0,0.6,0.130041686,Normal
train,04_012,0,0.022058068,04,0.022058068,False,0,0.0,0.6,0.131029034,Normal
train,04_012,0,0.026339207,04,0.026339207,False,0,0.0,0.6,0.13316960349999998,Normal
train,04_012,0,0.027440656,04,0.027440656,False,0,0.0,0.6,0.133720328,Normal
train,04_012,0,0.023091082,04,0.023091082,False,0,0.0,0.6,0.131545541,Normal
train,04_012,0,0.025312087,04,0.025312087,False,0,0.0,0.6,0.1326560435,Normal
train,04_012,0,0.022913942,04,0.022913942,False,0,0.0,0.6,0.131456971,Normal
train,04_012,0,0.02183041,04,0.02183041,False,0,0.0,0.6,0.130915205,Normal
train,04_012,0,0.027348032,04,0.027348032,False,0,0.0,0.6,0.133674016,Normal
train,04_012,0,0.022403093,04,0.022403093,False,0,0.0,0.6,0.1312015465,Normal
train,04_012,0,0.02071918,04,0.02071918,False,0,0.0,0.6,0.13035959,Normal
train,04_012,0,0.020635666,04,0.020635666,False,0,0.0,0.6,0.130317833,Normal
train,04_012,0,0.024133293,04,0.024133293,False,0,0.0,0.6,0.1320666465,Normal
train,04_012,0,0.022076491,04,0.022076491,False,0,0.0,0.6,0.13103824549999998,Normal
train,04_012,0,0.025720526,04,0.025720526,False,0,0.0,0.6,0.132860263,Normal
train,04_012,0,0.02126004,04,0.02126004,False,0,0.0,0.6,0.13063001999999999,Normal
train,04_012,0,0.022849083,04,0.022849083,False,0,0.0,0.6,0.1314245415,Normal
train,04_012,0,0.021228557,04,0.021228557,False,0,0.0,0.6,0.1306142785,Normal
train,04_012,0,0.041263327,04,0.041263327,False,0,0.0,0.6,0.1406316635,Normal
train,04_012,0,0.032327622,04,0.032327622,False,0,0.0,0.6,0.136163811,Normal
train,04_012,0,0.041868873,04,0.041868873,False,0,0.0,0.6,0.14093443649999998,Normal
train,04_012,0,0.033827808,04,0.033827808,False,0,0.0,0.6,0.136913904,Normal
train,04_012,0,0.033082347,04,0.033082347,False,0,0.0,0.6,0.1365411735,Normal
train,04_012,0,0.06255517,04,0.06255517,False,0,0.0,0.6,0.151277585,Normal
train,04_012,0,0.06016345,04,0.06016345,False,0,0.0,0.6,0.150081725,Normal
train,04_012,0,0.03556868,04,0.03556868,False,0,0.0,0.6,0.13778434,Normal
train,04_012,0,0.03814983,04,0.03814983,False,0,0.0,0.6,0.139074915,Normal
train,04_013,0,0.013391488,04,0.013391488,False,0,0.0,0.6,0.126695744,Normal
train,04_013,0,0.020366393,04,0.020366393,False,0,0.0,0.6,0.1301831965,Normal
train,04_013,0,0.031618852,04,0.031618852,False,0,0.0,0.6,0.135809426,Normal
train,04_013,0,0.03412679,04,0.03412679,False,0,0.0,0.6,0.137063395,Normal
train,04_013,0,0.058547314,04,0.058547314,False,0,0.0,0.6,0.149273657,Normal
train,04_013,0,0.1378348,04,0.1378348,False,0,0.0,0.6,0.1889174,Normal
train,04_013,0,0.14031707,04,0.14031707,False,0,0.0,0.6,0.190158535,Normal
train,04_013,0,0.021855706,04,0.021855706,False,0,0.0,0.6,0.13092785299999998,Normal
train,04_013,0,0.025054904,04,0.025054904,False,0,0.0,0.6,0.132527452,Normal
train,04_013,0,0.028781155,04,0.028781155,False,0,0.0,0.6,0.1343905775,Normal
train,04_013,0,0.067041576,04,0.067041576,False,0,0.0,0.6,0.153520788,Normal
train,04_013,0,0.0127369715,04,0.0127369715,False,0,0.0,0.6,0.12636848574999998,Normal
train,04_013,0,0.007627889,04,0.007627889,False,0,0.0,0.6,0.1238139445,Normal
train,04_014,0,0.12936774,04,0.12936774,False,0,0.0,0.6,0.18468387,Normal
train,04_014,0,0.063131966,04,0.063131966,False,0,0.0,0.6,0.151565983,Normal
train,04_014,0,0.060226787,04,0.060226787,False,0,0.0,0.6,0.1501133935,Normal
train,04_014,0,0.037967023,04,0.037967023,False,0,0.0,0.6,0.1389835115,Normal
train,04_014,0,0.026583167,04,0.026583167,False,0,0.0,0.6,0.1332915835,Normal
train,04_014,0,0.0627953,04,0.0627953,False,0,0.0,0.6,0.15139765,Normal
train,04_014,0,0.029931312,04,0.029931312,False,0,0.0,0.6,0.134965656,Normal
train,04_014,0,0.022025391,04,0.022025391,False,0,0.0,0.6,0.1310126955,Normal
train,04_014,0,0.03493901,04,0.03493901,False,0,0.0,0.6,0.137469505,Normal
train,04_014,0,0.027946077,04,0.027946077,False,0,0.0,0.6,0.1339730385,Normal
train,04_014,0,0.027978064,04,0.027978064,False,0,0.0,0.6,0.133989032,Normal
train,04_014,0,0.02030021,04,0.02030021,False,0,0.0,0.6,0.130150105,Normal
train,04_014,0,0.038511615,04,0.038511615,False,0,0.0,0.6,0.1392558075,Normal
train,04_014,0,0.03494243,04,0.03494243,False,0,0.0,0.6,0.13747121499999998,Normal
train,04_014,0,0.026951715,04,0.026951715,False,0,0.0,0.6,0.1334758575,Normal
train,04_014,0,0.022259166,04,0.022259166,False,0,0.0,0.6,0.131129583,Normal
train,04_014,0,0.02353298,04,0.02353298,False,0,0.0,0.6,0.13176649,Normal
train,04_014,0,0.0113184815,04,0.0113184815,False,0,0.0,0.6,0.12565924074999998,Normal
train,04_015,0,0.024854664,04,0.024854664,False,0,0.0,0.6,0.132427332,Normal
train,04_015,0,0.0670304,04,0.0670304,False,0,0.0,0.6,0.1535152,Normal
train,04_015,0,0.08836169,04,0.08836169,False,0,0.0,0.6,0.164180845,Normal
train,04_015,0,0.05376043,04,0.05376043,False,0,0.0,0.6,0.14688021499999998,Normal
train,04_015,0,0.034943134,04,0.034943134,False,0,0.0,0.6,0.137471567,Normal
train,04_015,0,0.05019306,04,0.05019306,False,0,0.0,0.6,0.14509653,Normal
train,04_015,0,0.032357812,04,0.032357812,False,0,0.0,0.6,0.136178906,Normal
train,04_015,0,0.06644775,04,0.06644775,False,0,0.0,0.6,0.153223875,Normal
train,04_015,0,0.046071135,04,0.046071135,False,0,0.0,0.6,0.1430355675,Normal
train,04_015,0,0.03070071,04,0.03070071,False,0,0.0,0.6,0.135350355,Normal
train,04_016,0,0.028195733,04,0.028195733,False,0,0.0,0.6,0.1340978665,Normal
train,04_016,0,0.027015757,04,0.027015757,False,0,0.0,0.6,0.1335078785,Normal
train,04_016,0,0.051868457,04,0.051868457,False,0,0.0,0.6,0.14593422849999999,Normal
train,04_016,0,0.08363492,04,0.08363492,False,0,0.0,0.6,0.16181746,Normal
train,04_016,0,0.11647929,04,0.11647929,False,0,0.0,0.6,0.178239645,Normal
train,04_016,0,0.108846165,04,0.108846165,False,0,0.0,0.6,0.1744230825,Normal
train,04_016,0,0.026904186,04,0.026904186,False,0,0.0,0.6,0.133452093,Normal
train,04_016,0,0.03339034,04,0.03339034,False,0,0.0,0.6,0.13669517,Normal
train,04_016,0,0.027681002,04,0.027681002,False,0,0.0,0.6,0.133840501,Normal
train,04_017,0,0.021642132,04,0.021642132,False,0,0.0,0.6,0.13082106599999999,Normal
train,04_017,0,0.022582974,04,0.022582974,False,0,0.0,0.6,0.13129148699999998,Normal
train,04_017,0,0.02401178,04,0.02401178,False,0,0.0,0.6,0.13200589,Normal
train,04_017,0,0.020400181,04,0.020400181,False,0,0.0,0.6,0.1302000905,Normal
train,04_017,0,0.018973138,04,0.018973138,False,0,0.0,0.6,0.129486569,Normal
train,04_017,0,0.013814451,04,0.013814451,False,0,0.0,0.6,0.1269072255,Normal
train,04_017,0,0.010727135,04,0.010727135,False,0,0.0,0.6,0.1253635675,Normal
train,04_017,0,0.009812323,04,0.009812323,False,0,0.0,0.6,0.1249061615,Normal
train,04_017,0,0.012312686,04,0.012312686,False,0,0.0,0.6,0.126156343,Normal
train,04_017,0,0.016255438,04,0.016255438,False,0,0.0,0.6,0.128127719,Normal
train,04_017,0,0.012434308,04,0.012434308,False,0,0.0,0.6,0.126217154,Normal
train,04_017,0,0.012220899,04,0.012220899,False,0,0.0,0.6,0.1261104495,Normal
train,04_017,0,0.010883457,04,0.010883457,False,0,0.0,0.6,0.1254417285,Normal
train,04_017,0,0.013126853,04,0.013126853,False,0,0.0,0.6,0.1265634265,Normal
val,04_018,0,0.020243008,04,0.020243008,False,0,0.0,0.6,0.130121504,Normal
val,04_018,0,0.025931515,04,0.025931515,False,0,0.0,0.6,0.1329657575,Normal
val,04_018,0,0.020826455,04,0.020826455,False,0,0.0,0.6,0.1304132275,Normal
val,04_018,0,0.020710232,04,0.020710232,False,0,0.0,0.6,0.130355116,Normal
val,04_018,0,0.018937195,04,0.018937195,False,0,0.0,0.6,0.1294685975,Normal
val,04_018,0,0.01166433,04,0.01166433,False,0,0.0,0.6,0.125832165,Normal
val,04_018,0,0.010060067,04,0.010060067,False,0,0.0,0.6,0.1250300335,Normal
val,04_018,0,0.008398463,04,0.008398463,False,0,0.0,0.6,0.12419923149999999,Normal
val,04_018,0,0.012568382,04,0.012568382,False,0,0.0,0.6,0.126284191,Normal
val,04_018,0,0.013284522,04,0.013284522,False,0,0.0,0.6,0.126642261,Normal
val,04_018,0,0.012415387,04,0.012415387,False,0,0.0,0.6,0.1262076935,Normal
val,04_018,0,0.012282534,04,0.012282534,False,0,0.0,0.6,0.126141267,Normal
val,04_018,0,0.009512974,04,0.009512974,False,0,0.0,0.6,0.124756487,Normal
val,04_018,0,0.0103241755,04,0.0103241755,False,0,0.0,0.6,0.12516208774999998,Normal
val,04_018,0,0.010722854,04,0.010722854,False,0,0.0,0.6,0.125361427,Normal
val,04_018,0,0.010699732,04,0.010699732,False,0,0.0,0.6,0.125349866,Normal
val,04_018,0,0.010989887,04,0.010989887,False,0,0.0,0.6,0.12549494349999998,Normal
val,04_018,0,0.009257888,04,0.009257888,False,0,0.0,0.6,0.12462894399999999,Normal
val,04_018,0,0.010509799,04,0.010509799,False,0,0.0,0.6,0.1252548995,Normal
val,04_019,0,0.013506139,04,0.013506139,False,0,0.0,0.6,0.12675306949999998,Normal
val,04_019,0,0.022320587,04,0.022320587,False,0,0.0,0.6,0.1311602935,Normal
val,04_019,0,0.05964182,04,0.05964182,False,0,0.0,0.6,0.14982091,Normal
val,04_019,0,0.072717816,04,0.072717816,False,0,0.0,0.6,0.156358908,Normal
val,04_019,0,0.08849839,04,0.08849839,False,0,0.0,0.6,0.164249195,Normal
val,04_019,0,0.06153569,04,0.06153569,False,0,0.0,0.6,0.15076784499999998,Normal
val,04_019,0,0.037358753,04,0.037358753,False,0,0.0,0.6,0.1386793765,Normal
val,04_019,0,0.051536947,04,0.051536947,False,0,0.0,0.6,0.1457684735,Normal
val,04_019,0,0.08570203,04,0.08570203,False,0,0.0,0.6,0.162851015,Normal
val,04_019,0,0.22377312,04,0.22377312,False,0,0.0,0.6,0.23188656,Normal
val,04_019,0,0.045293845,04,0.045293845,False,0,0.0,0.6,0.1426469225,Normal
val,04_019,0,0.038077317,04,0.038077317,False,0,0.0,0.6,0.1390386585,Normal
val,04_019,0,0.0191865,04,0.0191865,False,0,0.0,0.6,0.12959325,Normal
val,04_019,0,0.014630663,04,0.014630663,False,0,0.0,0.6,0.1273153315,Normal
val,04_019,0,0.01262964,04,0.01262964,False,0,0.0,0.6,0.12631482,Normal
val,04_019,0,0.0118641555,04,0.0118641555,False,0,0.0,0.6,0.12593207774999998,Normal
val,04_019,0,0.010623763,04,0.010623763,False,0,0.0,0.6,0.1253118815,Normal
val,04_019,0,0.0101864515,04,0.0101864515,False,0,0.0,0.6,0.12509322575,Normal
val,04_019,0,0.008698127,04,0.008698127,False,0,0.0,0.6,0.1243490635,Normal
val,04_019,0,0.007902594,04,0.007902594,False,0,0.0,0.6,0.123951297,Normal
val,04_019,0,0.008496986,04,0.008496986,False,0,0.0,0.6,0.124248493,Normal
train,04_020,0,0.024410151,04,0.024410151,False,0,0.0,0.6,0.1322050755,Normal
train,04_020,0,0.027745798,04,0.027745798,False,0,0.0,0.6,0.133872899,Normal
train,04_020,0,0.02639749,04,0.02639749,False,0,0.0,0.6,0.133198745,Normal
train,04_020,0,0.029566012,04,0.029566012,False,0,0.0,0.6,0.13478300599999998,Normal
train,04_020,0,0.033182364,04,0.033182364,False,0,0.0,0.6,0.136591182,Normal
train,04_020,0,0.036520835,04,0.036520835,False,0,0.0,0.6,0.1382604175,Normal
train,04_020,0,0.037434697,04,0.037434697,False,0,0.0,0.6,0.1387173485,Normal
train,04_020,0,0.064605765,04,0.064605765,False,0,0.0,0.6,0.1523028825,Normal
train,04_020,0,0.039498854,04,0.039498854,False,0,0.0,0.6,0.13974942699999998,Normal
train,04_020,0,0.035054784,04,0.035054784,False,0,0.0,0.6,0.137527392,Normal
train,04_020,0,0.035039898,04,0.035039898,False,0,0.0,0.6,0.137519949,Normal
train,04_020,0,0.068385445,04,0.068385445,False,0,0.0,0.6,0.1541927225,Normal
train,04_020,0,0.03712057,04,0.03712057,False,0,0.0,0.6,0.138560285,Normal
train,04_020,0,0.04025244,04,0.04025244,False,0,0.0,0.6,0.14012622,Normal
train,04_020,0,0.03498505,04,0.03498505,False,0,0.0,0.6,0.137492525,Normal
train,04_020,0,0.029725572,04,0.029725572,False,0,0.0,0.6,0.13486278599999998,Normal
train,05_001,0,0.003534581,05,0.003534581,False,0,0.0,0.6,0.1217672905,Normal
train,05_001,0,0.003058263,05,0.003058263,False,0,0.0,0.6,0.1215291315,Normal
train,05_001,0,0.0029260735,05,0.0029260735,False,0,0.0,0.6,0.12146303674999999,Normal
train,05_001,0,0.0023951444,05,0.0023951444,False,0,0.0,0.6,0.12119757219999999,Normal
train,05_001,0,0.0025389555,05,0.0025389555,False,0,0.0,0.6,0.12126947775,Normal
train,05_001,0,0.002494881,05,0.002494881,False,0,0.0,0.6,0.1212474405,Normal
train,05_001,0,0.002520266,05,0.002520266,False,0,0.0,0.6,0.12126013299999999,Normal
train,05_001,0,0.0026693603,05,0.0026693603,False,0,0.0,0.6,0.12133468015,Normal
train,05_001,0,0.0026931842,05,0.0026931842,False,0,0.0,0.6,0.1213465921,Normal
train,05_001,0,0.0026967444,05,0.0026967444,False,0,0.0,0.6,0.1213483722,Normal
train,05_001,0,0.0026422208,05,0.0026422208,False,0,0.0,0.6,0.1213211104,Normal
train,05_001,0,0.002502069,05,0.002502069,False,0,0.0,0.6,0.1212510345,Normal
train,05_001,0,0.0025058743,05,0.0025058743,False,0,0.0,0.6,0.12125293714999999,Normal
train,05_001,0,0.0026208526,05,0.0026208526,False,0,0.0,0.6,0.1213104263,Normal
train,05_001,0,0.0027815676,05,0.0027815676,False,0,0.0,0.6,0.1213907838,Normal
train,05_001,0,0.0034461434,05,0.0034461434,False,0,0.0,0.6,0.12172307169999999,Normal
train,05_001,0,0.005309626,05,0.005309626,False,0,0.0,0.6,0.122654813,Normal
train,05_001,0,0.0057362537,05,0.0057362537,False,0,0.0,0.6,0.12286812685,Normal
train,05_001,0,0.0032444177,05,0.0032444177,False,0,0.0,0.6,0.12162220885,Normal
train,05_001,0,0.0027270268,05,0.0027270268,False,0,0.0,0.6,0.1213635134,Normal
train,05_001,0,0.0034231676,05,0.0034231676,False,0,0.0,0.6,0.1217115838,Normal
train,05_001,0,0.0032992705,05,0.0032992705,False,0,0.0,0.6,0.12164963525,Normal
train,05_001,0,0.002930401,05,0.002930401,False,0,0.0,0.6,0.1214652005,Normal
train,05_001,0,0.003117847,05,0.003117847,False,0,0.0,0.6,0.1215589235,Normal
train,05_001,0,0.0036672368,05,0.0036672368,False,0,0.0,0.6,0.1218336184,Normal
test,05_0017,0,0.24594662,05,0.24594662,False,0,0.0,0.6,0.24297331,Normal
test,05_0017,0,0.6557913,05,0.6557913,True,1,0.2,0.6,0.50789565,Low
test,05_0017,0,0.81954783,05,0.81954783,True,2,0.4,0.6,0.649773915,Low
test,05_0017,0,0.88569933,05,0.88569933,True,3,0.6,0.6,0.7428496649999999,Medium
test,05_0017,0,0.82700324,05,0.82700324,True,4,0.8,0.6,0.77350162,Medium
test,05_0017,0,0.88166744,05,0.88166744,True,5,1.0,0.6,0.8608337199999999,High
test,05_0017,0,0.95150286,05,0.95150286,True,6,1.0,0.6,0.8957514299999999,High
test,05_0017,0,0.97021705,05,0.97021705,True,7,1.0,0.6,0.905108525,High
test,05_0017,1,0.9650679,05,0.9650679,True,8,1.0,0.6,0.9025339499999999,High
test,05_0017,1,0.9626637,05,0.9626637,True,9,1.0,0.6,0.9013318499999999,High
test,05_0017,1,0.95668083,05,0.95668083,True,10,1.0,0.6,0.898340415,High
test,05_0017,1,0.95228475,05,0.95228475,True,11,1.0,0.6,0.896142375,High
val,05_0018,0,0.36927715,05,0.36927715,False,0,0.0,0.6,0.304638575,Normal
val,05_0018,0,0.407399,05,0.407399,False,0,0.0,0.6,0.32369950000000003,Normal
val,05_0018,0,0.41110626,05,0.41110626,False,0,0.0,0.6,0.32555312999999997,Normal
val,05_0018,0,0.2809207,05,0.2809207,False,0,0.0,0.6,0.26046035,Normal
val,05_0018,1,0.69059885,05,0.69059885,True,1,0.2,0.6,0.525299425,Low
val,05_0018,1,0.94272983,05,0.94272983,True,2,0.4,0.6,0.711364915,Medium
val,05_0018,0,0.9422924,05,0.9422924,True,3,0.6,0.6,0.7711462,Medium
val,05_0018,0,0.8566228,05,0.8566228,True,4,0.8,0.6,0.7883114,Medium
val,05_0018,0,0.7064527,05,0.7064527,True,5,1.0,0.6,0.77322635,Medium
val,05_0018,0,0.8570264,05,0.8570264,True,6,1.0,0.6,0.8485132,High
val,05_0018,0,0.9530732,05,0.9530732,True,7,1.0,0.6,0.8965366,High
val,05_0018,0,0.9598068,05,0.9598068,True,8,1.0,0.6,0.8999034,High
val,05_0018,0,0.96055305,05,0.96055305,True,9,1.0,0.6,0.900276525,High
val,05_0018,0,0.91898274,05,0.91898274,True,10,1.0,0.6,0.87949137,High
train,05_0019,0,0.21224582,05,0.21224582,False,0,0.0,0.6,0.22612291,Normal
train,05_0019,0,0.22523971,05,0.22523971,False,0,0.0,0.6,0.232619855,Normal
train,05_0019,0,0.32471055,05,0.32471055,False,0,0.0,0.6,0.282355275,Normal
train,05_0019,0,0.36187783,05,0.36187783,False,0,0.0,0.6,0.30093891500000003,Normal
train,05_0019,0,0.7726752,05,0.7726752,True,1,0.2,0.6,0.5663376,Low
train,05_0019,0,0.95485103,05,0.95485103,True,2,0.4,0.6,0.7174255150000001,Medium
train,05_0019,0,0.96214175,05,0.96214175,True,3,0.6,0.6,0.781070875,Medium
train,05_0019,1,0.9665231,05,0.9665231,True,4,0.8,0.6,0.8432615499999999,High
train,05_0019,1,0.96498114,05,0.96498114,True,5,1.0,0.6,0.90249057,High
train,05_0019,1,0.97185725,05,0.97185725,True,6,1.0,0.6,0.9059286249999999,High
train,05_0019,1,0.96610874,05,0.96610874,True,7,1.0,0.6,0.90305437,High
train,05_0019,1,0.8850197,05,0.8850197,True,8,1.0,0.6,0.86250985,High
train,05_0019,0,0.72495085,05,0.72495085,True,9,1.0,0.6,0.782475425,Medium
train,05_0019,0,0.82302576,05,0.82302576,True,10,1.0,0.6,0.83151288,High
train,05_0019,0,0.8103647,05,0.8103647,True,11,1.0,0.6,0.8251823500000001,Medium
train,05_0019,0,0.9371608,05,0.9371608,True,12,1.0,0.6,0.8885804,High
train,05_0019,0,0.9178569,05,0.9178569,True,13,1.0,0.6,0.87892845,High
train,05_0019,0,0.88854563,05,0.88854563,True,14,1.0,0.6,0.864272815,High
train,05_0019,0,0.8143718,05,0.8143718,True,15,1.0,0.6,0.8271859,Medium
train,05_002,0,0.0047586043,05,0.0047586043,False,0,0.0,0.6,0.12237930215,Normal
train,05_002,0,0.0062028887,05,0.0062028887,False,0,0.0,0.6,0.12310144434999999,Normal
train,05_002,0,0.005876699,05,0.005876699,False,0,0.0,0.6,0.1229383495,Normal
train,05_002,0,0.00401365,05,0.00401365,False,0,0.0,0.6,0.122006825,Normal
train,05_002,0,0.00496722,05,0.00496722,False,0,0.0,0.6,0.12248360999999999,Normal
train,05_002,0,0.0035206387,05,0.0035206387,False,0,0.0,0.6,0.12176031935,Normal
train,05_002,0,0.004358368,05,0.004358368,False,0,0.0,0.6,0.122179184,Normal
train,05_002,0,0.005096249,05,0.005096249,False,0,0.0,0.6,0.1225481245,Normal
train,05_002,0,0.009109879,05,0.009109879,False,0,0.0,0.6,0.12455493949999999,Normal
train,05_002,0,0.015168121,05,0.015168121,False,0,0.0,0.6,0.12758406049999998,Normal
train,05_002,0,0.011335087,05,0.011335087,False,0,0.0,0.6,0.1256675435,Normal
train,05_002,0,0.0070729717,05,0.0070729717,False,0,0.0,0.6,0.12353648584999999,Normal
train,05_002,0,0.006182258,05,0.006182258,False,0,0.0,0.6,0.123091129,Normal
train,05_002,0,0.0046034153,05,0.0046034153,False,0,0.0,0.6,0.12230170765,Normal
train,05_002,0,0.004685655,05,0.004685655,False,0,0.0,0.6,0.1223428275,Normal
train,05_002,0,0.004829433,05,0.004829433,False,0,0.0,0.6,0.12241471649999999,Normal
train,05_002,0,0.0051006223,05,0.0051006223,False,0,0.0,0.6,0.12255031115,Normal
train,05_002,0,0.0045900973,05,0.0045900973,False,0,0.0,0.6,0.12229504865,Normal
train,05_002,0,0.004887583,05,0.004887583,False,0,0.0,0.6,0.1224437915,Normal
train,05_002,0,0.0045489874,05,0.0045489874,False,0,0.0,0.6,0.1222744937,Normal
train,05_002,0,0.0053728,05,0.0053728,False,0,0.0,0.6,0.1226864,Normal
train,05_002,0,0.00902399,05,0.00902399,False,0,0.0,0.6,0.124511995,Normal
train,05_002,0,0.005282837,05,0.005282837,False,0,0.0,0.6,0.1226414185,Normal
test,05_0020,0,0.28056273,05,0.28056273,False,0,0.0,0.6,0.260281365,Normal
test,05_0020,0,0.7128274,05,0.7128274,True,1,0.2,0.6,0.5364137,Low
test,05_0020,0,0.8645561,05,0.8645561,True,2,0.4,0.6,0.67227805,Medium
test,05_0020,0,0.866199,05,0.866199,True,3,0.6,0.6,0.7330995,Medium
test,05_0020,0,0.88582194,05,0.88582194,True,4,0.8,0.6,0.80291097,Medium
test,05_0020,0,0.9341959,05,0.9341959,True,5,1.0,0.6,0.8870979499999999,High
test,05_0020,0,0.94031155,05,0.94031155,True,6,1.0,0.6,0.890155775,High
test,05_0020,0,0.93118787,05,0.93118787,True,7,1.0,0.6,0.885593935,High
test,05_0020,0,0.90886503,05,0.90886503,True,8,1.0,0.6,0.874432515,High
test,05_0020,0,0.9403115,05,0.9403115,True,9,1.0,0.6,0.89015575,High
test,05_0020,0,0.96214134,05,0.96214134,True,10,1.0,0.6,0.90107067,High
test,05_0020,0,0.95668346,05,0.95668346,True,11,1.0,0.6,0.89834173,High
test,05_0020,0,0.9446172,05,0.9446172,True,12,1.0,0.6,0.8923086,High
test,05_0020,1,0.94336224,05,0.94336224,True,13,1.0,0.6,0.89168112,High
test,05_0020,1,0.94196075,05,0.94196075,True,14,1.0,0.6,0.8909803749999999,High
test,05_0020,0,0.949867,05,0.949867,True,15,1.0,0.6,0.8949334999999999,High
test,05_0020,0,0.94857806,05,0.94857806,True,16,1.0,0.6,0.89428903,High
test,05_0020,0,0.96150464,05,0.96150464,True,17,1.0,0.6,0.9007523199999999,High
test,05_0020,0,0.9719782,05,0.9719782,True,18,1.0,0.6,0.9059891,High
train,05_0021,0,0.8187742,05,0.8187742,True,1,0.2,0.6,0.5893870999999999,Low
train,05_0021,0,0.78330415,05,0.78330415,True,2,0.4,0.6,0.631652075,Low
train,05_0021,0,0.858852,05,0.858852,True,3,0.6,0.6,0.729426,Medium
train,05_0021,0,0.94618547,05,0.94618547,True,4,0.8,0.6,0.833092735,High
train,05_0021,1,0.9628796,05,0.9628796,True,5,1.0,0.6,0.9014398,High
train,05_0021,1,0.9626544,05,0.9626544,True,6,1.0,0.6,0.9013272,High
train,05_0021,1,0.9444511,05,0.9444511,True,7,1.0,0.6,0.8922255499999999,High
train,05_0021,0,0.92738384,05,0.92738384,True,8,1.0,0.6,0.88369192,High
train,05_0021,0,0.88993967,05,0.88993967,True,9,1.0,0.6,0.864969835,High
train,05_0021,0,0.76286125,05,0.76286125,True,10,1.0,0.6,0.801430625,Medium
train,05_0021,0,0.2970207,05,0.2970207,False,0,0.0,0.6,0.26851035,Normal
train,05_0022,0,0.59562916,05,0.59562916,True,1,0.2,0.6,0.47781458,Low
train,05_0022,0,0.8889543,05,0.8889543,True,2,0.4,0.6,0.68447715,Medium
train,05_0022,0,0.92863226,05,0.92863226,True,3,0.6,0.6,0.76431613,Medium
train,05_0022,0,0.95404875,05,0.95404875,True,4,0.8,0.6,0.837024375,High
train,05_0022,0,0.9589417,05,0.9589417,True,5,1.0,0.6,0.89947085,High
train,05_0022,0,0.95592684,05,0.95592684,True,6,1.0,0.6,0.8979634200000001,High
train,05_0022,0,0.9513495,05,0.9513495,True,7,1.0,0.6,0.89567475,High
train,05_0022,1,0.95518535,05,0.95518535,True,8,1.0,0.6,0.897592675,High
train,05_0022,1,0.9278157,05,0.9278157,True,9,1.0,0.6,0.88390785,High
train,05_0023,0,0.5995969,05,0.5995969,True,1,0.2,0.6,0.47979845,Low
train,05_0023,0,0.85810536,05,0.85810536,True,2,0.4,0.6,0.66905268,Low
train,05_0023,0,0.8410585,05,0.8410585,True,3,0.6,0.6,0.72052925,Medium
train,05_0023,0,0.91856706,05,0.91856706,True,4,0.8,0.6,0.81928353,Medium
train,05_0023,0,0.9443905,05,0.9443905,True,5,1.0,0.6,0.89219525,High
train,05_0023,1,0.9609095,05,0.9609095,True,6,1.0,0.6,0.90045475,High
train,05_0023,1,0.9696481,05,0.9696481,True,7,1.0,0.6,0.90482405,High
train,05_0023,1,0.9698378,05,0.9698378,True,8,1.0,0.6,0.9049189,High
train,05_0023,0,0.9541887,05,0.9541887,True,9,1.0,0.6,0.89709435,High
train,05_0023,0,0.8936646,05,0.8936646,True,10,1.0,0.6,0.8668323,High
train,05_0023,1,0.9693034,05,0.9693034,True,11,1.0,0.6,0.9046517,High
train,05_0023,1,0.9726993,05,0.9726993,True,12,1.0,0.6,0.90634965,Critical
train,05_0023,1,0.9551364,05,0.9551364,True,13,1.0,0.6,0.8975681999999999,High
train,05_0023,0,0.9354621,05,0.9354621,True,14,1.0,0.6,0.88773105,High
train,05_0023,0,0.9581154,05,0.9581154,True,15,1.0,0.6,0.8990577,High
train,05_0023,0,0.9714787,05,0.9714787,True,16,1.0,0.6,0.90573935,High
train,05_0023,1,0.9781255,05,0.9781255,True,17,1.0,0.6,0.90906275,Critical
train,05_0023,1,0.9482656,05,0.9482656,True,18,1.0,0.6,0.8941328000000001,High
train,05_0023,0,0.9240353,05,0.9240353,True,19,1.0,0.6,0.88201765,High
train,05_0023,0,0.9219977,05,0.9219977,True,20,1.0,0.6,0.88099885,High
train,05_0023,0,0.9109354,05,0.9109354,True,21,1.0,0.6,0.8754677,High
train,05_0023,0,0.8964192,05,0.8964192,True,22,1.0,0.6,0.8682096,High
train,05_0023,0,0.77501625,05,0.77501625,True,23,1.0,0.6,0.8075081249999999,Medium
train,05_0024,0,0.7248843,05,0.7248843,True,1,0.2,0.6,0.5424421500000001,Low
train,05_0024,1,0.9396678,05,0.9396678,True,2,0.4,0.6,0.7098339,Medium
train,05_0024,1,0.9649724,05,0.9649724,True,3,0.6,0.6,0.7824862,Medium
train,05_0024,1,0.9412315,05,0.9412315,True,4,0.8,0.6,0.83061575,High
train,05_0024,1,0.95214134,05,0.95214134,True,5,1.0,0.6,0.89607067,High
train,05_0024,1,0.9475021,05,0.9475021,True,6,1.0,0.6,0.89375105,High
train,05_0024,0,0.9650993,05,0.9650993,True,7,1.0,0.6,0.90254965,High
train,05_0024,0,0.94871134,05,0.94871134,True,8,1.0,0.6,0.89435567,High
train,05_0024,0,0.8646363,05,0.8646363,True,9,1.0,0.6,0.85231815,High
train,05_0024,0,0.75692064,05,0.75692064,True,10,1.0,0.6,0.79846032,Medium
train,05_0024,0,0.64661795,05,0.64661795,True,11,1.0,0.6,0.743308975,Medium
train,05_0024,0,0.6282175,05,0.6282175,True,12,1.0,0.6,0.73410875,Medium
train,05_003,0,0.0062930947,05,0.0062930947,False,0,0.0,0.6,0.12314654735,Normal
train,05_003,0,0.0043864953,05,0.0043864953,False,0,0.0,0.6,0.12219324764999999,Normal
train,05_003,0,0.0030624908,05,0.0030624908,False,0,0.0,0.6,0.1215312454,Normal
train,05_003,0,0.0030076813,05,0.0030076813,False,0,0.0,0.6,0.12150384065,Normal
train,05_003,0,0.0027783238,05,0.0027783238,False,0,0.0,0.6,0.1213891619,Normal
train,05_003,0,0.003140723,05,0.003140723,False,0,0.0,0.6,0.1215703615,Normal
train,05_003,0,0.0032756298,05,0.0032756298,False,0,0.0,0.6,0.1216378149,Normal
train,05_003,0,0.0053760684,05,0.0053760684,False,0,0.0,0.6,0.12268803419999999,Normal
train,05_003,0,0.005010422,05,0.005010422,False,0,0.0,0.6,0.12250521099999999,Normal
train,05_003,0,0.00403901,05,0.00403901,False,0,0.0,0.6,0.122019505,Normal
train,05_003,0,0.0030387652,05,0.0030387652,False,0,0.0,0.6,0.12151938259999999,Normal
train,05_003,0,0.0030639528,05,0.0030639528,False,0,0.0,0.6,0.12153197639999999,Normal
train,05_003,0,0.0031572988,05,0.0031572988,False,0,0.0,0.6,0.1215786494,Normal
train,05_003,0,0.0035690449,05,0.0035690449,False,0,0.0,0.6,0.12178452245,Normal
train,05_003,0,0.0036836574,05,0.0036836574,False,0,0.0,0.6,0.1218418287,Normal
train,05_003,0,0.0035082544,05,0.0035082544,False,0,0.0,0.6,0.12175412719999999,Normal
train,05_003,0,0.0036033515,05,0.0036033515,False,0,0.0,0.6,0.12180167574999999,Normal
train,05_003,0,0.0034330867,05,0.0034330867,False,0,0.0,0.6,0.12171654335,Normal
train,05_003,0,0.0037919546,05,0.0037919546,False,0,0.0,0.6,0.1218959773,Normal
train,05_003,0,0.0036317757,05,0.0036317757,False,0,0.0,0.6,0.12181588785,Normal
train,05_003,0,0.005739731,05,0.005739731,False,0,0.0,0.6,0.1228698655,Normal
train,05_003,0,0.005794039,05,0.005794039,False,0,0.0,0.6,0.1228970195,Normal
train,05_003,0,0.005454138,05,0.005454138,False,0,0.0,0.6,0.122727069,Normal
train,05_003,0,0.0035956625,05,0.0035956625,False,0,0.0,0.6,0.12179783125,Normal
train,05_003,0,0.0038670541,05,0.0038670541,False,0,0.0,0.6,0.12193352704999999,Normal
train,05_003,0,0.0045294273,05,0.0045294273,False,0,0.0,0.6,0.12226471365,Normal
train,05_003,0,0.004219698,05,0.004219698,False,0,0.0,0.6,0.12210984899999999,Normal
train,05_003,0,0.004124433,05,0.004124433,False,0,0.0,0.6,0.1220622165,Normal
train,05_003,0,0.0035892583,05,0.0035892583,False,0,0.0,0.6,0.12179462915,Normal
train,05_003,0,0.00344765,05,0.00344765,False,0,0.0,0.6,0.121723825,Normal
train,05_003,0,0.0033285217,05,0.0033285217,False,0,0.0,0.6,0.12166426085,Normal
train,05_003,0,0.0035672178,05,0.0035672178,False,0,0.0,0.6,0.12178360889999999,Normal
train,05_003,0,0.0038032455,05,0.0038032455,False,0,0.0,0.6,0.12190162275,Normal
train,05_003,0,0.0038570487,05,0.0038570487,False,0,0.0,0.6,0.12192852435,Normal
train,05_003,0,0.003650875,05,0.003650875,False,0,0.0,0.6,0.1218254375,Normal
train,05_003,0,0.0031056064,05,0.0031056064,False,0,0.0,0.6,0.12155280319999999,Normal
train,05_003,0,0.002749478,05,0.002749478,False,0,0.0,0.6,0.121374739,Normal
train,05_003,0,0.0027256566,05,0.0027256566,False,0,0.0,0.6,0.12136282829999999,Normal
train,05_004,0,0.0037020608,05,0.0037020608,False,0,0.0,0.6,0.12185103039999999,Normal
train,05_004,0,0.0052583376,05,0.0052583376,False,0,0.0,0.6,0.1226291688,Normal
train,05_004,0,0.004528112,05,0.004528112,False,0,0.0,0.6,0.122264056,Normal
train,05_004,0,0.00437583,05,0.00437583,False,0,0.0,0.6,0.122187915,Normal
train,05_004,0,0.0036562074,05,0.0036562074,False,0,0.0,0.6,0.1218281037,Normal
train,05_004,0,0.0038098833,05,0.0038098833,False,0,0.0,0.6,0.12190494165,Normal
train,05_004,0,0.0034948757,05,0.0034948757,False,0,0.0,0.6,0.12174743785,Normal
train,05_004,0,0.0036984077,05,0.0036984077,False,0,0.0,0.6,0.12184920384999999,Normal
train,05_004,0,0.0034714346,05,0.0034714346,False,0,0.0,0.6,0.12173571729999999,Normal
train,05_004,0,0.0037561934,05,0.0037561934,False,0,0.0,0.6,0.1218780967,Normal
train,05_004,0,0.003660302,05,0.003660302,False,0,0.0,0.6,0.121830151,Normal
train,05_004,0,0.004221457,05,0.004221457,False,0,0.0,0.6,0.1221107285,Normal
train,05_004,0,0.0041443617,05,0.0041443617,False,0,0.0,0.6,0.12207218084999999,Normal
train,05_004,0,0.003880217,05,0.003880217,False,0,0.0,0.6,0.12194010849999999,Normal
train,05_004,0,0.003987473,05,0.003987473,False,0,0.0,0.6,0.12199373649999999,Normal
train,05_004,0,0.0035445641,05,0.0035445641,False,0,0.0,0.6,0.12177228205,Normal
train,05_004,0,0.0037163165,05,0.0037163165,False,0,0.0,0.6,0.12185815825,Normal
val,05_005,0,0.003947,05,0.003947,False,0,0.0,0.6,0.1219735,Normal
val,05_005,0,0.0052463664,05,0.0052463664,False,0,0.0,0.6,0.1226231832,Normal
val,05_005,0,0.0037346873,05,0.0037346873,False,0,0.0,0.6,0.12186734365,Normal
val,05_005,0,0.0031089864,05,0.0031089864,False,0,0.0,0.6,0.1215544932,Normal
val,05_005,0,0.0051127514,05,0.0051127514,False,0,0.0,0.6,0.1225563757,Normal
val,05_005,0,0.005170419,05,0.005170419,False,0,0.0,0.6,0.1225852095,Normal
val,05_005,0,0.0035402607,05,0.0035402607,False,0,0.0,0.6,0.12177013034999999,Normal
val,05_005,0,0.0049771476,05,0.0049771476,False,0,0.0,0.6,0.1224885738,Normal
val,05_005,0,0.0047577373,05,0.0047577373,False,0,0.0,0.6,0.12237886865,Normal
val,05_005,0,0.0042669275,05,0.0042669275,False,0,0.0,0.6,0.12213346374999999,Normal
val,05_005,0,0.006286428,05,0.006286428,False,0,0.0,0.6,0.123143214,Normal
val,05_005,0,0.0035859991,05,0.0035859991,False,0,0.0,0.6,0.12179299954999999,Normal
val,05_005,0,0.004825683,05,0.004825683,False,0,0.0,0.6,0.1224128415,Normal
val,05_005,0,0.0038795716,05,0.0038795716,False,0,0.0,0.6,0.12193978579999999,Normal
val,05_005,0,0.0034586573,05,0.0034586573,False,0,0.0,0.6,0.12172932865,Normal
val,05_005,0,0.0033075023,05,0.0033075023,False,0,0.0,0.6,0.12165375114999999,Normal
val,05_005,0,0.0033688676,05,0.0033688676,False,0,0.0,0.6,0.12168443379999999,Normal
val,05_005,0,0.0036110142,05,0.0036110142,False,0,0.0,0.6,0.1218055071,Normal
train,05_006,0,0.0039569596,05,0.0039569596,False,0,0.0,0.6,0.1219784798,Normal
train,05_006,0,0.0034989747,05,0.0034989747,False,0,0.0,0.6,0.12174948734999999,Normal
train,05_006,0,0.0037495596,05,0.0037495596,False,0,0.0,0.6,0.1218747798,Normal
train,05_006,0,0.0039386773,05,0.0039386773,False,0,0.0,0.6,0.12196933865,Normal
train,05_006,0,0.0033498567,05,0.0033498567,False,0,0.0,0.6,0.12167492834999999,Normal
train,05_006,0,0.003366518,05,0.003366518,False,0,0.0,0.6,0.121683259,Normal
train,05_006,0,0.004189316,05,0.004189316,False,0,0.0,0.6,0.122094658,Normal
train,05_006,0,0.004456031,05,0.004456031,False,0,0.0,0.6,0.1222280155,Normal
train,05_006,0,0.0041034063,05,0.0041034063,False,0,0.0,0.6,0.12205170315,Normal
train,05_006,0,0.0037318324,05,0.0037318324,False,0,0.0,0.6,0.1218659162,Normal
train,05_006,0,0.006083871,05,0.006083871,False,0,0.0,0.6,0.12304193549999999,Normal
train,05_006,0,0.0047753765,05,0.0047753765,False,0,0.0,0.6,0.12238768825,Normal
train,05_006,0,0.008072267,05,0.008072267,False,0,0.0,0.6,0.12403613349999999,Normal
train,05_006,0,0.0054969825,05,0.0054969825,False,0,0.0,0.6,0.12274849125,Normal
train,05_006,0,0.0072071706,05,0.0072071706,False,0,0.0,0.6,0.1236035853,Normal
train,05_006,0,0.0042467057,05,0.0042467057,False,0,0.0,0.6,0.12212335284999999,Normal
train,05_006,0,0.0059794625,05,0.0059794625,False,0,0.0,0.6,0.12298973125,Normal
train,05_006,0,0.0035082845,05,0.0035082845,False,0,0.0,0.6,0.12175414225,Normal
train,05_006,0,0.0037933527,05,0.0037933527,False,0,0.0,0.6,0.12189667635,Normal
train,05_006,0,0.0034159413,05,0.0034159413,False,0,0.0,0.6,0.12170797065,Normal
train,05_006,0,0.00360468,05,0.00360468,False,0,0.0,0.6,0.12180234,Normal
train,05_006,0,0.00307674,05,0.00307674,False,0,0.0,0.6,0.12153836999999999,Normal
train,05_006,0,0.0041778693,05,0.0041778693,False,0,0.0,0.6,0.12208893465,Normal
train,05_006,0,0.003821213,05,0.003821213,False,0,0.0,0.6,0.12191060649999999,Normal
train,05_006,0,0.0037801208,05,0.0037801208,False,0,0.0,0.6,0.1218900604,Normal
train,05_006,0,0.00417267,05,0.00417267,False,0,0.0,0.6,0.12208633499999999,Normal
train,05_006,0,0.0046932176,05,0.0046932176,False,0,0.0,0.6,0.12234660879999999,Normal
train,05_006,0,0.004635468,05,0.004635468,False,0,0.0,0.6,0.122317734,Normal
train,05_006,0,0.0035350479,05,0.0035350479,False,0,0.0,0.6,0.12176752395,Normal
train,05_006,0,0.004063081,05,0.004063081,False,0,0.0,0.6,0.1220315405,Normal
train,05_006,0,0.004233593,05,0.004233593,False,0,0.0,0.6,0.1221167965,Normal
train,05_006,0,0.0035657943,05,0.0035657943,False,0,0.0,0.6,0.12178289715,Normal
test,05_007,0,0.003609187,05,0.003609187,False,0,0.0,0.6,0.1218045935,Normal
test,05_007,0,0.0039185965,05,0.0039185965,False,0,0.0,0.6,0.12195929825,Normal
test,05_007,0,0.0037191794,05,0.0037191794,False,0,0.0,0.6,0.12185958969999999,Normal
test,05_007,0,0.0039833444,05,0.0039833444,False,0,0.0,0.6,0.1219916722,Normal
test,05_007,0,0.0037763782,05,0.0037763782,False,0,0.0,0.6,0.1218881891,Normal
test,05_007,0,0.0042417664,05,0.0042417664,False,0,0.0,0.6,0.1221208832,Normal
test,05_007,0,0.004174314,05,0.004174314,False,0,0.0,0.6,0.122087157,Normal
test,05_007,0,0.005646592,05,0.005646592,False,0,0.0,0.6,0.122823296,Normal
test,05_007,0,0.004533862,05,0.004533862,False,0,0.0,0.6,0.122266931,Normal
test,05_007,0,0.0051429057,05,0.0051429057,False,0,0.0,0.6,0.12257145285,Normal
test,05_007,0,0.0057225986,05,0.0057225986,False,0,0.0,0.6,0.12286129929999999,Normal
test,05_007,0,0.0048298747,05,0.0048298747,False,0,0.0,0.6,0.12241493735,Normal
test,05_007,0,0.0054367012,05,0.0054367012,False,0,0.0,0.6,0.1227183506,Normal
test,05_007,0,0.004055894,05,0.004055894,False,0,0.0,0.6,0.122027947,Normal
test,05_007,0,0.00482776,05,0.00482776,False,0,0.0,0.6,0.12241388,Normal
test,05_007,0,0.003122553,05,0.003122553,False,0,0.0,0.6,0.1215612765,Normal
test,05_007,0,0.00339212,05,0.00339212,False,0,0.0,0.6,0.12169606,Normal
test,05_007,0,0.0032311117,05,0.0032311117,False,0,0.0,0.6,0.12161555585,Normal
test,05_007,0,0.003351766,05,0.003351766,False,0,0.0,0.6,0.121675883,Normal
test,05_007,0,0.0036906712,05,0.0036906712,False,0,0.0,0.6,0.1218453356,Normal
test,05_007,0,0.0034179157,05,0.0034179157,False,0,0.0,0.6,0.12170895785,Normal
test,05_007,0,0.0035608234,05,0.0035608234,False,0,0.0,0.6,0.1217804117,Normal
train,05_008,0,0.0038943342,05,0.0038943342,False,0,0.0,0.6,0.12194716709999999,Normal
train,05_008,0,0.0032242644,05,0.0032242644,False,0,0.0,0.6,0.1216121322,Normal
train,05_008,0,0.0036668219,05,0.0036668219,False,0,0.0,0.6,0.12183341095,Normal
train,05_008,0,0.0036172643,05,0.0036172643,False,0,0.0,0.6,0.12180863215,Normal
train,05_008,0,0.0034689445,05,0.0034689445,False,0,0.0,0.6,0.12173447224999999,Normal
train,05_008,0,0.0031994479,05,0.0031994479,False,0,0.0,0.6,0.12159972395,Normal
train,05_008,0,0.005962956,05,0.005962956,False,0,0.0,0.6,0.12298147799999999,Normal
train,05_008,0,0.004946829,05,0.004946829,False,0,0.0,0.6,0.12247341449999999,Normal
train,05_008,0,0.0030807222,05,0.0030807222,False,0,0.0,0.6,0.1215403611,Normal
train,05_008,0,0.0031093354,05,0.0031093354,False,0,0.0,0.6,0.1215546677,Normal
train,05_008,0,0.0031232773,05,0.0031232773,False,0,0.0,0.6,0.12156163865,Normal
train,05_008,0,0.0032512473,05,0.0032512473,False,0,0.0,0.6,0.12162562365,Normal
train,05_008,0,0.0032823603,05,0.0032823603,False,0,0.0,0.6,0.12164118015,Normal
train,05_008,0,0.0035101585,05,0.0035101585,False,0,0.0,0.6,0.12175507925,Normal
train,05_009,0,0.0043658484,05,0.0043658484,False,0,0.0,0.6,0.1221829242,Normal
train,05_009,0,0.0037776683,05,0.0037776683,False,0,0.0,0.6,0.12188883415,Normal
train,05_009,0,0.0036384354,05,0.0036384354,False,0,0.0,0.6,0.1218192177,Normal
train,05_009,0,0.0033702925,05,0.0033702925,False,0,0.0,0.6,0.12168514625,Normal
train,05_009,0,0.0033609325,05,0.0033609325,False,0,0.0,0.6,0.12168046625,Normal
train,05_009,0,0.0034314916,05,0.0034314916,False,0,0.0,0.6,0.1217157458,Normal
train,05_009,0,0.0033159205,05,0.0033159205,False,0,0.0,0.6,0.12165796025,Normal
train,05_009,0,0.003328174,05,0.003328174,False,0,0.0,0.6,0.12166408699999999,Normal
train,05_009,0,0.003254412,05,0.003254412,False,0,0.0,0.6,0.121627206,Normal
train,05_009,0,0.0034808726,05,0.0034808726,False,0,0.0,0.6,0.12174043629999999,Normal
train,05_009,0,0.0036319692,05,0.0036319692,False,0,0.0,0.6,0.1218159846,Normal
train,05_009,0,0.0033489144,05,0.0033489144,False,0,0.0,0.6,0.1216744572,Normal
train,05_009,0,0.0033195962,05,0.0033195962,False,0,0.0,0.6,0.1216597981,Normal
train,05_009,0,0.0035453895,05,0.0035453895,False,0,0.0,0.6,0.12177269475,Normal
train,05_009,0,0.0035915507,05,0.0035915507,False,0,0.0,0.6,0.12179577535,Normal
train,05_009,0,0.0037893746,05,0.0037893746,False,0,0.0,0.6,0.1218946873,Normal
train,05_009,0,0.004033811,05,0.004033811,False,0,0.0,0.6,0.1220169055,Normal
train,05_009,0,0.004095454,05,0.004095454,False,0,0.0,0.6,0.122047727,Normal
train,05_009,0,0.004089299,05,0.004089299,False,0,0.0,0.6,0.12204464949999999,Normal
train,05_009,0,0.0071599204,05,0.0071599204,False,0,0.0,0.6,0.12357996019999999,Normal
train,05_009,0,0.0094851535,05,0.0094851535,False,0,0.0,0.6,0.12474257675,Normal
train,05_009,0,0.015660502,05,0.015660502,False,0,0.0,0.6,0.127830251,Normal
train,05_009,0,0.009016018,05,0.009016018,False,0,0.0,0.6,0.124508009,Normal
train,05_009,0,0.0045134886,05,0.0045134886,False,0,0.0,0.6,0.1222567443,Normal
train,05_009,0,0.0031246229,05,0.0031246229,False,0,0.0,0.6,0.12156231145,Normal
train,05_009,0,0.0032832045,05,0.0032832045,False,0,0.0,0.6,0.12164160225,Normal
train,05_010,0,0.0025804893,05,0.0025804893,False,0,0.0,0.6,0.12129024464999999,Normal
train,05_010,0,0.0025457516,05,0.0025457516,False,0,0.0,0.6,0.1212728758,Normal
train,05_010,0,0.0038677207,05,0.0038677207,False,0,0.0,0.6,0.12193386034999999,Normal
train,05_010,0,0.0038344848,05,0.0038344848,False,0,0.0,0.6,0.1219172424,Normal
train,05_010,0,0.0037762797,05,0.0037762797,False,0,0.0,0.6,0.12188813985,Normal
train,05_010,0,0.0030712674,05,0.0030712674,False,0,0.0,0.6,0.12153563369999999,Normal
train,05_010,0,0.0030970855,05,0.0030970855,False,0,0.0,0.6,0.12154854275,Normal
train,05_010,0,0.0027197935,05,0.0027197935,False,0,0.0,0.6,0.12135989675,Normal
train,05_010,0,0.0027140703,05,0.0027140703,False,0,0.0,0.6,0.12135703515,Normal
train,05_010,0,0.004416501,05,0.004416501,False,0,0.0,0.6,0.12220825049999999,Normal
train,05_010,0,0.0053549595,05,0.0053549595,False,0,0.0,0.6,0.12267747975,Normal
train,05_010,0,0.006407029,05,0.006407029,False,0,0.0,0.6,0.1232035145,Normal
train,05_010,0,0.0058662365,05,0.0058662365,False,0,0.0,0.6,0.12293311825,Normal
train,05_010,0,0.003639341,05,0.003639341,False,0,0.0,0.6,0.12181967049999999,Normal
train,05_010,0,0.003760959,05,0.003760959,False,0,0.0,0.6,0.1218804795,Normal
train,05_010,0,0.003010943,05,0.003010943,False,0,0.0,0.6,0.12150547149999999,Normal
train,05_010,0,0.0029129344,05,0.0029129344,False,0,0.0,0.6,0.1214564672,Normal
train,05_010,0,0.0024990507,05,0.0024990507,False,0,0.0,0.6,0.12124952535,Normal
train,05_010,0,0.0038621395,05,0.0038621395,False,0,0.0,0.6,0.12193106975,Normal
train,05_010,0,0.0037111824,05,0.0037111824,False,0,0.0,0.6,0.1218555912,Normal
train,05_010,0,0.0039937817,05,0.0039937817,False,0,0.0,0.6,0.12199689085,Normal
train,05_010,0,0.002672823,05,0.002672823,False,0,0.0,0.6,0.12133641149999999,Normal
train,05_010,0,0.0029580265,05,0.0029580265,False,0,0.0,0.6,0.12147901324999999,Normal
train,05_010,0,0.0037118911,05,0.0037118911,False,0,0.0,0.6,0.12185594555,Normal
train,05_010,0,0.002968412,05,0.002968412,False,0,0.0,0.6,0.121484206,Normal
train,05_010,0,0.0032672244,05,0.0032672244,False,0,0.0,0.6,0.12163361219999999,Normal
train,05_010,0,0.002728764,05,0.002728764,False,0,0.0,0.6,0.12136438199999999,Normal
train,05_010,0,0.0049703745,05,0.0049703745,False,0,0.0,0.6,0.12248518725,Normal
train,05_010,0,0.0056996536,05,0.0056996536,False,0,0.0,0.6,0.12284982679999999,Normal
train,05_010,0,0.0061185784,05,0.0061185784,False,0,0.0,0.6,0.12305928919999999,Normal
train,05_010,0,0.0059709777,05,0.0059709777,False,0,0.0,0.6,0.12298548884999999,Normal
train,05_010,0,0.0037015548,05,0.0037015548,False,0,0.0,0.6,0.1218507774,Normal
train,05_010,0,0.0029996673,05,0.0029996673,False,0,0.0,0.6,0.12149983365,Normal
train,05_010,0,0.0030783622,05,0.0030783622,False,0,0.0,0.6,0.12153918109999999,Normal
train,05_010,0,0.002442735,05,0.002442735,False,0,0.0,0.6,0.1212213675,Normal
train,05_010,0,0.0025073062,05,0.0025073062,False,0,0.0,0.6,0.1212536531,Normal
train,05_010,0,0.002576983,05,0.002576983,False,0,0.0,0.6,0.1212884915,Normal
train,05_010,0,0.0026261604,05,0.0026261604,False,0,0.0,0.6,0.12131308019999999,Normal
val,05_011,0,0.008897261,05,0.008897261,False,0,0.0,0.6,0.12444863049999999,Normal
val,05_011,0,0.022252712,05,0.022252712,False,0,0.0,0.6,0.131126356,Normal
val,05_011,0,0.020626359,05,0.020626359,False,0,0.0,0.6,0.1303131795,Normal
val,05_011,0,0.0053519704,05,0.0053519704,False,0,0.0,0.6,0.12267598519999999,Normal
val,05_011,0,0.0027225306,05,0.0027225306,False,0,0.0,0.6,0.12136126529999999,Normal
val,05_011,0,0.0029662563,05,0.0029662563,False,0,0.0,0.6,0.12148312815,Normal
val,05_011,0,0.0026480453,05,0.0026480453,False,0,0.0,0.6,0.12132402265,Normal
val,05_011,0,0.0024315722,05,0.0024315722,False,0,0.0,0.6,0.1212157861,Normal
val,05_011,0,0.0023963763,05,0.0023963763,False,0,0.0,0.6,0.12119818815,Normal
val,05_011,0,0.0024128007,05,0.0024128007,False,0,0.0,0.6,0.12120640035,Normal
val,05_011,0,0.0025497575,05,0.0025497575,False,0,0.0,0.6,0.12127487875,Normal
val,05_011,0,0.0031235062,05,0.0031235062,False,0,0.0,0.6,0.12156175309999999,Normal
val,05_011,0,0.0038818943,05,0.0038818943,False,0,0.0,0.6,0.12194094714999999,Normal
val,05_011,0,0.005676501,05,0.005676501,False,0,0.0,0.6,0.1228382505,Normal
val,05_011,0,0.009956328,05,0.009956328,False,0,0.0,0.6,0.124978164,Normal
val,05_011,0,0.007656743,05,0.007656743,False,0,0.0,0.6,0.12382837149999999,Normal
val,05_011,0,0.002925804,05,0.002925804,False,0,0.0,0.6,0.121462902,Normal
val,05_011,0,0.0027060246,05,0.0027060246,False,0,0.0,0.6,0.1213530123,Normal
val,05_011,0,0.0051774187,05,0.0051774187,False,0,0.0,0.6,0.12258870934999999,Normal
val,05_011,0,0.0032004002,05,0.0032004002,False,0,0.0,0.6,0.1216002001,Normal
val,05_011,0,0.0046921796,05,0.0046921796,False,0,0.0,0.6,0.1223460898,Normal
val,05_011,0,0.0033717249,05,0.0033717249,False,0,0.0,0.6,0.12168586245,Normal
val,05_011,0,0.012729431,05,0.012729431,False,0,0.0,0.6,0.1263647155,Normal
val,05_011,0,0.0053200517,05,0.0053200517,False,0,0.0,0.6,0.12266002584999999,Normal
val,05_012,0,0.0031301351,05,0.0031301351,False,0,0.0,0.6,0.12156506754999999,Normal
val,05_012,0,0.0029865124,05,0.0029865124,False,0,0.0,0.6,0.1214932562,Normal
val,05_012,0,0.0026420648,05,0.0026420648,False,0,0.0,0.6,0.1213210324,Normal
val,05_012,0,0.0026703074,05,0.0026703074,False,0,0.0,0.6,0.12133515369999999,Normal
val,05_012,0,0.0026028312,05,0.0026028312,False,0,0.0,0.6,0.12130141559999999,Normal
val,05_012,0,0.0026454371,05,0.0026454371,False,0,0.0,0.6,0.12132271855,Normal
val,05_012,0,0.0025820434,05,0.0025820434,False,0,0.0,0.6,0.1212910217,Normal
val,05_012,0,0.0030538654,05,0.0030538654,False,0,0.0,0.6,0.12152693269999999,Normal
val,05_012,0,0.0045321756,05,0.0045321756,False,0,0.0,0.6,0.12226608779999999,Normal
val,05_012,0,0.003854668,05,0.003854668,False,0,0.0,0.6,0.121927334,Normal
val,05_012,0,0.0032361338,05,0.0032361338,False,0,0.0,0.6,0.1216180669,Normal
val,05_012,0,0.0027663445,05,0.0027663445,False,0,0.0,0.6,0.12138317224999999,Normal
val,05_012,0,0.003275264,05,0.003275264,False,0,0.0,0.6,0.121637632,Normal
val,05_012,0,0.005158267,05,0.005158267,False,0,0.0,0.6,0.12257913349999999,Normal
val,05_012,0,0.0059112934,05,0.0059112934,False,0,0.0,0.6,0.12295564669999999,Normal
val,05_012,0,0.0051542064,05,0.0051542064,False,0,0.0,0.6,0.1225771032,Normal
val,05_012,0,0.0068997135,05,0.0068997135,False,0,0.0,0.6,0.12344985674999999,Normal
val,05_012,0,0.0074891,05,0.0074891,False,0,0.0,0.6,0.12374455,Normal
val,05_012,0,0.00800475,05,0.00800475,False,0,0.0,0.6,0.124002375,Normal
val,05_012,0,0.0053056884,05,0.0053056884,False,0,0.0,0.6,0.1226528442,Normal
val,05_012,0,0.0030353973,05,0.0030353973,False,0,0.0,0.6,0.12151769864999999,Normal
val,05_012,0,0.0061030695,05,0.0061030695,False,0,0.0,0.6,0.12305153475,Normal
val,05_012,0,0.010130459,05,0.010130459,False,0,0.0,0.6,0.12506522949999999,Normal
val,05_012,0,0.009630524,05,0.009630524,False,0,0.0,0.6,0.124815262,Normal
train,05_013,0,0.002455198,05,0.002455198,False,0,0.0,0.6,0.12122759899999999,Normal
train,05_013,0,0.0024791204,05,0.0024791204,False,0,0.0,0.6,0.1212395602,Normal
train,05_013,0,0.002609013,05,0.002609013,False,0,0.0,0.6,0.12130450649999999,Normal
train,05_013,0,0.0025090934,05,0.0025090934,False,0,0.0,0.6,0.1212545467,Normal
train,05_013,0,0.0026361812,05,0.0026361812,False,0,0.0,0.6,0.1213180906,Normal
train,05_013,0,0.0028680612,05,0.0028680612,False,0,0.0,0.6,0.12143403059999999,Normal
train,05_013,0,0.003549597,05,0.003549597,False,0,0.0,0.6,0.12177479849999999,Normal
train,05_013,0,0.0042930897,05,0.0042930897,False,0,0.0,0.6,0.12214654485,Normal
train,05_013,0,0.0037059637,05,0.0037059637,False,0,0.0,0.6,0.12185298185,Normal
train,05_013,0,0.0040148287,05,0.0040148287,False,0,0.0,0.6,0.12200741435,Normal
train,05_013,0,0.0068150186,05,0.0068150186,False,0,0.0,0.6,0.1234075093,Normal
train,05_013,0,0.005175358,05,0.005175358,False,0,0.0,0.6,0.12258767899999999,Normal
train,05_013,0,0.0034172207,05,0.0034172207,False,0,0.0,0.6,0.12170861035,Normal
train,05_013,0,0.0052888743,05,0.0052888743,False,0,0.0,0.6,0.12264443715,Normal
train,05_013,0,0.0038444682,05,0.0038444682,False,0,0.0,0.6,0.1219222341,Normal
train,05_013,0,0.0035347892,05,0.0035347892,False,0,0.0,0.6,0.1217673946,Normal
train,05_013,0,0.0026468593,05,0.0026468593,False,0,0.0,0.6,0.12132342965,Normal
train,05_013,0,0.0023460526,05,0.0023460526,False,0,0.0,0.6,0.1211730263,Normal
train,05_013,0,0.0032740762,05,0.0032740762,False,0,0.0,0.6,0.1216370381,Normal
train,05_013,0,0.0046236967,05,0.0046236967,False,0,0.0,0.6,0.12231184835,Normal
train,05_013,0,0.0040128883,05,0.0040128883,False,0,0.0,0.6,0.12200644414999999,Normal
train,05_013,0,0.0029784883,05,0.0029784883,False,0,0.0,0.6,0.12148924415,Normal
train,05_013,0,0.0027511704,05,0.0027511704,False,0,0.0,0.6,0.1213755852,Normal
train,05_013,0,0.0023577127,05,0.0023577127,False,0,0.0,0.6,0.12117885634999999,Normal
train,05_014,0,0.0041064583,05,0.0041064583,False,0,0.0,0.6,0.12205322915,Normal
train,05_014,0,0.0048872977,05,0.0048872977,False,0,0.0,0.6,0.12244364884999999,Normal
train,05_014,0,0.003936858,05,0.003936858,False,0,0.0,0.6,0.12196842899999999,Normal
train,05_014,0,0.0053922064,05,0.0053922064,False,0,0.0,0.6,0.12269610319999999,Normal
train,05_014,0,0.0031298348,05,0.0031298348,False,0,0.0,0.6,0.1215649174,Normal
train,05_014,0,0.0025802364,05,0.0025802364,False,0,0.0,0.6,0.12129011819999999,Normal
train,05_014,0,0.0024950006,05,0.0024950006,False,0,0.0,0.6,0.12124750029999999,Normal
train,05_014,0,0.002486228,05,0.002486228,False,0,0.0,0.6,0.121243114,Normal
train,05_014,0,0.00249673,05,0.00249673,False,0,0.0,0.6,0.121248365,Normal
train,05_014,0,0.0025809407,05,0.0025809407,False,0,0.0,0.6,0.12129047035,Normal
train,05_014,0,0.0026086557,05,0.0026086557,False,0,0.0,0.6,0.12130432784999999,Normal
train,05_014,0,0.0025603727,05,0.0025603727,False,0,0.0,0.6,0.12128018635,Normal
train,05_014,0,0.0025796304,05,0.0025796304,False,0,0.0,0.6,0.1212898152,Normal
train,05_014,0,0.0025627166,05,0.0025627166,False,0,0.0,0.6,0.12128135829999999,Normal
train,05_014,0,0.0040125167,05,0.0040125167,False,0,0.0,0.6,0.12200625835,Normal
train,05_014,0,0.0041407244,05,0.0041407244,False,0,0.0,0.6,0.12207036219999999,Normal
train,05_014,0,0.005098318,05,0.005098318,False,0,0.0,0.6,0.12254915899999999,Normal
train,05_014,0,0.00393986,05,0.00393986,False,0,0.0,0.6,0.12196992999999999,Normal
train,05_014,0,0.0038438216,05,0.0038438216,False,0,0.0,0.6,0.12192191079999999,Normal
train,05_014,0,0.006682151,05,0.006682151,False,0,0.0,0.6,0.1233410755,Normal
train,05_014,0,0.0051861987,05,0.0051861987,False,0,0.0,0.6,0.12259309935,Normal
train,05_014,0,0.005484203,05,0.005484203,False,0,0.0,0.6,0.12274210149999999,Normal
train,05_014,0,0.003931351,05,0.003931351,False,0,0.0,0.6,0.1219656755,Normal
train,05_014,0,0.0030627835,05,0.0030627835,False,0,0.0,0.6,0.12153139175,Normal
train,05_014,0,0.0025600768,05,0.0025600768,False,0,0.0,0.6,0.1212800384,Normal
train,05_014,0,0.0025865755,05,0.0025865755,False,0,0.0,0.6,0.12129328774999999,Normal
test,05_015,0,0.008210931,05,0.008210931,False,0,0.0,0.6,0.1241054655,Normal
test,05_015,0,0.0077016577,05,0.0077016577,False,0,0.0,0.6,0.12385082885,Normal
test,05_015,0,0.005996532,05,0.005996532,False,0,0.0,0.6,0.122998266,Normal
test,05_015,0,0.0056388574,05,0.0056388574,False,0,0.0,0.6,0.1228194287,Normal
test,05_015,0,0.0060330904,05,0.0060330904,False,0,0.0,0.6,0.1230165452,Normal
test,05_015,0,0.006189945,05,0.006189945,False,0,0.0,0.6,0.1230949725,Normal
test,05_015,0,0.012134588,05,0.012134588,False,0,0.0,0.6,0.126067294,Normal
test,05_015,0,0.008653942,05,0.008653942,False,0,0.0,0.6,0.124326971,Normal
test,05_015,0,0.005442872,05,0.005442872,False,0,0.0,0.6,0.12272143599999999,Normal
test,05_015,0,0.0036074696,05,0.0036074696,False,0,0.0,0.6,0.1218037348,Normal
test,05_015,0,0.0030970296,05,0.0030970296,False,0,0.0,0.6,0.1215485148,Normal
test,05_015,0,0.0035538666,05,0.0035538666,False,0,0.0,0.6,0.1217769333,Normal
test,05_015,0,0.0031591451,05,0.0031591451,False,0,0.0,0.6,0.12157957255,Normal
test,05_015,0,0.0028945669,05,0.0028945669,False,0,0.0,0.6,0.12144728345,Normal
test,05_015,0,0.003041731,05,0.003041731,False,0,0.0,0.6,0.12152086549999999,Normal
test,05_015,0,0.0036243948,05,0.0036243948,False,0,0.0,0.6,0.12181219739999999,Normal
test,05_015,0,0.0037451873,05,0.0037451873,False,0,0.0,0.6,0.12187259365,Normal
test,05_015,0,0.0038536845,05,0.0038536845,False,0,0.0,0.6,0.12192684225,Normal
test,05_015,0,0.0040708375,05,0.0040708375,False,0,0.0,0.6,0.12203541875,Normal
test,05_015,0,0.0044520474,05,0.0044520474,False,0,0.0,0.6,0.12222602369999999,Normal
test,05_015,0,0.0037157624,05,0.0037157624,False,0,0.0,0.6,0.12185788119999999,Normal
test,05_015,0,0.0037168956,05,0.0037168956,False,0,0.0,0.6,0.12185844779999999,Normal
test,05_015,0,0.0033375223,05,0.0033375223,False,0,0.0,0.6,0.12166876115,Normal
test,05_015,0,0.0029769,05,0.0029769,False,0,0.0,0.6,0.12148845,Normal
test,05_015,0,0.0031781648,05,0.0031781648,False,0,0.0,0.6,0.12158908239999999,Normal
test,05_015,0,0.002431822,05,0.002431822,False,0,0.0,0.6,0.121215911,Normal
test,05_015,0,0.0025941015,05,0.0025941015,False,0,0.0,0.6,0.12129705075,Normal
test,05_015,0,0.0025938496,05,0.0025938496,False,0,0.0,0.6,0.1212969248,Normal
test,05_015,0,0.0027543567,05,0.0027543567,False,0,0.0,0.6,0.12137717834999999,Normal
test,05_015,0,0.0027703121,05,0.0027703121,False,0,0.0,0.6,0.12138515605,Normal
test,05_015,0,0.0027926099,05,0.0027926099,False,0,0.0,0.6,0.12139630494999999,Normal
test,05_015,0,0.0028069909,05,0.0028069909,False,0,0.0,0.6,0.12140349545,Normal
test,05_015,0,0.0026595541,05,0.0026595541,False,0,0.0,0.6,0.12132977704999999,Normal
test,05_015,0,0.0027163404,05,0.0027163404,False,0,0.0,0.6,0.12135817019999999,Normal
test,05_015,0,0.002656395,05,0.002656395,False,0,0.0,0.6,0.1213281975,Normal
test,05_015,0,0.0027620264,05,0.0027620264,False,0,0.0,0.6,0.1213810132,Normal
test,05_015,0,0.00270665,05,0.00270665,False,0,0.0,0.6,0.121353325,Normal
test,05_015,0,0.002648728,05,0.002648728,False,0,0.0,0.6,0.12132436399999999,Normal
test,05_015,0,0.0028628758,05,0.0028628758,False,0,0.0,0.6,0.1214314379,Normal
test,05_015,0,0.0029061008,05,0.0029061008,False,0,0.0,0.6,0.1214530504,Normal
test,05_015,0,0.0037059465,05,0.0037059465,False,0,0.0,0.6,0.12185297325,Normal
test,05_015,0,0.003924777,05,0.003924777,False,0,0.0,0.6,0.12196238849999999,Normal
test,05_015,0,0.0040937583,05,0.0040937583,False,0,0.0,0.6,0.12204687915,Normal
train,05_016,0,0.004607179,05,0.004607179,False,0,0.0,0.6,0.12230358949999999,Normal
train,05_016,0,0.0057015647,05,0.0057015647,False,0,0.0,0.6,0.12285078234999999,Normal
train,05_016,0,0.005371995,05,0.005371995,False,0,0.0,0.6,0.12268599749999999,Normal
train,05_016,0,0.0033868046,05,0.0033868046,False,0,0.0,0.6,0.12169340229999999,Normal
train,05_016,0,0.0029453349,05,0.0029453349,False,0,0.0,0.6,0.12147266745,Normal
train,05_016,0,0.0032865144,05,0.0032865144,False,0,0.0,0.6,0.1216432572,Normal
train,05_016,0,0.0037330345,05,0.0037330345,False,0,0.0,0.6,0.12186651725,Normal
train,05_016,0,0.003961307,05,0.003961307,False,0,0.0,0.6,0.1219806535,Normal
train,05_016,0,0.0032096289,05,0.0032096289,False,0,0.0,0.6,0.12160481445,Normal
train,05_016,0,0.002690693,05,0.002690693,False,0,0.0,0.6,0.12134534649999999,Normal
train,05_016,0,0.00261416,05,0.00261416,False,0,0.0,0.6,0.12130708,Normal
train,05_016,0,0.005871094,05,0.005871094,False,0,0.0,0.6,0.12293554699999999,Normal
train,05_016,0,0.0062256157,05,0.0062256157,False,0,0.0,0.6,0.12311280784999999,Normal
train,05_016,0,0.0036124554,05,0.0036124554,False,0,0.0,0.6,0.12180622769999999,Normal
train,05_016,0,0.003264655,05,0.003264655,False,0,0.0,0.6,0.1216323275,Normal
train,05_016,0,0.0032435777,05,0.0032435777,False,0,0.0,0.6,0.12162178885,Normal
train,05_017,0,0.0036144762,05,0.0036144762,False,0,0.0,0.6,0.12180723809999999,Normal
train,05_017,0,0.0036548907,05,0.0036548907,False,0,0.0,0.6,0.12182744535,Normal
train,05_017,0,0.0032561275,05,0.0032561275,False,0,0.0,0.6,0.12162806375,Normal
train,05_017,0,0.0033226898,05,0.0033226898,False,0,0.0,0.6,0.1216613449,Normal
train,05_017,0,0.0036145963,05,0.0036145963,False,0,0.0,0.6,0.12180729814999999,Normal
train,05_017,0,0.0039244224,05,0.0039244224,False,0,0.0,0.6,0.12196221119999999,Normal
train,05_017,0,0.007173886,05,0.007173886,False,0,0.0,0.6,0.12358694299999999,Normal
train,05_017,0,0.0058276295,05,0.0058276295,False,0,0.0,0.6,0.12291381474999999,Normal
train,05_017,0,0.004985538,05,0.004985538,False,0,0.0,0.6,0.122492769,Normal
train,05_017,0,0.004678517,05,0.004678517,False,0,0.0,0.6,0.12233925849999999,Normal
train,05_017,0,0.0044951206,05,0.0044951206,False,0,0.0,0.6,0.1222475603,Normal
train,05_017,0,0.0068411794,05,0.0068411794,False,0,0.0,0.6,0.1234205897,Normal
train,05_017,0,0.0073141907,05,0.0073141907,False,0,0.0,0.6,0.12365709535,Normal
train,05_017,0,0.0052874093,05,0.0052874093,False,0,0.0,0.6,0.12264370464999999,Normal
train,05_017,0,0.008280083,05,0.008280083,False,0,0.0,0.6,0.12414004149999999,Normal
train,05_017,0,0.0037017125,05,0.0037017125,False,0,0.0,0.6,0.12185085625,Normal
train,05_017,0,0.0047917278,05,0.0047917278,False,0,0.0,0.6,0.1223958639,Normal
train,05_017,0,0.0051855044,05,0.0051855044,False,0,0.0,0.6,0.1225927522,Normal
train,05_017,0,0.0034885525,05,0.0034885525,False,0,0.0,0.6,0.12174427624999999,Normal
train,05_017,0,0.0038614008,05,0.0038614008,False,0,0.0,0.6,0.1219307004,Normal
train,05_017,0,0.0034284503,05,0.0034284503,False,0,0.0,0.6,0.12171422515,Normal
train,05_017,0,0.0036956086,05,0.0036956086,False,0,0.0,0.6,0.1218478043,Normal
train,05_017,0,0.0038397885,05,0.0038397885,False,0,0.0,0.6,0.12191989425,Normal
train,05_017,0,0.0035918753,05,0.0035918753,False,0,0.0,0.6,0.12179593764999999,Normal
train,05_018,0,0.003015361,05,0.003015361,False,0,0.0,0.6,0.12150768049999999,Normal
train,05_018,0,0.0033570202,05,0.0033570202,False,0,0.0,0.6,0.1216785101,Normal
train,05_018,0,0.0029956715,05,0.0029956715,False,0,0.0,0.6,0.12149783574999999,Normal
train,05_018,0,0.0033113097,05,0.0033113097,False,0,0.0,0.6,0.12165565484999999,Normal
train,05_018,0,0.003428885,05,0.003428885,False,0,0.0,0.6,0.12171444249999999,Normal
train,05_018,0,0.0035016327,05,0.0035016327,False,0,0.0,0.6,0.12175081635,Normal
train,05_018,0,0.0028010067,05,0.0028010067,False,0,0.0,0.6,0.12140050335,Normal
train,05_018,0,0.002894146,05,0.002894146,False,0,0.0,0.6,0.12144707299999999,Normal
train,05_018,0,0.002768175,05,0.002768175,False,0,0.0,0.6,0.1213840875,Normal
train,05_018,0,0.0024920185,05,0.0024920185,False,0,0.0,0.6,0.12124600925,Normal
train,05_018,0,0.002621431,05,0.002621431,False,0,0.0,0.6,0.1213107155,Normal
train,05_018,0,0.00263536,05,0.00263536,False,0,0.0,0.6,0.12131768,Normal
train,05_018,0,0.002544621,05,0.002544621,False,0,0.0,0.6,0.1212723105,Normal
train,05_018,0,0.0026148541,05,0.0026148541,False,0,0.0,0.6,0.12130742705,Normal
train,05_018,0,0.003029741,05,0.003029741,False,0,0.0,0.6,0.1215148705,Normal
train,05_018,0,0.004643644,05,0.004643644,False,0,0.0,0.6,0.122321822,Normal
train,05_018,0,0.0048141708,05,0.0048141708,False,0,0.0,0.6,0.12240708539999999,Normal
train,05_018,0,0.005700423,05,0.005700423,False,0,0.0,0.6,0.1228502115,Normal
train,05_018,0,0.0059089703,05,0.0059089703,False,0,0.0,0.6,0.12295448515,Normal
train,05_018,0,0.0041189506,05,0.0041189506,False,0,0.0,0.6,0.1220594753,Normal
train,05_018,0,0.002976498,05,0.002976498,False,0,0.0,0.6,0.12148824899999999,Normal
train,05_018,0,0.0024600425,05,0.0024600425,False,0,0.0,0.6,0.12123002125,Normal
train,05_018,0,0.0024336271,05,0.0024336271,False,0,0.0,0.6,0.12121681355,Normal
train,05_018,0,0.0025820262,05,0.0025820262,False,0,0.0,0.6,0.1212910131,Normal
train,05_019,0,0.0025681085,05,0.0025681085,False,0,0.0,0.6,0.12128405425,Normal
train,05_019,0,0.0026665246,05,0.0026665246,False,0,0.0,0.6,0.1213332623,Normal
train,05_019,0,0.002647675,05,0.002647675,False,0,0.0,0.6,0.12132383749999999,Normal
train,05_019,0,0.0038156866,05,0.0038156866,False,0,0.0,0.6,0.1219078433,Normal
train,05_019,0,0.0060901516,05,0.0060901516,False,0,0.0,0.6,0.1230450758,Normal
train,05_019,0,0.020195484,05,0.020195484,False,0,0.0,0.6,0.130097742,Normal
train,05_019,0,0.018907357,05,0.018907357,False,0,0.0,0.6,0.1294536785,Normal
train,05_019,0,0.005748396,05,0.005748396,False,0,0.0,0.6,0.12287419799999999,Normal
train,05_019,0,0.00334694,05,0.00334694,False,0,0.0,0.6,0.12167346999999999,Normal
train,05_019,0,0.0035839514,05,0.0035839514,False,0,0.0,0.6,0.1217919757,Normal
train,05_019,0,0.0030589697,05,0.0030589697,False,0,0.0,0.6,0.12152948485,Normal
train,05_019,0,0.0027624494,05,0.0027624494,False,0,0.0,0.6,0.1213812247,Normal
train,05_019,0,0.0028678975,05,0.0028678975,False,0,0.0,0.6,0.12143394874999999,Normal
train,05_019,0,0.002545036,05,0.002545036,False,0,0.0,0.6,0.121272518,Normal
train,05_019,0,0.0024997343,05,0.0024997343,False,0,0.0,0.6,0.12124986715,Normal
train,05_019,0,0.0024792724,05,0.0024792724,False,0,0.0,0.6,0.1212396362,Normal
train,05_019,0,0.0039986107,05,0.0039986107,False,0,0.0,0.6,0.12199930534999999,Normal
train,05_019,0,0.0047922116,05,0.0047922116,False,0,0.0,0.6,0.1223961058,Normal
train,05_019,0,0.004321035,05,0.004321035,False,0,0.0,0.6,0.1221605175,Normal
train,05_019,0,0.0032051315,05,0.0032051315,False,0,0.0,0.6,0.12160256575,Normal
train,05_019,0,0.0036540695,05,0.0036540695,False,0,0.0,0.6,0.12182703475,Normal
train,05_019,0,0.003120971,05,0.003120971,False,0,0.0,0.6,0.1215604855,Normal
train,05_019,0,0.0026439151,05,0.0026439151,False,0,0.0,0.6,0.12132195755,Normal
train,05_019,0,0.002741656,05,0.002741656,False,0,0.0,0.6,0.121370828,Normal
train,05_020,0,0.0026467056,05,0.0026467056,False,0,0.0,0.6,0.12132335279999999,Normal
train,05_020,0,0.002697342,05,0.002697342,False,0,0.0,0.6,0.12134867099999999,Normal
train,05_020,0,0.0027289093,05,0.0027289093,False,0,0.0,0.6,0.12136445465,Normal
train,05_020,0,0.0024703685,05,0.0024703685,False,0,0.0,0.6,0.12123518424999999,Normal
train,05_020,0,0.0024803553,05,0.0024803553,False,0,0.0,0.6,0.12124017764999999,Normal
train,05_020,0,0.0026441715,05,0.0026441715,False,0,0.0,0.6,0.12132208574999999,Normal
train,05_020,0,0.0036273755,05,0.0036273755,False,0,0.0,0.6,0.12181368775,Normal
train,05_020,0,0.003699457,05,0.003699457,False,0,0.0,0.6,0.12184972849999999,Normal
train,05_020,0,0.0038990208,05,0.0038990208,False,0,0.0,0.6,0.12194951039999999,Normal
train,05_020,0,0.0051534222,05,0.0051534222,False,0,0.0,0.6,0.1225767111,Normal
train,05_020,0,0.005766687,05,0.005766687,False,0,0.0,0.6,0.12288334349999999,Normal
train,05_020,0,0.003084337,05,0.003084337,False,0,0.0,0.6,0.12154216849999999,Normal
train,05_020,0,0.0029650358,05,0.0029650358,False,0,0.0,0.6,0.12148251789999999,Normal
train,05_020,0,0.0024988593,05,0.0024988593,False,0,0.0,0.6,0.12124942964999999,Normal
train,05_020,0,0.0053785564,05,0.0053785564,False,0,0.0,0.6,0.1226892782,Normal
train,05_020,0,0.0060442127,05,0.0060442127,False,0,0.0,0.6,0.12302210635,Normal
train,05_020,0,0.0067450437,05,0.0067450437,False,0,0.0,0.6,0.12337252185,Normal
train,05_020,0,0.009567705,05,0.009567705,False,0,0.0,0.6,0.1247838525,Normal
train,05_020,0,0.025809968,05,0.025809968,False,0,0.0,0.6,0.132904984,Normal
train,05_020,0,0.008639349,05,0.008639349,False,0,0.0,0.6,0.12431967449999999,Normal
train,05_020,0,0.015049951,05,0.015049951,False,0,0.0,0.6,0.1275249755,Normal
train,05_020,0,0.010003229,05,0.010003229,False,0,0.0,0.6,0.1250016145,Normal
train,05_020,0,0.005635765,05,0.005635765,False,0,0.0,0.6,0.12281788249999999,Normal
train,05_020,0,0.005990402,05,0.005990402,False,0,0.0,0.6,0.122995201,Normal
train,05_020,0,0.007048988,05,0.007048988,False,0,0.0,0.6,0.123524494,Normal
train,05_020,0,0.0066403574,05,0.0066403574,False,0,0.0,0.6,0.12332017869999999,Normal
train,05_020,0,0.0045964066,05,0.0045964066,False,0,0.0,0.6,0.12229820329999999,Normal
train,05_020,0,0.0035619403,05,0.0035619403,False,0,0.0,0.6,0.12178097015,Normal
train,05_020,0,0.0033271555,05,0.0033271555,False,0,0.0,0.6,0.12166357775,Normal
train,05_020,0,0.0026124872,05,0.0026124872,False,0,0.0,0.6,0.1213062436,Normal
train,05_020,0,0.0027051342,05,0.0027051342,False,0,0.0,0.6,0.12135256709999999,Normal
train,05_020,0,0.0028880811,05,0.0028880811,False,0,0.0,0.6,0.12144404055,Normal
train,05_020,0,0.0049185413,05,0.0049185413,False,0,0.0,0.6,0.12245927065,Normal
train,05_020,0,0.0054968996,05,0.0054968996,False,0,0.0,0.6,0.12274844979999999,Normal
train,05_020,0,0.0056054736,05,0.0056054736,False,0,0.0,0.6,0.12280273679999999,Normal
train,05_020,0,0.0053056283,05,0.0053056283,False,0,0.0,0.6,0.12265281415,Normal
train,05_020,0,0.004188791,05,0.004188791,False,0,0.0,0.6,0.1220943955,Normal
train,05_020,0,0.0042853584,05,0.0042853584,False,0,0.0,0.6,0.12214267919999999,Normal
train,05_020,0,0.004363316,05,0.004363316,False,0,0.0,0.6,0.122181658,Normal
train,05_020,0,0.0038487308,05,0.0038487308,False,0,0.0,0.6,0.1219243654,Normal
train,05_021,0,0.004085599,05,0.004085599,False,0,0.0,0.6,0.1220427995,Normal
train,05_021,0,0.0037721633,05,0.0037721633,False,0,0.0,0.6,0.12188608164999999,Normal
train,05_021,0,0.0036585112,05,0.0036585112,False,0,0.0,0.6,0.12182925559999999,Normal
train,05_021,0,0.0031500494,05,0.0031500494,False,0,0.0,0.6,0.12157502469999999,Normal
train,05_021,0,0.0030960804,05,0.0030960804,False,0,0.0,0.6,0.1215480402,Normal
train,05_021,0,0.002901818,05,0.002901818,False,0,0.0,0.6,0.121450909,Normal
train,05_021,0,0.009080381,05,0.009080381,False,0,0.0,0.6,0.1245401905,Normal
train,05_021,0,0.0044012764,05,0.0044012764,False,0,0.0,0.6,0.12220063819999999,Normal
train,05_021,0,0.0038172638,05,0.0038172638,False,0,0.0,0.6,0.1219086319,Normal
train,05_021,0,0.0028004886,05,0.0028004886,False,0,0.0,0.6,0.1214002443,Normal
train,05_021,0,0.0033121863,05,0.0033121863,False,0,0.0,0.6,0.12165609314999999,Normal
train,05_021,0,0.0030902883,05,0.0030902883,False,0,0.0,0.6,0.12154514414999999,Normal
train,05_021,0,0.0029027285,05,0.0029027285,False,0,0.0,0.6,0.12145136425,Normal
train,05_021,0,0.003410258,05,0.003410258,False,0,0.0,0.6,0.121705129,Normal
train,05_021,0,0.0033056522,05,0.0033056522,False,0,0.0,0.6,0.1216528261,Normal
train,05_021,0,0.0036807638,05,0.0036807638,False,0,0.0,0.6,0.12184038189999999,Normal
train,05_021,0,0.003239675,05,0.003239675,False,0,0.0,0.6,0.1216198375,Normal
train,05_021,0,0.0031583437,05,0.0031583437,False,0,0.0,0.6,0.12157917185,Normal
train,05_021,0,0.0032396014,05,0.0032396014,False,0,0.0,0.6,0.1216198007,Normal
train,05_021,0,0.0032536292,05,0.0032536292,False,0,0.0,0.6,0.1216268146,Normal
train,05_021,0,0.0028162824,05,0.0028162824,False,0,0.0,0.6,0.1214081412,Normal
train,05_021,0,0.0029784928,05,0.0029784928,False,0,0.0,0.6,0.1214892464,Normal
train,05_021,0,0.0028341447,05,0.0028341447,False,0,0.0,0.6,0.12141707235,Normal
train,05_021,0,0.0026498868,05,0.0026498868,False,0,0.0,0.6,0.1213249434,Normal
train,05_021,0,0.0026832838,05,0.0026832838,False,0,0.0,0.6,0.12134164189999999,Normal
train,05_021,0,0.0031002671,05,0.0031002671,False,0,0.0,0.6,0.12155013355,Normal
train,05_021,0,0.0031217071,05,0.0031217071,False,0,0.0,0.6,0.12156085355,Normal
train,05_021,0,0.003168915,05,0.003168915,False,0,0.0,0.6,0.12158445749999999,Normal
train,05_021,0,0.003435063,05,0.003435063,False,0,0.0,0.6,0.12171753149999999,Normal
train,05_021,0,0.0040823505,05,0.0040823505,False,0,0.0,0.6,0.12204117525,Normal
train,05_021,0,0.0036429847,05,0.0036429847,False,0,0.0,0.6,0.12182149234999999,Normal
train,05_021,0,0.0040012454,05,0.0040012454,False,0,0.0,0.6,0.12200062269999999,Normal
train,05_022,0,0.0038756395,05,0.0038756395,False,0,0.0,0.6,0.12193781975,Normal
train,05_022,0,0.0043314113,05,0.0043314113,False,0,0.0,0.6,0.12216570565,Normal
train,05_022,0,0.0038925663,05,0.0038925663,False,0,0.0,0.6,0.12194628315,Normal
train,05_022,0,0.0032711676,05,0.0032711676,False,0,0.0,0.6,0.1216355838,Normal
train,05_022,0,0.0034989067,05,0.0034989067,False,0,0.0,0.6,0.12174945335,Normal
train,05_022,0,0.0028210296,05,0.0028210296,False,0,0.0,0.6,0.1214105148,Normal
train,05_022,0,0.0031914348,05,0.0031914348,False,0,0.0,0.6,0.1215957174,Normal
train,05_022,0,0.002786275,05,0.002786275,False,0,0.0,0.6,0.1213931375,Normal
train,05_022,0,0.0037607765,05,0.0037607765,False,0,0.0,0.6,0.12188038825,Normal
train,05_022,0,0.0051355604,05,0.0051355604,False,0,0.0,0.6,0.12256778019999999,Normal
train,05_022,0,0.0046696393,05,0.0046696393,False,0,0.0,0.6,0.12233481965,Normal
train,05_022,0,0.00392295,05,0.00392295,False,0,0.0,0.6,0.121961475,Normal
train,05_022,0,0.004537725,05,0.004537725,False,0,0.0,0.6,0.12226886249999999,Normal
train,05_022,0,0.004451542,05,0.004451542,False,0,0.0,0.6,0.122225771,Normal
train,05_022,0,0.003515936,05,0.003515936,False,0,0.0,0.6,0.121757968,Normal
train,05_022,0,0.003002207,05,0.003002207,False,0,0.0,0.6,0.1215011035,Normal
train,05_022,0,0.0027833472,05,0.0027833472,False,0,0.0,0.6,0.1213916736,Normal
train,05_022,0,0.0026557785,05,0.0026557785,False,0,0.0,0.6,0.12132788925,Normal
train,05_022,0,0.0026692029,05,0.0026692029,False,0,0.0,0.6,0.12133460145,Normal
train,05_022,0,0.002728516,05,0.002728516,False,0,0.0,0.6,0.12136425799999999,Normal
train,05_022,0,0.0026874267,05,0.0026874267,False,0,0.0,0.6,0.12134371335,Normal
train,05_023,0,0.002647462,05,0.002647462,False,0,0.0,0.6,0.12132373099999999,Normal
train,05_023,0,0.0026055695,05,0.0026055695,False,0,0.0,0.6,0.12130278474999999,Normal
train,05_023,0,0.0026263786,05,0.0026263786,False,0,0.0,0.6,0.1213131893,Normal
train,05_023,0,0.002638411,05,0.002638411,False,0,0.0,0.6,0.1213192055,Normal
train,05_023,0,0.002558195,05,0.002558195,False,0,0.0,0.6,0.1212790975,Normal
train,05_023,0,0.0025409006,05,0.0025409006,False,0,0.0,0.6,0.1212704503,Normal
train,05_023,0,0.002652252,05,0.002652252,False,0,0.0,0.6,0.12132612599999999,Normal
train,05_023,0,0.003217073,05,0.003217073,False,0,0.0,0.6,0.12160853649999999,Normal
train,05_023,0,0.0031193262,05,0.0031193262,False,0,0.0,0.6,0.12155966309999999,Normal
train,05_023,0,0.0034187704,05,0.0034187704,False,0,0.0,0.6,0.12170938519999999,Normal
train,05_023,0,0.0031111655,05,0.0031111655,False,0,0.0,0.6,0.12155558275,Normal
train,05_023,0,0.003235188,05,0.003235188,False,0,0.0,0.6,0.121617594,Normal
train,05_023,0,0.0039739264,05,0.0039739264,False,0,0.0,0.6,0.12198696319999999,Normal
train,05_023,0,0.005186425,05,0.005186425,False,0,0.0,0.6,0.12259321249999999,Normal
train,05_023,0,0.0047624405,05,0.0047624405,False,0,0.0,0.6,0.12238122024999999,Normal
train,05_023,0,0.003922749,05,0.003922749,False,0,0.0,0.6,0.1219613745,Normal
train,05_023,0,0.003278034,05,0.003278034,False,0,0.0,0.6,0.121639017,Normal
train,05_023,0,0.002646152,05,0.002646152,False,0,0.0,0.6,0.121323076,Normal
train,05_023,0,0.0026404946,05,0.0026404946,False,0,0.0,0.6,0.12132024729999999,Normal
train,05_023,0,0.003042281,05,0.003042281,False,0,0.0,0.6,0.1215211405,Normal
train,05_023,0,0.003181753,05,0.003181753,False,0,0.0,0.6,0.1215908765,Normal
train,05_023,0,0.0036567128,05,0.0036567128,False,0,0.0,0.6,0.12182835639999999,Normal
train,05_024,0,0.0025490264,05,0.0025490264,False,0,0.0,0.6,0.12127451319999999,Normal
train,05_024,0,0.0025966985,05,0.0025966985,False,0,0.0,0.6,0.12129834924999999,Normal
train,05_024,0,0.002482317,05,0.002482317,False,0,0.0,0.6,0.1212411585,Normal
train,05_024,0,0.002516852,05,0.002516852,False,0,0.0,0.6,0.121258426,Normal
train,05_024,0,0.0031252494,05,0.0031252494,False,0,0.0,0.6,0.1215626247,Normal
train,05_024,0,0.005036766,05,0.005036766,False,0,0.0,0.6,0.122518383,Normal
train,05_024,0,0.0043749446,05,0.0043749446,False,0,0.0,0.6,0.12218747229999999,Normal
train,05_024,0,0.0038441066,05,0.0038441066,False,0,0.0,0.6,0.1219220533,Normal
train,05_024,0,0.005059602,05,0.005059602,False,0,0.0,0.6,0.122529801,Normal
train,05_024,0,0.0053468966,05,0.0053468966,False,0,0.0,0.6,0.1226734483,Normal
train,05_024,0,0.0045105894,05,0.0045105894,False,0,0.0,0.6,0.12225529469999999,Normal
train,05_024,0,0.0036214925,05,0.0036214925,False,0,0.0,0.6,0.12181074624999999,Normal
train,05_024,0,0.003413488,05,0.003413488,False,0,0.0,0.6,0.12170674399999999,Normal
train,05_024,0,0.0035374071,05,0.0035374071,False,0,0.0,0.6,0.12176870355,Normal
train,05_024,0,0.0035974295,05,0.0035974295,False,0,0.0,0.6,0.12179871475,Normal
train,05_024,0,0.003499234,05,0.003499234,False,0,0.0,0.6,0.12174961699999999,Normal
train,05_024,0,0.0037279162,05,0.0037279162,False,0,0.0,0.6,0.12186395809999999,Normal
train,05_024,0,0.0035006148,05,0.0035006148,False,0,0.0,0.6,0.1217503074,Normal
train,05_024,0,0.0032016784,05,0.0032016784,False,0,0.0,0.6,0.12160083919999999,Normal
train,05_024,0,0.003409931,05,0.003409931,False,0,0.0,0.6,0.1217049655,Normal
train,05_024,0,0.0028982272,05,0.0028982272,False,0,0.0,0.6,0.12144911359999999,Normal
train,05_025,0,0.0026573946,05,0.0026573946,False,0,0.0,0.6,0.1213286973,Normal
train,05_025,0,0.0027207471,05,0.0027207471,False,0,0.0,0.6,0.12136037355,Normal
train,05_025,0,0.0025759963,05,0.0025759963,False,0,0.0,0.6,0.12128799814999999,Normal
train,05_025,0,0.002621456,05,0.002621456,False,0,0.0,0.6,0.12131072799999999,Normal
train,05_025,0,0.0027061892,05,0.0027061892,False,0,0.0,0.6,0.12135309459999999,Normal
train,05_025,0,0.0037065344,05,0.0037065344,False,0,0.0,0.6,0.12185326719999999,Normal
train,05_025,0,0.0035155336,05,0.0035155336,False,0,0.0,0.6,0.1217577668,Normal
train,05_025,0,0.00409888,05,0.00409888,False,0,0.0,0.6,0.12204944,Normal
train,05_025,0,0.0038758896,05,0.0038758896,False,0,0.0,0.6,0.12193794479999999,Normal
train,05_025,0,0.004890395,05,0.004890395,False,0,0.0,0.6,0.12244519749999999,Normal
train,05_025,0,0.0036165924,05,0.0036165924,False,0,0.0,0.6,0.1218082962,Normal
train,05_025,0,0.00504891,05,0.00504891,False,0,0.0,0.6,0.12252445499999999,Normal
train,05_025,0,0.0057744095,05,0.0057744095,False,0,0.0,0.6,0.12288720474999999,Normal
train,05_025,0,0.0058004367,05,0.0058004367,False,0,0.0,0.6,0.12290021834999999,Normal
train,05_025,0,0.0047884253,05,0.0047884253,False,0,0.0,0.6,0.12239421265,Normal
train,05_025,0,0.004880082,05,0.004880082,False,0,0.0,0.6,0.122440041,Normal
train,05_025,0,0.008695464,05,0.008695464,False,0,0.0,0.6,0.12434773199999999,Normal
train,05_025,0,0.005703917,05,0.005703917,False,0,0.0,0.6,0.1228519585,Normal
train,05_025,0,0.004336772,05,0.004336772,False,0,0.0,0.6,0.12216838599999999,Normal
train,05_025,0,0.0029296512,05,0.0029296512,False,0,0.0,0.6,0.12146482559999999,Normal
train,05_025,0,0.0027964064,05,0.0027964064,False,0,0.0,0.6,0.1213982032,Normal
train,05_025,0,0.0027573498,05,0.0027573498,False,0,0.0,0.6,0.1213786749,Normal
val,05_026,0,0.0031804196,05,0.0031804196,False,0,0.0,0.6,0.1215902098,Normal
val,05_026,0,0.0028629357,05,0.0028629357,False,0,0.0,0.6,0.12143146785,Normal
val,05_026,0,0.0027498307,05,0.0027498307,False,0,0.0,0.6,0.12137491535,Normal
val,05_026,0,0.0025090207,05,0.0025090207,False,0,0.0,0.6,0.12125451035,Normal
val,05_026,0,0.0025938363,05,0.0025938363,False,0,0.0,0.6,0.12129691815,Normal
val,05_026,0,0.0026073311,05,0.0026073311,False,0,0.0,0.6,0.12130366555,Normal
val,05_026,0,0.0026508702,05,0.0026508702,False,0,0.0,0.6,0.12132543509999999,Normal
val,05_026,0,0.0029530046,05,0.0029530046,False,0,0.0,0.6,0.1214765023,Normal
val,05_026,0,0.0030117221,05,0.0030117221,False,0,0.0,0.6,0.12150586105,Normal
val,05_026,0,0.0028724007,05,0.0028724007,False,0,0.0,0.6,0.12143620035,Normal
val,05_026,0,0.0026325628,05,0.0026325628,False,0,0.0,0.6,0.12131628139999999,Normal
val,05_026,0,0.002760975,05,0.002760975,False,0,0.0,0.6,0.1213804875,Normal
val,05_026,0,0.002707689,05,0.002707689,False,0,0.0,0.6,0.1213538445,Normal
val,05_026,0,0.0029231342,05,0.0029231342,False,0,0.0,0.6,0.1214615671,Normal
train,05_027,0,0.003252264,05,0.003252264,False,0,0.0,0.6,0.121626132,Normal
train,05_027,0,0.0026207105,05,0.0026207105,False,0,0.0,0.6,0.12131035525,Normal
train,05_027,0,0.0026685302,05,0.0026685302,False,0,0.0,0.6,0.12133426509999999,Normal
train,05_027,0,0.0026454723,05,0.0026454723,False,0,0.0,0.6,0.12132273615,Normal
train,05_027,0,0.0024880406,05,0.0024880406,False,0,0.0,0.6,0.12124402029999999,Normal
train,05_027,0,0.002568398,05,0.002568398,False,0,0.0,0.6,0.121284199,Normal
train,05_027,0,0.0026337348,05,0.0026337348,False,0,0.0,0.6,0.1213168674,Normal
train,05_027,0,0.0026038142,05,0.0026038142,False,0,0.0,0.6,0.1213019071,Normal
train,05_027,0,0.002538806,05,0.002538806,False,0,0.0,0.6,0.121269403,Normal
train,05_027,0,0.0029949623,05,0.0029949623,False,0,0.0,0.6,0.12149748114999999,Normal
train,05_027,0,0.0035720465,05,0.0035720465,False,0,0.0,0.6,0.12178602325,Normal
train,05_027,0,0.0052952124,05,0.0052952124,False,0,0.0,0.6,0.1226476062,Normal
train,05_027,0,0.0072572757,05,0.0072572757,False,0,0.0,0.6,0.12362863785,Normal
train,05_027,0,0.011496634,05,0.011496634,False,0,0.0,0.6,0.125748317,Normal
train,05_027,0,0.0054843226,05,0.0054843226,False,0,0.0,0.6,0.1227421613,Normal
train,05_027,0,0.003405071,05,0.003405071,False,0,0.0,0.6,0.1217025355,Normal
train,05_027,0,0.004859603,05,0.004859603,False,0,0.0,0.6,0.12242980149999999,Normal
train,05_027,0,0.006053211,05,0.006053211,False,0,0.0,0.6,0.1230266055,Normal
train,05_027,0,0.006676855,05,0.006676855,False,0,0.0,0.6,0.1233384275,Normal
train,05_027,0,0.004518263,05,0.004518263,False,0,0.0,0.6,0.12225913149999999,Normal
train,05_027,0,0.0033392643,05,0.0033392643,False,0,0.0,0.6,0.12166963215,Normal
train,05_027,0,0.0025546227,05,0.0025546227,False,0,0.0,0.6,0.12127731135,Normal
train,05_027,0,0.0024325822,05,0.0024325822,False,0,0.0,0.6,0.1212162911,Normal
train,05_027,0,0.0025300402,05,0.0025300402,False,0,0.0,0.6,0.1212650201,Normal
train,05_027,0,0.0024993275,05,0.0024993275,False,0,0.0,0.6,0.12124966375,Normal
test,05_028,0,0.0025724506,05,0.0025724506,False,0,0.0,0.6,0.1212862253,Normal
test,05_028,0,0.002589783,05,0.002589783,False,0,0.0,0.6,0.1212948915,Normal
test,05_028,0,0.0026154683,05,0.0026154683,False,0,0.0,0.6,0.12130773415,Normal
test,05_028,0,0.0027600885,05,0.0027600885,False,0,0.0,0.6,0.12138004425,Normal
test,05_028,0,0.0031057603,05,0.0031057603,False,0,0.0,0.6,0.12155288015,Normal
test,05_028,0,0.006746788,05,0.006746788,False,0,0.0,0.6,0.123373394,Normal
test,05_028,0,0.0071800896,05,0.0071800896,False,0,0.0,0.6,0.12359004479999999,Normal
test,05_028,0,0.0036454534,05,0.0036454534,False,0,0.0,0.6,0.1218227267,Normal
test,05_028,0,0.004032453,05,0.004032453,False,0,0.0,0.6,0.12201622649999999,Normal
test,05_028,0,0.004430773,05,0.004430773,False,0,0.0,0.6,0.1222153865,Normal
test,05_028,0,0.0047028633,05,0.0047028633,False,0,0.0,0.6,0.12235143165,Normal
test,05_028,0,0.004950454,05,0.004950454,False,0,0.0,0.6,0.12247522699999999,Normal
test,05_028,0,0.0039596856,05,0.0039596856,False,0,0.0,0.6,0.1219798428,Normal
test,05_028,0,0.0029298598,05,0.0029298598,False,0,0.0,0.6,0.12146492989999999,Normal
test,05_028,0,0.0025585527,05,0.0025585527,False,0,0.0,0.6,0.12127927634999999,Normal
test,05_028,0,0.0026456183,05,0.0026456183,False,0,0.0,0.6,0.12132280915,Normal
test,05_028,0,0.0026836032,05,0.0026836032,False,0,0.0,0.6,0.1213418016,Normal
test,05_028,0,0.0026404946,05,0.0026404946,False,0,0.0,0.6,0.12132024729999999,Normal
test,05_028,0,0.0025757074,05,0.0025757074,False,0,0.0,0.6,0.12128785369999999,Normal
test,05_028,0,0.0026273583,05,0.0026273583,False,0,0.0,0.6,0.12131367914999999,Normal
test,05_028,0,0.0027784242,05,0.0027784242,False,0,0.0,0.6,0.12138921209999999,Normal
test,05_028,0,0.0026340003,05,0.0026340003,False,0,0.0,0.6,0.12131700014999999,Normal
test,05_028,0,0.0027137387,05,0.0027137387,False,0,0.0,0.6,0.12135686935,Normal
test,05_028,0,0.0027846827,05,0.0027846827,False,0,0.0,0.6,0.12139234135,Normal
test,05_028,0,0.0045848973,05,0.0045848973,False,0,0.0,0.6,0.12229244865,Normal
test,05_028,0,0.0061368095,05,0.0061368095,False,0,0.0,0.6,0.12306840475,Normal
train,05_029,0,0.003545265,05,0.003545265,False,0,0.0,0.6,0.12177263249999999,Normal
train,05_029,0,0.0031654856,05,0.0031654856,False,0,0.0,0.6,0.12158274279999999,Normal
train,05_029,0,0.002724437,05,0.002724437,False,0,0.0,0.6,0.1213622185,Normal
train,05_029,0,0.0042177746,05,0.0042177746,False,0,0.0,0.6,0.1221088873,Normal
train,05_029,0,0.004599615,05,0.004599615,False,0,0.0,0.6,0.1222998075,Normal
train,05_029,0,0.007361657,05,0.007361657,False,0,0.0,0.6,0.12368082849999999,Normal
train,05_029,0,0.0074968943,05,0.0074968943,False,0,0.0,0.6,0.12374844715,Normal
train,05_029,0,0.005384083,05,0.005384083,False,0,0.0,0.6,0.1226920415,Normal
train,05_029,0,0.0034373803,05,0.0034373803,False,0,0.0,0.6,0.12171869014999999,Normal
train,05_029,0,0.0026081,05,0.0026081,False,0,0.0,0.6,0.12130405,Normal
train,05_029,0,0.0026299197,05,0.0026299197,False,0,0.0,0.6,0.12131495985,Normal
train,05_029,0,0.0027683538,05,0.0027683538,False,0,0.0,0.6,0.1213841769,Normal
train,05_029,0,0.0039705783,05,0.0039705783,False,0,0.0,0.6,0.12198528915,Normal
train,05_029,0,0.0051191202,05,0.0051191202,False,0,0.0,0.6,0.12255956009999999,Normal
train,05_029,0,0.0060188216,05,0.0060188216,False,0,0.0,0.6,0.1230094108,Normal
train,05_029,0,0.0038834265,05,0.0038834265,False,0,0.0,0.6,0.12194171325,Normal
train,05_029,0,0.0031656781,05,0.0031656781,False,0,0.0,0.6,0.12158283905,Normal
train,05_029,0,0.002585211,05,0.002585211,False,0,0.0,0.6,0.1212926055,Normal
train,05_029,0,0.00279786,05,0.00279786,False,0,0.0,0.6,0.12139893,Normal
train,05_029,0,0.0028492752,05,0.0028492752,False,0,0.0,0.6,0.1214246376,Normal
train,05_029,0,0.0029846444,05,0.0029846444,False,0,0.0,0.6,0.1214923222,Normal
train,05_029,0,0.002809254,05,0.002809254,False,0,0.0,0.6,0.121404627,Normal
train,05_029,0,0.0028769209,05,0.0028769209,False,0,0.0,0.6,0.12143846045,Normal
train,05_029,0,0.0029561957,05,0.0029561957,False,0,0.0,0.6,0.12147809785,Normal
train,05_029,0,0.0029481845,05,0.0029481845,False,0,0.0,0.6,0.12147409225,Normal
train,05_029,0,0.0033159996,05,0.0033159996,False,0,0.0,0.6,0.1216579998,Normal
train,05_030,0,0.0034018706,05,0.0034018706,False,0,0.0,0.6,0.1217009353,Normal
train,05_030,0,0.0033256032,05,0.0033256032,False,0,0.0,0.6,0.1216628016,Normal
train,05_030,0,0.002954819,05,0.002954819,False,0,0.0,0.6,0.1214774095,Normal
train,05_030,0,0.0028594446,05,0.0028594446,False,0,0.0,0.6,0.1214297223,Normal
train,05_030,0,0.0038541423,05,0.0038541423,False,0,0.0,0.6,0.12192707115,Normal
train,05_030,0,0.004948688,05,0.004948688,False,0,0.0,0.6,0.122474344,Normal
train,05_030,0,0.0041900873,05,0.0041900873,False,0,0.0,0.6,0.12209504365,Normal
train,05_030,0,0.00338693,05,0.00338693,False,0,0.0,0.6,0.121693465,Normal
train,05_030,0,0.003734382,05,0.003734382,False,0,0.0,0.6,0.121867191,Normal
train,05_030,0,0.0045058425,05,0.0045058425,False,0,0.0,0.6,0.12225292125,Normal
train,05_030,0,0.0059029153,05,0.0059029153,False,0,0.0,0.6,0.12295145765,Normal
train,05_030,0,0.005717977,05,0.005717977,False,0,0.0,0.6,0.1228589885,Normal
train,05_030,0,0.01522178,05,0.01522178,False,0,0.0,0.6,0.12761089,Normal
train,05_030,0,0.019764023,05,0.019764023,False,0,0.0,0.6,0.1298820115,Normal
train,05_030,0,0.038259972,05,0.038259972,False,0,0.0,0.6,0.13912998599999998,Normal
train,05_030,0,0.008434668,05,0.008434668,False,0,0.0,0.6,0.124217334,Normal
train,05_031,0,0.0036661846,05,0.0036661846,False,0,0.0,0.6,0.1218330923,Normal
train,05_031,0,0.0037666268,05,0.0037666268,False,0,0.0,0.6,0.1218833134,Normal
train,05_031,0,0.0030660566,05,0.0030660566,False,0,0.0,0.6,0.1215330283,Normal
train,05_031,0,0.002850812,05,0.002850812,False,0,0.0,0.6,0.121425406,Normal
train,05_031,0,0.0027131452,05,0.0027131452,False,0,0.0,0.6,0.12135657259999999,Normal
train,05_031,0,0.0025701895,05,0.0025701895,False,0,0.0,0.6,0.12128509474999999,Normal
train,05_031,0,0.002636211,05,0.002636211,False,0,0.0,0.6,0.1213181055,Normal
train,05_031,0,0.0031647272,05,0.0031647272,False,0,0.0,0.6,0.12158236359999999,Normal
train,05_031,0,0.0032960465,05,0.0032960465,False,0,0.0,0.6,0.12164802325,Normal
train,05_031,0,0.0038777771,05,0.0038777771,False,0,0.0,0.6,0.12193888855,Normal
train,05_031,0,0.0041119615,05,0.0041119615,False,0,0.0,0.6,0.12205598075,Normal
train,05_031,0,0.0043203332,05,0.0043203332,False,0,0.0,0.6,0.1221601666,Normal
train,05_031,0,0.004272868,05,0.004272868,False,0,0.0,0.6,0.122136434,Normal
train,05_031,0,0.004149943,05,0.004149943,False,0,0.0,0.6,0.12207497149999999,Normal
train,05_031,0,0.0038563856,05,0.0038563856,False,0,0.0,0.6,0.1219281928,Normal
train,05_031,0,0.0036626956,05,0.0036626956,False,0,0.0,0.6,0.12183134779999999,Normal
train,05_031,0,0.0035586583,05,0.0035586583,False,0,0.0,0.6,0.12177932914999999,Normal
train,05_031,0,0.00557081,05,0.00557081,False,0,0.0,0.6,0.122785405,Normal
train,05_031,0,0.004971233,05,0.004971233,False,0,0.0,0.6,0.12248561649999999,Normal
train,05_031,0,0.004905988,05,0.004905988,False,0,0.0,0.6,0.122452994,Normal
train,05_031,0,0.0033675998,05,0.0033675998,False,0,0.0,0.6,0.1216837999,Normal
train,05_031,0,0.004178508,05,0.004178508,False,0,0.0,0.6,0.122089254,Normal
train,05_031,0,0.0036990158,05,0.0036990158,False,0,0.0,0.6,0.1218495079,Normal
train,05_031,0,0.0040039406,05,0.0040039406,False,0,0.0,0.6,0.1220019703,Normal
train,05_031,0,0.0046353666,05,0.0046353666,False,0,0.0,0.6,0.1223176833,Normal
train,05_031,0,0.003989022,05,0.003989022,False,0,0.0,0.6,0.121994511,Normal
train,05_031,0,0.004260558,05,0.004260558,False,0,0.0,0.6,0.122130279,Normal
train,05_031,0,0.004014398,05,0.004014398,False,0,0.0,0.6,0.122007199,Normal
train,05_031,0,0.0033555017,05,0.0033555017,False,0,0.0,0.6,0.12167775085,Normal
train,05_031,0,0.0033137612,05,0.0033137612,False,0,0.0,0.6,0.12165688059999999,Normal
train,05_031,0,0.0032388133,05,0.0032388133,False,0,0.0,0.6,0.12161940665,Normal
train,05_031,0,0.0033609453,05,0.0033609453,False,0,0.0,0.6,0.12168047265,Normal
train,05_031,0,0.003337789,05,0.003337789,False,0,0.0,0.6,0.1216688945,Normal
train,05_031,0,0.0035385164,05,0.0035385164,False,0,0.0,0.6,0.1217692582,Normal
train,05_031,0,0.0032825302,05,0.0032825302,False,0,0.0,0.6,0.12164126509999999,Normal
train,05_031,0,0.0031272615,05,0.0031272615,False,0,0.0,0.6,0.12156363075,Normal
train,05_032,0,0.0034588426,05,0.0034588426,False,0,0.0,0.6,0.1217294213,Normal
train,05_032,0,0.0053820065,05,0.0053820065,False,0,0.0,0.6,0.12269100325,Normal
train,05_032,0,0.010152675,05,0.010152675,False,0,0.0,0.6,0.1250763375,Normal
train,05_032,0,0.021993358,05,0.021993358,False,0,0.0,0.6,0.130996679,Normal
train,05_032,0,0.052250665,05,0.052250665,False,0,0.0,0.6,0.14612533249999998,Normal
train,05_032,0,0.011453773,05,0.011453773,False,0,0.0,0.6,0.1257268865,Normal
train,05_032,0,0.008137468,05,0.008137468,False,0,0.0,0.6,0.124068734,Normal
train,05_032,0,0.0070539797,05,0.0070539797,False,0,0.0,0.6,0.12352698984999999,Normal
train,05_032,0,0.004451992,05,0.004451992,False,0,0.0,0.6,0.12222599599999999,Normal
train,05_032,0,0.0034299754,05,0.0034299754,False,0,0.0,0.6,0.1217149877,Normal
train,05_032,0,0.0029476755,05,0.0029476755,False,0,0.0,0.6,0.12147383775,Normal
train,05_032,0,0.003260106,05,0.003260106,False,0,0.0,0.6,0.121630053,Normal
train,05_032,0,0.003947823,05,0.003947823,False,0,0.0,0.6,0.12197391149999999,Normal
train,05_032,0,0.0042597293,05,0.0042597293,False,0,0.0,0.6,0.12212986464999999,Normal
train,05_032,0,0.004259557,05,0.004259557,False,0,0.0,0.6,0.1221297785,Normal
train,05_032,0,0.006531463,05,0.006531463,False,0,0.0,0.6,0.12326573149999999,Normal
train,05_032,0,0.0064317193,05,0.0064317193,False,0,0.0,0.6,0.12321585965,Normal
train,05_032,0,0.0064657563,05,0.0064657563,False,0,0.0,0.6,0.12323287815,Normal
train,05_032,0,0.0057933656,05,0.0057933656,False,0,0.0,0.6,0.12289668279999999,Normal
train,05_032,0,0.004968488,05,0.004968488,False,0,0.0,0.6,0.12248424399999999,Normal
train,05_032,0,0.0037380103,05,0.0037380103,False,0,0.0,0.6,0.12186900515,Normal
train,05_032,0,0.0038422246,05,0.0038422246,False,0,0.0,0.6,0.1219211123,Normal
train,05_032,0,0.003971357,05,0.003971357,False,0,0.0,0.6,0.1219856785,Normal
test,05_033,0,0.0030521168,05,0.0030521168,False,0,0.0,0.6,0.1215260584,Normal
test,05_033,0,0.0039054002,05,0.0039054002,False,0,0.0,0.6,0.12195270009999999,Normal
test,05_033,0,0.003913344,05,0.003913344,False,0,0.0,0.6,0.121956672,Normal
test,05_033,0,0.0034023263,05,0.0034023263,False,0,0.0,0.6,0.12170116315,Normal
test,05_033,0,0.0027300382,05,0.0027300382,False,0,0.0,0.6,0.1213650191,Normal
test,05_033,0,0.0027359582,05,0.0027359582,False,0,0.0,0.6,0.1213679791,Normal
test,05_033,0,0.002871804,05,0.002871804,False,0,0.0,0.6,0.121435902,Normal
test,05_033,0,0.0035462996,05,0.0035462996,False,0,0.0,0.6,0.1217731498,Normal
test,05_033,0,0.003548049,05,0.003548049,False,0,0.0,0.6,0.1217740245,Normal
test,05_033,0,0.0032802813,05,0.0032802813,False,0,0.0,0.6,0.12164014064999999,Normal
test,05_033,0,0.0030354531,05,0.0030354531,False,0,0.0,0.6,0.12151772655,Normal
test,05_033,0,0.0031059994,05,0.0031059994,False,0,0.0,0.6,0.1215529997,Normal
test,05_033,0,0.0038698139,05,0.0038698139,False,0,0.0,0.6,0.12193490694999999,Normal
test,05_033,0,0.004096759,05,0.004096759,False,0,0.0,0.6,0.1220483795,Normal
test,05_033,0,0.0036077967,05,0.0036077967,False,0,0.0,0.6,0.12180389835,Normal
test,05_033,0,0.004111128,05,0.004111128,False,0,0.0,0.6,0.12205556399999999,Normal
test,05_033,0,0.0053847902,05,0.0053847902,False,0,0.0,0.6,0.12269239509999999,Normal
test,05_033,0,0.0046771457,05,0.0046771457,False,0,0.0,0.6,0.12233857285,Normal
test,05_033,0,0.0051231044,05,0.0051231044,False,0,0.0,0.6,0.12256155219999999,Normal
test,05_033,0,0.0059525333,05,0.0059525333,False,0,0.0,0.6,0.12297626665,Normal
test,05_033,0,0.00682465,05,0.00682465,False,0,0.0,0.6,0.12341232499999999,Normal
test,05_033,0,0.0073678833,05,0.0073678833,False,0,0.0,0.6,0.12368394164999999,Normal
test,05_033,0,0.007605858,05,0.007605858,False,0,0.0,0.6,0.12380292899999999,Normal
test,05_033,0,0.0047172676,05,0.0047172676,False,0,0.0,0.6,0.12235863379999999,Normal
test,05_033,0,0.005344437,05,0.005344437,False,0,0.0,0.6,0.1226722185,Normal
test,05_033,0,0.0028787095,05,0.0028787095,False,0,0.0,0.6,0.12143935474999999,Normal
test,05_033,0,0.0028965236,05,0.0028965236,False,0,0.0,0.6,0.1214482618,Normal
test,05_033,0,0.002821177,05,0.002821177,False,0,0.0,0.6,0.1214105885,Normal
test,05_033,0,0.0027363773,05,0.0027363773,False,0,0.0,0.6,0.12136818865,Normal
test,05_033,0,0.00278213,05,0.00278213,False,0,0.0,0.6,0.12139106499999999,Normal
test,05_033,0,0.002756634,05,0.002756634,False,0,0.0,0.6,0.121378317,Normal
test,05_033,0,0.0030135093,05,0.0030135093,False,0,0.0,0.6,0.12150675464999999,Normal
test,05_033,0,0.0036936305,05,0.0036936305,False,0,0.0,0.6,0.12184681524999999,Normal
test,05_033,0,0.0038159275,05,0.0038159275,False,0,0.0,0.6,0.12190796375,Normal
test,05_033,0,0.004885118,05,0.004885118,False,0,0.0,0.6,0.12244255899999999,Normal
train,05_034,0,0.0046994854,05,0.0046994854,False,0,0.0,0.6,0.1223497427,Normal
train,05_034,0,0.004101859,05,0.004101859,False,0,0.0,0.6,0.1220509295,Normal
train,05_034,0,0.0042534233,05,0.0042534233,False,0,0.0,0.6,0.12212671165,Normal
train,05_034,0,0.002860484,05,0.002860484,False,0,0.0,0.6,0.121430242,Normal
train,05_034,0,0.003266973,05,0.003266973,False,0,0.0,0.6,0.1216334865,Normal
train,05_034,0,0.003148171,05,0.003148171,False,0,0.0,0.6,0.1215740855,Normal
train,05_034,0,0.0033760252,05,0.0033760252,False,0,0.0,0.6,0.12168801259999999,Normal
train,05_034,0,0.0034394255,05,0.0034394255,False,0,0.0,0.6,0.12171971275,Normal
train,05_034,0,0.003019627,05,0.003019627,False,0,0.0,0.6,0.1215098135,Normal
train,05_034,0,0.0033211536,05,0.0033211536,False,0,0.0,0.6,0.12166057679999999,Normal
train,05_034,0,0.0033980764,05,0.0033980764,False,0,0.0,0.6,0.1216990382,Normal
train,05_034,0,0.0037207715,05,0.0037207715,False,0,0.0,0.6,0.12186038575,Normal
train,05_034,0,0.00532881,05,0.00532881,False,0,0.0,0.6,0.12266440499999999,Normal
train,05_034,0,0.005496594,05,0.005496594,False,0,0.0,0.6,0.12274829699999999,Normal
train,05_034,0,0.008114209,05,0.008114209,False,0,0.0,0.6,0.1240571045,Normal
train,05_034,0,0.0074956105,05,0.0074956105,False,0,0.0,0.6,0.12374780525,Normal
train,05_034,0,0.0037477645,05,0.0037477645,False,0,0.0,0.6,0.12187388225,Normal
train,05_034,0,0.004431305,05,0.004431305,False,0,0.0,0.6,0.1222156525,Normal
train,05_034,0,0.0034498754,05,0.0034498754,False,0,0.0,0.6,0.1217249377,Normal
train,05_034,0,0.0032284479,05,0.0032284479,False,0,0.0,0.6,0.12161422394999999,Normal
train,05_034,0,0.0034997433,05,0.0034997433,False,0,0.0,0.6,0.12174987165,Normal
train,05_034,0,0.0038668134,05,0.0038668134,False,0,0.0,0.6,0.1219334067,Normal
train,05_034,0,0.0033223804,05,0.0033223804,False,0,0.0,0.6,0.12166119019999999,Normal
train,05_034,0,0.005959263,05,0.005959263,False,0,0.0,0.6,0.12297963149999999,Normal
train,05_034,0,0.0031969824,05,0.0031969824,False,0,0.0,0.6,0.12159849119999999,Normal
train,05_034,0,0.0032021531,05,0.0032021531,False,0,0.0,0.6,0.12160107654999999,Normal
train,05_034,0,0.0031444363,05,0.0031444363,False,0,0.0,0.6,0.12157221815,Normal
train,05_034,0,0.0032359879,05,0.0032359879,False,0,0.0,0.6,0.12161799394999999,Normal
train,05_034,0,0.0033275778,05,0.0033275778,False,0,0.0,0.6,0.1216637889,Normal
train,05_035,0,0.0034275218,05,0.0034275218,False,0,0.0,0.6,0.1217137609,Normal
train,05_035,0,0.0027102102,05,0.0027102102,False,0,0.0,0.6,0.1213551051,Normal
train,05_035,0,0.002789288,05,0.002789288,False,0,0.0,0.6,0.121394644,Normal
train,05_035,0,0.0027802757,05,0.0027802757,False,0,0.0,0.6,0.12139013785,Normal
train,05_035,0,0.0027330613,05,0.0027330613,False,0,0.0,0.6,0.12136653065,Normal
train,05_035,0,0.0027096327,05,0.0027096327,False,0,0.0,0.6,0.12135481634999999,Normal
train,05_035,0,0.0037638524,05,0.0037638524,False,0,0.0,0.6,0.12188192619999999,Normal
train,05_035,0,0.005660778,05,0.005660778,False,0,0.0,0.6,0.122830389,Normal
train,05_035,0,0.0050163707,05,0.0050163707,False,0,0.0,0.6,0.12250818534999999,Normal
train,05_035,0,0.006865634,05,0.006865634,False,0,0.0,0.6,0.123432817,Normal
train,05_035,0,0.0070258733,05,0.0070258733,False,0,0.0,0.6,0.12351293665,Normal
train,05_035,0,0.0045875427,05,0.0045875427,False,0,0.0,0.6,0.12229377135,Normal
train,05_035,0,0.0035141008,05,0.0035141008,False,0,0.0,0.6,0.1217570504,Normal
train,05_035,0,0.0034341607,05,0.0034341607,False,0,0.0,0.6,0.12171708034999999,Normal
train,05_035,0,0.0027260613,05,0.0027260613,False,0,0.0,0.6,0.12136303065,Normal
train,05_035,0,0.002608621,05,0.002608621,False,0,0.0,0.6,0.1213043105,Normal
train,05_035,0,0.00319591,05,0.00319591,False,0,0.0,0.6,0.121597955,Normal
train,05_035,0,0.0032800771,05,0.0032800771,False,0,0.0,0.6,0.12164003855,Normal
train,05_035,0,0.004041251,05,0.004041251,False,0,0.0,0.6,0.1220206255,Normal
train,05_035,0,0.0051436797,05,0.0051436797,False,0,0.0,0.6,0.12257183984999999,Normal
train,05_035,0,0.003297432,05,0.003297432,False,0,0.0,0.6,0.12164871599999999,Normal
train,05_035,0,0.0032642935,05,0.0032642935,False,0,0.0,0.6,0.12163214674999999,Normal
train,05_035,0,0.0031614557,05,0.0031614557,False,0,0.0,0.6,0.12158072785,Normal
train,05_035,0,0.0028908122,05,0.0028908122,False,0,0.0,0.6,0.1214454061,Normal
train,05_035,0,0.003193817,05,0.003193817,False,0,0.0,0.6,0.12159690849999999,Normal
train,05_035,0,0.0033128855,05,0.0033128855,False,0,0.0,0.6,0.12165644275,Normal
train,05_035,0,0.003780593,05,0.003780593,False,0,0.0,0.6,0.1218902965,Normal
train,05_035,0,0.0046699587,05,0.0046699587,False,0,0.0,0.6,0.12233497935,Normal
train,05_035,0,0.005251806,05,0.005251806,False,0,0.0,0.6,0.122625903,Normal
train,05_035,0,0.004670759,05,0.004670759,False,0,0.0,0.6,0.1223353795,Normal
train,05_035,0,0.003615273,05,0.003615273,False,0,0.0,0.6,0.1218076365,Normal
train,05_035,0,0.003032136,05,0.003032136,False,0,0.0,0.6,0.12151606799999999,Normal
train,05_035,0,0.002995865,05,0.002995865,False,0,0.0,0.6,0.12149793249999999,Normal
train,05_035,0,0.005081112,05,0.005081112,False,0,0.0,0.6,0.122540556,Normal
train,05_035,0,0.005647052,05,0.005647052,False,0,0.0,0.6,0.12282352599999999,Normal
train,05_035,0,0.0044348896,05,0.0044348896,False,0,0.0,0.6,0.12221744479999999,Normal
train,05_035,0,0.004478773,05,0.004478773,False,0,0.0,0.6,0.12223938649999999,Normal
train,05_035,0,0.0033982573,05,0.0033982573,False,0,0.0,0.6,0.12169912865,Normal
train,05_035,0,0.0039357175,05,0.0039357175,False,0,0.0,0.6,0.12196785874999999,Normal
train,05_035,0,0.0041688564,05,0.0041688564,False,0,0.0,0.6,0.1220844282,Normal
train,05_035,0,0.003631524,05,0.003631524,False,0,0.0,0.6,0.121815762,Normal
train,05_036,0,0.0038974981,05,0.0038974981,False,0,0.0,0.6,0.12194874905,Normal
train,05_036,0,0.0039415075,05,0.0039415075,False,0,0.0,0.6,0.12197075375,Normal
train,05_036,0,0.0052502276,05,0.0052502276,False,0,0.0,0.6,0.12262511379999999,Normal
train,05_036,0,0.004235049,05,0.004235049,False,0,0.0,0.6,0.12211752449999999,Normal
train,05_036,0,0.0053690453,05,0.0053690453,False,0,0.0,0.6,0.12268452264999999,Normal
train,05_036,0,0.0037335663,05,0.0037335663,False,0,0.0,0.6,0.12186678314999999,Normal
train,05_036,0,0.0035505884,05,0.0035505884,False,0,0.0,0.6,0.1217752942,Normal
train,05_036,0,0.002957526,05,0.002957526,False,0,0.0,0.6,0.12147876299999999,Normal
train,05_036,0,0.0031550094,05,0.0031550094,False,0,0.0,0.6,0.12157750469999999,Normal
train,05_036,0,0.0030594585,05,0.0030594585,False,0,0.0,0.6,0.12152972925,Normal
train,05_036,0,0.0026890133,05,0.0026890133,False,0,0.0,0.6,0.12134450664999999,Normal
train,05_036,0,0.0028519765,05,0.0028519765,False,0,0.0,0.6,0.12142598824999999,Normal
train,05_036,0,0.003531858,05,0.003531858,False,0,0.0,0.6,0.121765929,Normal
train,05_036,0,0.0034189683,05,0.0034189683,False,0,0.0,0.6,0.12170948414999999,Normal
train,05_036,0,0.00623767,05,0.00623767,False,0,0.0,0.6,0.123118835,Normal
train,05_036,0,0.0059603094,05,0.0059603094,False,0,0.0,0.6,0.1229801547,Normal
train,05_036,0,0.0034820803,05,0.0034820803,False,0,0.0,0.6,0.12174104015,Normal
train,05_036,0,0.0032040335,05,0.0032040335,False,0,0.0,0.6,0.12160201675,Normal
train,05_036,0,0.0029863901,05,0.0029863901,False,0,0.0,0.6,0.12149319505,Normal
train,05_036,0,0.0030290615,05,0.0030290615,False,0,0.0,0.6,0.12151453075,Normal
train,05_036,0,0.0028439222,05,0.0028439222,False,0,0.0,0.6,0.12142196109999999,Normal
train,05_036,0,0.0026848745,05,0.0026848745,False,0,0.0,0.6,0.12134243724999999,Normal
train,05_036,0,0.0026279958,05,0.0026279958,False,0,0.0,0.6,0.1213139979,Normal
train,05_036,0,0.0026975046,05,0.0026975046,False,0,0.0,0.6,0.1213487523,Normal
train,05_036,0,0.0027803432,05,0.0027803432,False,0,0.0,0.6,0.1213901716,Normal
train,05_036,0,0.0034813457,05,0.0034813457,False,0,0.0,0.6,0.12174067285,Normal
train,05_036,0,0.0033517869,05,0.0033517869,False,0,0.0,0.6,0.12167589344999999,Normal
train,05_036,0,0.0036107947,05,0.0036107947,False,0,0.0,0.6,0.12180539735,Normal
train,05_036,0,0.0034499345,05,0.0034499345,False,0,0.0,0.6,0.12172496725,Normal
train,05_036,0,0.0041846833,05,0.0041846833,False,0,0.0,0.6,0.12209234164999999,Normal
val,05_037,0,0.0039620176,05,0.0039620176,False,0,0.0,0.6,0.1219810088,Normal
val,05_037,0,0.004025299,05,0.004025299,False,0,0.0,0.6,0.1220126495,Normal
val,05_037,0,0.0038677426,05,0.0038677426,False,0,0.0,0.6,0.1219338713,Normal
val,05_037,0,0.003754347,05,0.003754347,False,0,0.0,0.6,0.12187717349999999,Normal
val,05_037,0,0.0052037025,05,0.0052037025,False,0,0.0,0.6,0.12260185124999999,Normal
val,05_037,0,0.004791518,05,0.004791518,False,0,0.0,0.6,0.12239575899999999,Normal
val,05_037,0,0.0051584044,05,0.0051584044,False,0,0.0,0.6,0.1225792022,Normal
val,05_037,0,0.005754798,05,0.005754798,False,0,0.0,0.6,0.122877399,Normal
val,05_037,0,0.0041288612,05,0.0041288612,False,0,0.0,0.6,0.1220644306,Normal
val,05_037,0,0.004294534,05,0.004294534,False,0,0.0,0.6,0.12214726699999999,Normal
val,05_037,0,0.0041214977,05,0.0041214977,False,0,0.0,0.6,0.12206074885,Normal
val,05_037,0,0.0031766274,05,0.0031766274,False,0,0.0,0.6,0.12158831369999999,Normal
val,05_037,0,0.0035603293,05,0.0035603293,False,0,0.0,0.6,0.12178016465,Normal
val,05_037,0,0.0038305523,05,0.0038305523,False,0,0.0,0.6,0.12191527615,Normal
val,05_037,0,0.0041858116,05,0.0041858116,False,0,0.0,0.6,0.1220929058,Normal
val,05_037,0,0.0034038692,05,0.0034038692,False,0,0.0,0.6,0.12170193459999999,Normal
val,05_037,0,0.0037612482,05,0.0037612482,False,0,0.0,0.6,0.1218806241,Normal
val,05_037,0,0.0031884052,05,0.0031884052,False,0,0.0,0.6,0.12159420259999999,Normal
val,05_037,0,0.002971928,05,0.002971928,False,0,0.0,0.6,0.121485964,Normal
val,05_037,0,0.003089961,05,0.003089961,False,0,0.0,0.6,0.1215449805,Normal
val,05_037,0,0.00322642,05,0.00322642,False,0,0.0,0.6,0.12161321,Normal
val,05_037,0,0.0034095338,05,0.0034095338,False,0,0.0,0.6,0.1217047669,Normal
val,05_037,0,0.0036161079,05,0.0036161079,False,0,0.0,0.6,0.12180805395,Normal
val,05_037,0,0.0040431316,05,0.0040431316,False,0,0.0,0.6,0.1220215658,Normal
val,05_037,0,0.004677105,05,0.004677105,False,0,0.0,0.6,0.12233855249999999,Normal
val,05_037,0,0.0043071234,05,0.0043071234,False,0,0.0,0.6,0.1221535617,Normal
val,05_037,0,0.0038102674,05,0.0038102674,False,0,0.0,0.6,0.1219051337,Normal
val,05_037,0,0.0039987676,05,0.0039987676,False,0,0.0,0.6,0.1219993838,Normal
val,05_037,0,0.003976981,05,0.003976981,False,0,0.0,0.6,0.12198849049999999,Normal
val,05_037,0,0.003229071,05,0.003229071,False,0,0.0,0.6,0.1216145355,Normal
val,05_037,0,0.00269972,05,0.00269972,False,0,0.0,0.6,0.12134985999999999,Normal
test,05_038,0,0.0033685183,05,0.0033685183,False,0,0.0,0.6,0.12168425915,Normal
test,05_038,0,0.0039583314,05,0.0039583314,False,0,0.0,0.6,0.12197916569999999,Normal
test,05_038,0,0.0037979342,05,0.0037979342,False,0,0.0,0.6,0.12189896709999999,Normal
test,05_038,0,0.0043888995,05,0.0043888995,False,0,0.0,0.6,0.12219444974999999,Normal
test,05_038,0,0.004378872,05,0.004378872,False,0,0.0,0.6,0.122189436,Normal
test,05_038,0,0.004822613,05,0.004822613,False,0,0.0,0.6,0.1224113065,Normal
test,05_038,0,0.0044777226,05,0.0044777226,False,0,0.0,0.6,0.1222388613,Normal
test,05_038,0,0.006077845,05,0.006077845,False,0,0.0,0.6,0.1230389225,Normal
test,05_038,0,0.00830725,05,0.00830725,False,0,0.0,0.6,0.12415362499999999,Normal
test,05_038,0,0.0058686645,05,0.0058686645,False,0,0.0,0.6,0.12293433225,Normal
test,05_038,0,0.00462378,05,0.00462378,False,0,0.0,0.6,0.12231188999999999,Normal
test,05_038,0,0.0032361092,05,0.0032361092,False,0,0.0,0.6,0.1216180546,Normal
test,05_038,0,0.0037278628,05,0.0037278628,False,0,0.0,0.6,0.1218639314,Normal
test,05_038,0,0.0050068456,05,0.0050068456,False,0,0.0,0.6,0.1225034228,Normal
val,05_039,0,0.003912233,05,0.003912233,False,0,0.0,0.6,0.12195611649999999,Normal
val,05_039,0,0.0038697086,05,0.0038697086,False,0,0.0,0.6,0.12193485429999999,Normal
val,05_039,0,0.0037523038,05,0.0037523038,False,0,0.0,0.6,0.1218761519,Normal
val,05_039,0,0.003655478,05,0.003655478,False,0,0.0,0.6,0.12182773899999999,Normal
val,05_039,0,0.0039705895,05,0.0039705895,False,0,0.0,0.6,0.12198529475,Normal
val,05_039,0,0.004479194,05,0.004479194,False,0,0.0,0.6,0.12223959699999999,Normal
val,05_039,0,0.005024596,05,0.005024596,False,0,0.0,0.6,0.12251229799999999,Normal
val,05_039,0,0.0058713946,05,0.0058713946,False,0,0.0,0.6,0.1229356973,Normal
val,05_039,0,0.0069530867,05,0.0069530867,False,0,0.0,0.6,0.12347654335,Normal
val,05_039,0,0.0062278323,05,0.0062278323,False,0,0.0,0.6,0.12311391615,Normal
val,05_039,0,0.008713863,05,0.008713863,False,0,0.0,0.6,0.12435693149999999,Normal
val,05_039,0,0.006126433,05,0.006126433,False,0,0.0,0.6,0.12306321649999999,Normal
val,05_039,0,0.0058004037,05,0.0058004037,False,0,0.0,0.6,0.12290020185,Normal
val,05_039,0,0.004711406,05,0.004711406,False,0,0.0,0.6,0.122355703,Normal
val,05_039,0,0.0041872594,05,0.0041872594,False,0,0.0,0.6,0.1220936297,Normal
val,05_039,0,0.0040907515,05,0.0040907515,False,0,0.0,0.6,0.12204537574999999,Normal
val,05_039,0,0.0039322847,05,0.0039322847,False,0,0.0,0.6,0.12196614235,Normal
val,05_039,0,0.0039344146,05,0.0039344146,False,0,0.0,0.6,0.12196720729999999,Normal
val,05_039,0,0.004007205,05,0.004007205,False,0,0.0,0.6,0.1220036025,Normal
val,05_039,0,0.0057711806,05,0.0057711806,False,0,0.0,0.6,0.1228855903,Normal
val,05_039,0,0.004850846,05,0.004850846,False,0,0.0,0.6,0.12242542299999999,Normal
val,05_039,0,0.003958095,05,0.003958095,False,0,0.0,0.6,0.12197904749999999,Normal
val,05_039,0,0.0037809145,05,0.0037809145,False,0,0.0,0.6,0.12189045725,Normal
train,05_040,0,0.0041039404,05,0.0041039404,False,0,0.0,0.6,0.1220519702,Normal
train,05_040,0,0.0044473996,05,0.0044473996,False,0,0.0,0.6,0.1222236998,Normal
train,05_040,0,0.004038442,05,0.004038442,False,0,0.0,0.6,0.122019221,Normal
train,05_040,0,0.0055488963,05,0.0055488963,False,0,0.0,0.6,0.12277444814999999,Normal
train,05_040,0,0.009347881,05,0.009347881,False,0,0.0,0.6,0.1246739405,Normal
train,05_040,0,0.011553227,05,0.011553227,False,0,0.0,0.6,0.1257766135,Normal
train,05_040,0,0.0056047454,05,0.0056047454,False,0,0.0,0.6,0.1228023727,Normal
train,05_040,0,0.0042368225,05,0.0042368225,False,0,0.0,0.6,0.12211841124999999,Normal
train,05_040,0,0.003951776,05,0.003951776,False,0,0.0,0.6,0.12197588799999999,Normal
train,05_040,0,0.0040644854,05,0.0040644854,False,0,0.0,0.6,0.1220322427,Normal
train,05_040,0,0.0037653155,05,0.0037653155,False,0,0.0,0.6,0.12188265775,Normal
train,05_040,0,0.0040542725,05,0.0040542725,False,0,0.0,0.6,0.12202713625,Normal
train,05_040,0,0.004003462,05,0.004003462,False,0,0.0,0.6,0.122001731,Normal
train,05_040,0,0.0044665267,05,0.0044665267,False,0,0.0,0.6,0.12223326335,Normal
train,05_040,0,0.0043062395,05,0.0043062395,False,0,0.0,0.6,0.12215311975,Normal
train,05_040,0,0.003775132,05,0.003775132,False,0,0.0,0.6,0.12188756599999999,Normal
train,05_040,0,0.0036630647,05,0.0036630647,False,0,0.0,0.6,0.12183153235,Normal
train,05_040,0,0.0037768646,05,0.0037768646,False,0,0.0,0.6,0.1218884323,Normal
train,05_040,0,0.0043965406,05,0.0043965406,False,0,0.0,0.6,0.1221982703,Normal
train,05_040,0,0.0048248563,05,0.0048248563,False,0,0.0,0.6,0.12241242815,Normal
train,05_040,0,0.005404895,05,0.005404895,False,0,0.0,0.6,0.12270244749999999,Normal
train,05_040,0,0.006892754,05,0.006892754,False,0,0.0,0.6,0.123446377,Normal
train,05_040,0,0.0063654464,05,0.0063654464,False,0,0.0,0.6,0.1231827232,Normal
train,05_041,0,0.012285028,05,0.012285028,False,0,0.0,0.6,0.12614251399999998,Normal
train,05_041,0,0.012966723,05,0.012966723,False,0,0.0,0.6,0.1264833615,Normal
train,05_041,0,0.008420236,05,0.008420236,False,0,0.0,0.6,0.124210118,Normal
train,05_041,0,0.015740804,05,0.015740804,False,0,0.0,0.6,0.127870402,Normal
train,05_041,0,0.009671842,05,0.009671842,False,0,0.0,0.6,0.12483592099999999,Normal
train,05_041,0,0.017773146,05,0.017773146,False,0,0.0,0.6,0.128886573,Normal
train,05_041,0,0.0056683035,05,0.0056683035,False,0,0.0,0.6,0.12283415175,Normal
train,05_041,0,0.005613767,05,0.005613767,False,0,0.0,0.6,0.12280688349999999,Normal
train,05_041,0,0.00461838,05,0.00461838,False,0,0.0,0.6,0.12230919,Normal
train,05_041,0,0.0041459817,05,0.0041459817,False,0,0.0,0.6,0.12207299085,Normal
train,05_041,0,0.003610659,05,0.003610659,False,0,0.0,0.6,0.12180532949999999,Normal
train,05_041,0,0.0042363117,05,0.0042363117,False,0,0.0,0.6,0.12211815585,Normal
train,05_041,0,0.0037389938,05,0.0037389938,False,0,0.0,0.6,0.1218694969,Normal
train,05_041,0,0.005936081,05,0.005936081,False,0,0.0,0.6,0.1229680405,Normal
train,05_041,0,0.005512724,05,0.005512724,False,0,0.0,0.6,0.122756362,Normal
train,05_041,0,0.0063298577,05,0.0063298577,False,0,0.0,0.6,0.12316492885,Normal
train,05_041,0,0.0071213986,05,0.0071213986,False,0,0.0,0.6,0.1235606993,Normal
train,05_041,0,0.01211574,05,0.01211574,False,0,0.0,0.6,0.12605787,Normal
train,05_041,0,0.008414331,05,0.008414331,False,0,0.0,0.6,0.1242071655,Normal
train,05_041,0,0.0084708845,05,0.0084708845,False,0,0.0,0.6,0.12423544225,Normal
train,05_041,0,0.04066934,05,0.04066934,False,0,0.0,0.6,0.14033467,Normal
train,05_041,0,0.03491596,05,0.03491596,False,0,0.0,0.6,0.13745798,Normal
train,05_041,0,0.023537075,05,0.023537075,False,0,0.0,0.6,0.1317685375,Normal
train,05_042,0,0.0070177307,05,0.0070177307,False,0,0.0,0.6,0.12350886535,Normal
train,05_042,0,0.007389445,05,0.007389445,False,0,0.0,0.6,0.12369472249999999,Normal
train,05_042,0,0.009451153,05,0.009451153,False,0,0.0,0.6,0.12472557649999999,Normal
train,05_042,0,0.00875258,05,0.00875258,False,0,0.0,0.6,0.12437629,Normal
train,05_042,0,0.008694091,05,0.008694091,False,0,0.0,0.6,0.12434704549999999,Normal
train,05_042,0,0.008426505,05,0.008426505,False,0,0.0,0.6,0.1242132525,Normal
train,05_042,0,0.009810521,05,0.009810521,False,0,0.0,0.6,0.12490526049999999,Normal
train,05_042,0,0.008738781,05,0.008738781,False,0,0.0,0.6,0.1243693905,Normal
train,05_042,0,0.007959653,05,0.007959653,False,0,0.0,0.6,0.1239798265,Normal
train,05_042,0,0.0078348145,05,0.0078348145,False,0,0.0,0.6,0.12391740725,Normal
train,05_042,0,0.00962409,05,0.00962409,False,0,0.0,0.6,0.124812045,Normal
train,05_042,0,0.011998055,05,0.011998055,False,0,0.0,0.6,0.1259990275,Normal
train,05_042,0,0.014031411,05,0.014031411,False,0,0.0,0.6,0.1270157055,Normal
train,05_042,0,0.0068022013,05,0.0068022013,False,0,0.0,0.6,0.12340110065,Normal
train,05_042,0,0.007929436,05,0.007929436,False,0,0.0,0.6,0.123964718,Normal
train,05_042,0,0.006786274,05,0.006786274,False,0,0.0,0.6,0.123393137,Normal
train,05_042,0,0.0083595645,05,0.0083595645,False,0,0.0,0.6,0.12417978225,Normal
train,05_042,0,0.009261071,05,0.009261071,False,0,0.0,0.6,0.1246305355,Normal
train,05_042,0,0.009067064,05,0.009067064,False,0,0.0,0.6,0.124533532,Normal
train,05_042,0,0.009669604,05,0.009669604,False,0,0.0,0.6,0.124834802,Normal
train,05_042,0,0.005973089,05,0.005973089,False,0,0.0,0.6,0.12298654449999999,Normal
train,05_042,0,0.005154608,05,0.005154608,False,0,0.0,0.6,0.122577304,Normal
train,05_042,0,0.004954444,05,0.004954444,False,0,0.0,0.6,0.122477222,Normal
val,05_043,0,0.0050968337,05,0.0050968337,False,0,0.0,0.6,0.12254841685,Normal
val,05_043,0,0.0051038647,05,0.0051038647,False,0,0.0,0.6,0.12255193234999999,Normal
val,05_043,0,0.0060673053,05,0.0060673053,False,0,0.0,0.6,0.12303365264999999,Normal
val,05_043,0,0.0056275823,05,0.0056275823,False,0,0.0,0.6,0.12281379114999999,Normal
val,05_043,0,0.004879012,05,0.004879012,False,0,0.0,0.6,0.12243950599999999,Normal
val,05_043,0,0.0050880886,05,0.0050880886,False,0,0.0,0.6,0.1225440443,Normal
val,05_043,0,0.004403087,05,0.004403087,False,0,0.0,0.6,0.1222015435,Normal
val,05_043,0,0.0047616046,05,0.0047616046,False,0,0.0,0.6,0.1223808023,Normal
val,05_043,0,0.006570559,05,0.006570559,False,0,0.0,0.6,0.1232852795,Normal
val,05_043,0,0.024145108,05,0.024145108,False,0,0.0,0.6,0.132072554,Normal
val,05_043,0,0.052405264,05,0.052405264,False,0,0.0,0.6,0.146202632,Normal
val,05_043,0,0.07322495,05,0.07322495,False,0,0.0,0.6,0.156612475,Normal
val,05_043,0,0.020479979,05,0.020479979,False,0,0.0,0.6,0.1302399895,Normal
val,05_043,0,0.010221879,05,0.010221879,False,0,0.0,0.6,0.1251109395,Normal
val,05_043,0,0.009968462,05,0.009968462,False,0,0.0,0.6,0.124984231,Normal
val,05_043,0,0.0063265776,05,0.0063265776,False,0,0.0,0.6,0.12316328879999999,Normal
val,05_043,0,0.003721433,05,0.003721433,False,0,0.0,0.6,0.1218607165,Normal
val,05_043,0,0.004753722,05,0.004753722,False,0,0.0,0.6,0.12237686099999999,Normal
val,05_043,0,0.005214278,05,0.005214278,False,0,0.0,0.6,0.12260713899999999,Normal
val,05_043,0,0.004048927,05,0.004048927,False,0,0.0,0.6,0.1220244635,Normal
val,05_043,0,0.0055015516,05,0.0055015516,False,0,0.0,0.6,0.12275077579999999,Normal
val,05_043,0,0.005203414,05,0.005203414,False,0,0.0,0.6,0.12260170699999999,Normal
val,05_043,0,0.0076062107,05,0.0076062107,False,0,0.0,0.6,0.12380310535,Normal
train,05_044,0,0.0046744025,05,0.0046744025,False,0,0.0,0.6,0.12233720125,Normal
train,05_044,0,0.0043112477,05,0.0043112477,False,0,0.0,0.6,0.12215562384999999,Normal
train,05_044,0,0.004803452,05,0.004803452,False,0,0.0,0.6,0.12240172599999999,Normal
train,05_044,0,0.005126724,05,0.005126724,False,0,0.0,0.6,0.122563362,Normal
train,05_044,0,0.0054407194,05,0.0054407194,False,0,0.0,0.6,0.12272035969999999,Normal
train,05_044,0,0.0051058433,05,0.0051058433,False,0,0.0,0.6,0.12255292165,Normal
train,05_044,0,0.0047354363,05,0.0047354363,False,0,0.0,0.6,0.12236771815,Normal
train,05_044,0,0.005204554,05,0.005204554,False,0,0.0,0.6,0.122602277,Normal
train,05_044,0,0.0066926857,05,0.0066926857,False,0,0.0,0.6,0.12334634285,Normal
train,05_044,0,0.0142756915,05,0.0142756915,False,0,0.0,0.6,0.12713784575,Normal
train,05_044,0,0.0073341425,05,0.0073341425,False,0,0.0,0.6,0.12366707125,Normal
train,05_044,0,0.0068812715,05,0.0068812715,False,0,0.0,0.6,0.12344063575,Normal
train,05_044,0,0.010190203,05,0.010190203,False,0,0.0,0.6,0.1250951015,Normal
train,05_044,0,0.004452768,05,0.004452768,False,0,0.0,0.6,0.122226384,Normal
train,05_044,0,0.0040264805,05,0.0040264805,False,0,0.0,0.6,0.12201324025,Normal
train,05_044,0,0.004034623,05,0.004034623,False,0,0.0,0.6,0.12201731149999999,Normal
train,05_044,0,0.005842777,05,0.005842777,False,0,0.0,0.6,0.12292138849999999,Normal
train,05_044,0,0.00529047,05,0.00529047,False,0,0.0,0.6,0.12264523499999999,Normal
train,05_044,0,0.005671884,05,0.005671884,False,0,0.0,0.6,0.12283594199999999,Normal
train,05_044,0,0.005072966,05,0.005072966,False,0,0.0,0.6,0.122536483,Normal
train,05_044,0,0.004564231,05,0.004564231,False,0,0.0,0.6,0.1222821155,Normal
train,05_044,0,0.00387721,05,0.00387721,False,0,0.0,0.6,0.12193860499999999,Normal
train,05_044,0,0.00897546,05,0.00897546,False,0,0.0,0.6,0.12448772999999999,Normal
train,05_045,0,0.005132961,05,0.005132961,False,0,0.0,0.6,0.12256648049999999,Normal
train,05_045,0,0.0042360704,05,0.0042360704,False,0,0.0,0.6,0.1221180352,Normal
train,05_045,0,0.004677887,05,0.004677887,False,0,0.0,0.6,0.12233894349999999,Normal
train,05_045,0,0.005757991,05,0.005757991,False,0,0.0,0.6,0.12287899549999999,Normal
train,05_045,0,0.008538798,05,0.008538798,False,0,0.0,0.6,0.124269399,Normal
train,05_045,0,0.007667906,05,0.007667906,False,0,0.0,0.6,0.123833953,Normal
train,05_045,0,0.00619196,05,0.00619196,False,0,0.0,0.6,0.12309598,Normal
train,05_045,0,0.0045715636,05,0.0045715636,False,0,0.0,0.6,0.12228578179999999,Normal
train,05_045,0,0.0044704485,05,0.0044704485,False,0,0.0,0.6,0.12223522425,Normal
train,05_045,0,0.013580138,05,0.013580138,False,0,0.0,0.6,0.126790069,Normal
train,05_045,0,0.073656075,05,0.073656075,False,0,0.0,0.6,0.1568280375,Normal
train,05_045,0,0.10158011,05,0.10158011,False,0,0.0,0.6,0.170790055,Normal
train,05_045,0,0.14194062,05,0.14194062,False,0,0.0,0.6,0.19097030999999998,Normal
train,05_045,0,0.029168097,05,0.029168097,False,0,0.0,0.6,0.1345840485,Normal
train,05_045,0,0.0052691987,05,0.0052691987,False,0,0.0,0.6,0.12263459935,Normal
train,05_045,0,0.0046560406,05,0.0046560406,False,0,0.0,0.6,0.12232802029999999,Normal
train,05_045,0,0.004907259,05,0.004907259,False,0,0.0,0.6,0.1224536295,Normal
train,05_045,0,0.0048684618,05,0.0048684618,False,0,0.0,0.6,0.1224342309,Normal
train,05_045,0,0.0078001963,05,0.0078001963,False,0,0.0,0.6,0.12390009815,Normal
train,05_045,0,0.012704058,05,0.012704058,False,0,0.0,0.6,0.126352029,Normal
train,05_045,0,0.011465544,05,0.011465544,False,0,0.0,0.6,0.125732772,Normal
train,05_045,0,0.007447336,05,0.007447336,False,0,0.0,0.6,0.123723668,Normal
train,05_045,0,0.0046791034,05,0.0046791034,False,0,0.0,0.6,0.1223395517,Normal
test,05_046,0,0.0059593455,05,0.0059593455,False,0,0.0,0.6,0.12297967274999999,Normal
test,05_046,0,0.0059413984,05,0.0059413984,False,0,0.0,0.6,0.12297069919999999,Normal
test,05_046,0,0.00524414,05,0.00524414,False,0,0.0,0.6,0.12262207,Normal
test,05_046,0,0.005771104,05,0.005771104,False,0,0.0,0.6,0.122885552,Normal
test,05_046,0,0.0047801128,05,0.0047801128,False,0,0.0,0.6,0.1223900564,Normal
test,05_046,0,0.005030113,05,0.005030113,False,0,0.0,0.6,0.1225150565,Normal
test,05_046,0,0.005295281,05,0.005295281,False,0,0.0,0.6,0.1226476405,Normal
test,05_046,0,0.005518708,05,0.005518708,False,0,0.0,0.6,0.122759354,Normal
test,05_046,0,0.0060189646,05,0.0060189646,False,0,0.0,0.6,0.1230094823,Normal
test,05_046,0,0.0062987544,05,0.0062987544,False,0,0.0,0.6,0.1231493772,Normal
test,05_046,0,0.0043180855,05,0.0043180855,False,0,0.0,0.6,0.12215904275,Normal
test,05_046,0,0.005101214,05,0.005101214,False,0,0.0,0.6,0.12255060699999999,Normal
test,05_046,0,0.0041372376,05,0.0041372376,False,0,0.0,0.6,0.1220686188,Normal
test,05_046,0,0.0042803967,05,0.0042803967,False,0,0.0,0.6,0.12214019834999999,Normal
test,05_046,0,0.00536986,05,0.00536986,False,0,0.0,0.6,0.12268493,Normal
test,05_046,0,0.0052210223,05,0.0052210223,False,0,0.0,0.6,0.12261051114999999,Normal
test,05_046,0,0.009997842,05,0.009997842,False,0,0.0,0.6,0.124998921,Normal
test,05_046,0,0.21364123,05,0.21364123,False,0,0.0,0.6,0.226820615,Normal
test,05_046,0,0.118108414,05,0.118108414,False,0,0.0,0.6,0.179054207,Normal
test,05_046,0,0.03962813,05,0.03962813,False,0,0.0,0.6,0.139814065,Normal
test,05_046,0,0.07477364,05,0.07477364,False,0,0.0,0.6,0.15738681999999998,Normal
test,05_046,0,0.014792953,05,0.014792953,False,0,0.0,0.6,0.1273964765,Normal
test,05_046,0,0.018419558,05,0.018419558,False,0,0.0,0.6,0.129209779,Normal
train,05_047,0,0.0044720424,05,0.0044720424,False,0,0.0,0.6,0.12223602119999999,Normal
train,05_047,0,0.0043966486,05,0.0043966486,False,0,0.0,0.6,0.1221983243,Normal
train,05_047,0,0.004641427,05,0.004641427,False,0,0.0,0.6,0.1223207135,Normal
train,05_047,0,0.0045390003,05,0.0045390003,False,0,0.0,0.6,0.12226950015,Normal
train,05_047,0,0.004779775,05,0.004779775,False,0,0.0,0.6,0.12238988749999999,Normal
train,05_047,0,0.004121873,05,0.004121873,False,0,0.0,0.6,0.1220609365,Normal
train,05_047,0,0.004603035,05,0.004603035,False,0,0.0,0.6,0.1223015175,Normal
train,05_047,0,0.006592488,05,0.006592488,False,0,0.0,0.6,0.123296244,Normal
train,05_047,0,0.009690874,05,0.009690874,False,0,0.0,0.6,0.12484543699999999,Normal
train,05_047,0,0.012870507,05,0.012870507,False,0,0.0,0.6,0.12643525349999998,Normal
train,05_047,0,0.0107662,05,0.0107662,False,0,0.0,0.6,0.1253831,Normal
train,05_047,0,0.0066616414,05,0.0066616414,False,0,0.0,0.6,0.1233308207,Normal
train,05_047,0,0.007941916,05,0.007941916,False,0,0.0,0.6,0.12397095799999999,Normal
train,05_047,0,0.006866063,05,0.006866063,False,0,0.0,0.6,0.1234330315,Normal
train,05_047,0,0.009139954,05,0.009139954,False,0,0.0,0.6,0.124569977,Normal
train,05_047,0,0.0054345746,05,0.0054345746,False,0,0.0,0.6,0.12271728729999999,Normal
train,05_047,0,0.0044354177,05,0.0044354177,False,0,0.0,0.6,0.12221770885,Normal
train,05_047,0,0.0047289818,05,0.0047289818,False,0,0.0,0.6,0.1223644909,Normal
train,05_047,0,0.0050988505,05,0.0050988505,False,0,0.0,0.6,0.12254942525,Normal
train,05_047,0,0.007562203,05,0.007562203,False,0,0.0,0.6,0.12378110149999999,Normal
train,05_047,0,0.011524701,05,0.011524701,False,0,0.0,0.6,0.1257623505,Normal
train,05_047,0,0.016519643,05,0.016519643,False,0,0.0,0.6,0.12825982149999998,Normal
train,05_048,0,0.012917105,05,0.012917105,False,0,0.0,0.6,0.1264585525,Normal
train,05_048,0,0.009416352,05,0.009416352,False,0,0.0,0.6,0.12470817599999999,Normal
train,05_048,0,0.009315896,05,0.009315896,False,0,0.0,0.6,0.12465794799999999,Normal
train,05_048,0,0.008779897,05,0.008779897,False,0,0.0,0.6,0.1243899485,Normal
train,05_048,0,0.0068634623,05,0.0068634623,False,0,0.0,0.6,0.12343173115,Normal
train,05_048,0,0.0057612793,05,0.0057612793,False,0,0.0,0.6,0.12288063965,Normal
train,05_048,0,0.005504229,05,0.005504229,False,0,0.0,0.6,0.1227521145,Normal
train,05_048,0,0.006339276,05,0.006339276,False,0,0.0,0.6,0.123169638,Normal
train,05_048,0,0.006324353,05,0.006324353,False,0,0.0,0.6,0.1231621765,Normal
train,05_048,0,0.012184383,05,0.012184383,False,0,0.0,0.6,0.1260921915,Normal
train,05_048,0,0.011273331,05,0.011273331,False,0,0.0,0.6,0.1256366655,Normal
train,05_048,0,0.0078504635,05,0.0078504635,False,0,0.0,0.6,0.12392523174999999,Normal
train,05_048,0,0.0075375354,05,0.0075375354,False,0,0.0,0.6,0.12376876769999999,Normal
train,05_048,0,0.007719622,05,0.007719622,False,0,0.0,0.6,0.123859811,Normal
train,05_048,0,0.008003532,05,0.008003532,False,0,0.0,0.6,0.124001766,Normal
train,05_048,0,0.0069469684,05,0.0069469684,False,0,0.0,0.6,0.1234734842,Normal
train,05_048,0,0.00885511,05,0.00885511,False,0,0.0,0.6,0.124427555,Normal
train,05_048,0,0.013090273,05,0.013090273,False,0,0.0,0.6,0.1265451365,Normal
train,05_048,0,0.0125442,05,0.0125442,False,0,0.0,0.6,0.1262721,Normal
train,05_048,0,0.007029264,05,0.007029264,False,0,0.0,0.6,0.123514632,Normal
train,05_048,0,0.006334202,05,0.006334202,False,0,0.0,0.6,0.123167101,Normal
train,05_048,0,0.008868571,05,0.008868571,False,0,0.0,0.6,0.12443428549999999,Normal
train,05_049,0,0.004719574,05,0.004719574,False,0,0.0,0.6,0.122359787,Normal
train,05_049,0,0.005496034,05,0.005496034,False,0,0.0,0.6,0.122748017,Normal
train,05_049,0,0.0055623837,05,0.0055623837,False,0,0.0,0.6,0.12278119185,Normal
train,05_049,0,0.004185661,05,0.004185661,False,0,0.0,0.6,0.1220928305,Normal
train,05_049,0,0.004939987,05,0.004939987,False,0,0.0,0.6,0.1224699935,Normal
train,05_049,0,0.0045845406,05,0.0045845406,False,0,0.0,0.6,0.12229227029999999,Normal
train,05_049,0,0.005357573,05,0.005357573,False,0,0.0,0.6,0.1226787865,Normal
train,05_049,0,0.0043732338,05,0.0043732338,False,0,0.0,0.6,0.12218661689999999,Normal
train,05_049,0,0.004427169,05,0.004427169,False,0,0.0,0.6,0.1222135845,Normal
train,05_049,0,0.00585792,05,0.00585792,False,0,0.0,0.6,0.12292895999999999,Normal
train,05_049,0,0.017157635,05,0.017157635,False,0,0.0,0.6,0.1285788175,Normal
train,05_049,0,0.026975958,05,0.026975958,False,0,0.0,0.6,0.133487979,Normal
train,05_049,0,0.010517786,05,0.010517786,False,0,0.0,0.6,0.12525889299999998,Normal
train,05_049,0,0.0055060247,05,0.0055060247,False,0,0.0,0.6,0.12275301235,Normal
train,05_049,0,0.0071793897,05,0.0071793897,False,0,0.0,0.6,0.12358969485,Normal
train,05_049,0,0.008567333,05,0.008567333,False,0,0.0,0.6,0.1242836665,Normal
train,05_049,0,0.0045679538,05,0.0045679538,False,0,0.0,0.6,0.1222839769,Normal
train,05_049,0,0.004094172,05,0.004094172,False,0,0.0,0.6,0.122047086,Normal
train,05_049,0,0.0039264457,05,0.0039264457,False,0,0.0,0.6,0.12196322285,Normal
train,05_049,0,0.0043813884,05,0.0043813884,False,0,0.0,0.6,0.12219069419999999,Normal
train,05_049,0,0.0042953524,05,0.0042953524,False,0,0.0,0.6,0.1221476762,Normal
train,05_049,0,0.0072869663,05,0.0072869663,False,0,0.0,0.6,0.12364348315,Normal
train,05_050,0,0.0049013156,05,0.0049013156,False,0,0.0,0.6,0.1224506578,Normal
train,05_050,0,0.0053966423,05,0.0053966423,False,0,0.0,0.6,0.12269832115,Normal
train,05_050,0,0.005780778,05,0.005780778,False,0,0.0,0.6,0.12289038899999999,Normal
train,05_050,0,0.006152345,05,0.006152345,False,0,0.0,0.6,0.1230761725,Normal
train,05_050,0,0.007477852,05,0.007477852,False,0,0.0,0.6,0.123738926,Normal
train,05_050,0,0.008798042,05,0.008798042,False,0,0.0,0.6,0.124399021,Normal
train,05_050,0,0.0037276682,05,0.0037276682,False,0,0.0,0.6,0.1218638341,Normal
train,05_050,0,0.0037495848,05,0.0037495848,False,0,0.0,0.6,0.1218747924,Normal
train,05_050,0,0.0041666916,05,0.0041666916,False,0,0.0,0.6,0.12208334579999999,Normal
train,05_050,0,0.0038397524,05,0.0038397524,False,0,0.0,0.6,0.1219198762,Normal
train,05_050,0,0.0046302653,05,0.0046302653,False,0,0.0,0.6,0.12231513264999999,Normal
train,05_050,0,0.0047202213,05,0.0047202213,False,0,0.0,0.6,0.12236011064999999,Normal
train,05_050,0,0.004891023,05,0.004891023,False,0,0.0,0.6,0.12244551149999999,Normal
train,05_050,0,0.0046041887,05,0.0046041887,False,0,0.0,0.6,0.12230209435,Normal
train,05_050,0,0.0035166997,05,0.0035166997,False,0,0.0,0.6,0.12175834984999999,Normal
train,05_050,0,0.004472849,05,0.004472849,False,0,0.0,0.6,0.1222364245,Normal
train,05_050,0,0.0042477245,05,0.0042477245,False,0,0.0,0.6,0.12212386224999999,Normal
train,05_050,0,0.006007353,05,0.006007353,False,0,0.0,0.6,0.12300367649999999,Normal
train,05_050,0,0.008470678,05,0.008470678,False,0,0.0,0.6,0.124235339,Normal
train,05_050,0,0.01778952,05,0.01778952,False,0,0.0,0.6,0.12889476,Normal
train,05_050,0,0.0072573135,05,0.0072573135,False,0,0.0,0.6,0.12362865675,Normal
train,05_050,0,0.006843395,05,0.006843395,False,0,0.0,0.6,0.1234216975,Normal
val,05_051,0,0.003549477,05,0.003549477,False,0,0.0,0.6,0.1217747385,Normal
val,05_051,0,0.0028345087,05,0.0028345087,False,0,0.0,0.6,0.12141725434999999,Normal
val,05_051,0,0.0031108875,05,0.0031108875,False,0,0.0,0.6,0.12155544374999999,Normal
val,05_051,0,0.0030908557,05,0.0030908557,False,0,0.0,0.6,0.12154542785,Normal
val,05_051,0,0.0036641508,05,0.0036641508,False,0,0.0,0.6,0.12183207539999999,Normal
val,05_051,0,0.004921025,05,0.004921025,False,0,0.0,0.6,0.1224605125,Normal
val,05_051,0,0.0060977247,05,0.0060977247,False,0,0.0,0.6,0.12304886235,Normal
val,05_051,0,0.00735988,05,0.00735988,False,0,0.0,0.6,0.12367994,Normal
val,05_051,0,0.0060853595,05,0.0060853595,False,0,0.0,0.6,0.12304267975,Normal
val,05_051,0,0.0033734976,05,0.0033734976,False,0,0.0,0.6,0.1216867488,Normal
val,05_051,0,0.0043890993,05,0.0043890993,False,0,0.0,0.6,0.12219454965,Normal
val,05_051,0,0.0057774,05,0.0057774,False,0,0.0,0.6,0.12288869999999999,Normal
val,05_051,0,0.012350645,05,0.012350645,False,0,0.0,0.6,0.1261753225,Normal
val,05_051,0,0.003675684,05,0.003675684,False,0,0.0,0.6,0.121837842,Normal
val,05_051,0,0.0043094815,05,0.0043094815,False,0,0.0,0.6,0.12215474074999999,Normal
val,05_051,0,0.0043786266,05,0.0043786266,False,0,0.0,0.6,0.12218931329999999,Normal
val,05_051,0,0.0049413345,05,0.0049413345,False,0,0.0,0.6,0.12247066725,Normal
val,05_051,0,0.007617831,05,0.007617831,False,0,0.0,0.6,0.12380891549999999,Normal
val,05_051,0,0.007637417,05,0.007637417,False,0,0.0,0.6,0.1238187085,Normal
val,05_051,0,0.0058466503,05,0.0058466503,False,0,0.0,0.6,0.12292332515,Normal
val,05_051,0,0.0039882166,05,0.0039882166,False,0,0.0,0.6,0.1219941083,Normal
train,05_052,0,0.00714469,05,0.00714469,False,0,0.0,0.6,0.123572345,Normal
train,05_052,0,0.009167583,05,0.009167583,False,0,0.0,0.6,0.1245837915,Normal
train,05_052,0,0.0109308455,05,0.0109308455,False,0,0.0,0.6,0.12546542275,Normal
train,05_052,0,0.036074955,05,0.036074955,False,0,0.0,0.6,0.1380374775,Normal
train,05_052,0,0.023480635,05,0.023480635,False,0,0.0,0.6,0.13174031749999998,Normal
train,05_052,0,0.0059072594,05,0.0059072594,False,0,0.0,0.6,0.1229536297,Normal
train,05_052,0,0.0038737715,05,0.0038737715,False,0,0.0,0.6,0.12193688575,Normal
train,05_052,0,0.0039368914,05,0.0039368914,False,0,0.0,0.6,0.1219684457,Normal
train,05_052,0,0.004606891,05,0.004606891,False,0,0.0,0.6,0.1223034455,Normal
train,05_052,0,0.005335588,05,0.005335588,False,0,0.0,0.6,0.122667794,Normal
train,05_052,0,0.0059275567,05,0.0059275567,False,0,0.0,0.6,0.12296377835,Normal
train,05_052,0,0.0073835514,05,0.0073835514,False,0,0.0,0.6,0.12369177569999999,Normal
train,05_052,0,0.013710947,05,0.013710947,False,0,0.0,0.6,0.12685547349999998,Normal
train,05_052,0,0.009351326,05,0.009351326,False,0,0.0,0.6,0.12467566299999999,Normal
train,05_052,0,0.008991372,05,0.008991372,False,0,0.0,0.6,0.124495686,Normal
train,05_052,0,0.017611846,05,0.017611846,False,0,0.0,0.6,0.128805923,Normal
train,05_052,0,0.030481206,05,0.030481206,False,0,0.0,0.6,0.135240603,Normal
train,05_052,0,0.023939954,05,0.023939954,False,0,0.0,0.6,0.131969977,Normal
train,05_052,0,0.006606562,05,0.006606562,False,0,0.0,0.6,0.123303281,Normal
train,05_052,0,0.007936199,05,0.007936199,False,0,0.0,0.6,0.1239680995,Normal
train,05_052,0,0.0050386516,05,0.0050386516,False,0,0.0,0.6,0.1225193258,Normal
train,05_053,0,0.0049126707,05,0.0049126707,False,0,0.0,0.6,0.12245633535,Normal
train,05_053,0,0.005678471,05,0.005678471,False,0,0.0,0.6,0.12283923549999999,Normal
train,05_053,0,0.00670904,05,0.00670904,False,0,0.0,0.6,0.12335452,Normal
train,05_053,0,0.0074385647,05,0.0074385647,False,0,0.0,0.6,0.12371928235,Normal
train,05_053,0,0.0057394695,05,0.0057394695,False,0,0.0,0.6,0.12286973475,Normal
train,05_053,0,0.012115364,05,0.012115364,False,0,0.0,0.6,0.126057682,Normal
train,05_053,0,0.005783357,05,0.005783357,False,0,0.0,0.6,0.12289167849999999,Normal
train,05_053,0,0.006180682,05,0.006180682,False,0,0.0,0.6,0.12309034099999999,Normal
train,05_053,0,0.006722123,05,0.006722123,False,0,0.0,0.6,0.1233610615,Normal
train,05_053,0,0.0059310584,05,0.0059310584,False,0,0.0,0.6,0.12296552919999999,Normal
train,05_053,0,0.004340034,05,0.004340034,False,0,0.0,0.6,0.12217001699999999,Normal
train,05_053,0,0.0051969057,05,0.0051969057,False,0,0.0,0.6,0.12259845285,Normal
train,05_053,0,0.006039099,05,0.006039099,False,0,0.0,0.6,0.12301954949999999,Normal
train,05_053,0,0.006956061,05,0.006956061,False,0,0.0,0.6,0.1234780305,Normal
train,05_053,0,0.010203187,05,0.010203187,False,0,0.0,0.6,0.1251015935,Normal
train,05_053,0,0.008391254,05,0.008391254,False,0,0.0,0.6,0.124195627,Normal
train,05_053,0,0.010094756,05,0.010094756,False,0,0.0,0.6,0.125047378,Normal
train,05_053,0,0.005282657,05,0.005282657,False,0,0.0,0.6,0.1226413285,Normal
train,05_053,0,0.0045333975,05,0.0045333975,False,0,0.0,0.6,0.12226669875,Normal
train,05_053,0,0.004734712,05,0.004734712,False,0,0.0,0.6,0.122367356,Normal
train,05_053,0,0.0053000087,05,0.0053000087,False,0,0.0,0.6,0.12265000435,Normal
train,05_053,0,0.005741946,05,0.005741946,False,0,0.0,0.6,0.122870973,Normal
train,05_054,0,0.0047223656,05,0.0047223656,False,0,0.0,0.6,0.1223611828,Normal
train,05_054,0,0.0058615473,05,0.0058615473,False,0,0.0,0.6,0.12293077364999999,Normal
train,05_054,0,0.006135093,05,0.006135093,False,0,0.0,0.6,0.1230675465,Normal
train,05_054,0,0.0069346763,05,0.0069346763,False,0,0.0,0.6,0.12346733815,Normal
train,05_054,0,0.0076082638,05,0.0076082638,False,0,0.0,0.6,0.12380413189999999,Normal
train,05_054,0,0.0081640985,05,0.0081640985,False,0,0.0,0.6,0.12408204924999999,Normal
train,05_054,0,0.0112329675,05,0.0112329675,False,0,0.0,0.6,0.12561648375,Normal
train,05_054,0,0.0051077795,05,0.0051077795,False,0,0.0,0.6,0.12255388974999999,Normal
train,05_054,0,0.0051569506,05,0.0051569506,False,0,0.0,0.6,0.12257847529999999,Normal
train,05_054,0,0.0054197777,05,0.0054197777,False,0,0.0,0.6,0.12270988884999999,Normal
train,05_054,0,0.0057564303,05,0.0057564303,False,0,0.0,0.6,0.12287821515,Normal
train,05_054,0,0.004874268,05,0.004874268,False,0,0.0,0.6,0.12243713399999999,Normal
train,05_054,0,0.0065260073,05,0.0065260073,False,0,0.0,0.6,0.12326300365,Normal
train,05_054,0,0.008008145,05,0.008008145,False,0,0.0,0.6,0.12400407249999999,Normal
train,05_054,0,0.00525832,05,0.00525832,False,0,0.0,0.6,0.12262916,Normal
train,05_054,0,0.006162987,05,0.006162987,False,0,0.0,0.6,0.1230814935,Normal
train,05_054,0,0.0042266096,05,0.0042266096,False,0,0.0,0.6,0.12211330479999999,Normal
train,05_054,0,0.0047692643,05,0.0047692643,False,0,0.0,0.6,0.12238463214999999,Normal
train,05_054,0,0.0052010813,05,0.0052010813,False,0,0.0,0.6,0.12260054064999999,Normal
train,05_054,0,0.005961874,05,0.005961874,False,0,0.0,0.6,0.122980937,Normal
train,05_054,0,0.011510547,05,0.011510547,False,0,0.0,0.6,0.1257552735,Normal
train,05_054,0,0.0065397727,05,0.0065397727,False,0,0.0,0.6,0.12326988635,Normal
train,05_055,0,0.005517617,05,0.005517617,False,0,0.0,0.6,0.1227588085,Normal
train,05_055,0,0.005001209,05,0.005001209,False,0,0.0,0.6,0.1225006045,Normal
train,05_055,0,0.0050607165,05,0.0050607165,False,0,0.0,0.6,0.12253035825,Normal
train,05_055,0,0.005827389,05,0.005827389,False,0,0.0,0.6,0.12291369449999999,Normal
train,05_055,0,0.011576812,05,0.011576812,False,0,0.0,0.6,0.125788406,Normal
train,05_055,0,0.007900778,05,0.007900778,False,0,0.0,0.6,0.123950389,Normal
train,05_055,0,0.0051848013,05,0.0051848013,False,0,0.0,0.6,0.12259240064999999,Normal
train,05_055,0,0.0051072803,05,0.0051072803,False,0,0.0,0.6,0.12255364014999999,Normal
train,05_055,0,0.004513361,05,0.004513361,False,0,0.0,0.6,0.12225668049999999,Normal
train,05_055,0,0.0049517765,05,0.0049517765,False,0,0.0,0.6,0.12247588825,Normal
train,05_055,0,0.004268289,05,0.004268289,False,0,0.0,0.6,0.1221341445,Normal
train,05_055,0,0.0047540492,05,0.0047540492,False,0,0.0,0.6,0.1223770246,Normal
train,05_055,0,0.008371851,05,0.008371851,False,0,0.0,0.6,0.12418592549999999,Normal
train,05_055,0,0.0061617284,05,0.0061617284,False,0,0.0,0.6,0.1230808642,Normal
train,05_055,0,0.0044480124,05,0.0044480124,False,0,0.0,0.6,0.1222240062,Normal
train,05_055,0,0.0046242056,05,0.0046242056,False,0,0.0,0.6,0.12231210279999999,Normal
train,05_055,0,0.0034695975,05,0.0034695975,False,0,0.0,0.6,0.12173479875,Normal
train,05_055,0,0.0036185533,05,0.0036185533,False,0,0.0,0.6,0.12180927664999999,Normal
train,05_055,0,0.004723253,05,0.004723253,False,0,0.0,0.6,0.1223616265,Normal
train,05_055,0,0.0048248516,05,0.0048248516,False,0,0.0,0.6,0.1224124258,Normal
train,05_055,0,0.006813827,05,0.006813827,False,0,0.0,0.6,0.12340691349999999,Normal
train,05_055,0,0.010281893,05,0.010281893,False,0,0.0,0.6,0.1251409465,Normal
train,05_056,0,0.006377518,05,0.006377518,False,0,0.0,0.6,0.123188759,Normal
train,05_056,0,0.009469849,05,0.009469849,False,0,0.0,0.6,0.1247349245,Normal
train,05_056,0,0.0074615823,05,0.0074615823,False,0,0.0,0.6,0.12373079114999999,Normal
train,05_056,0,0.00502014,05,0.00502014,False,0,0.0,0.6,0.12251007,Normal
train,05_056,0,0.0044849706,05,0.0044849706,False,0,0.0,0.6,0.1222424853,Normal
train,05_056,0,0.008870449,05,0.008870449,False,0,0.0,0.6,0.1244352245,Normal
train,05_056,0,0.009219439,05,0.009219439,False,0,0.0,0.6,0.1246097195,Normal
train,05_056,0,0.0039036109,05,0.0039036109,False,0,0.0,0.6,0.12195180544999999,Normal
train,05_056,0,0.003711842,05,0.003711842,False,0,0.0,0.6,0.12185592099999999,Normal
train,05_056,0,0.004049739,05,0.004049739,False,0,0.0,0.6,0.1220248695,Normal
train,05_056,0,0.0045388797,05,0.0045388797,False,0,0.0,0.6,0.12226943985,Normal
train,05_056,0,0.0047164867,05,0.0047164867,False,0,0.0,0.6,0.12235824334999999,Normal
train,05_056,0,0.0045044785,05,0.0045044785,False,0,0.0,0.6,0.12225223924999999,Normal
train,05_056,0,0.0038321358,05,0.0038321358,False,0,0.0,0.6,0.1219160679,Normal
train,05_056,0,0.0040233955,05,0.0040233955,False,0,0.0,0.6,0.12201169775,Normal
train,05_056,0,0.003948035,05,0.003948035,False,0,0.0,0.6,0.12197401749999999,Normal
train,05_056,0,0.0043012765,05,0.0043012765,False,0,0.0,0.6,0.12215063825,Normal
train,05_056,0,0.0038238806,05,0.0038238806,False,0,0.0,0.6,0.1219119403,Normal
train,05_056,0,0.0036767581,05,0.0036767581,False,0,0.0,0.6,0.12183837905,Normal
train,05_056,0,0.006008945,05,0.006008945,False,0,0.0,0.6,0.12300447249999999,Normal
train,05_056,0,0.0056623504,05,0.0056623504,False,0,0.0,0.6,0.12283117519999999,Normal
train,05_056,0,0.0056356792,05,0.0056356792,False,0,0.0,0.6,0.12281783959999999,Normal
train,05_057,0,0.0045049423,05,0.0045049423,False,0,0.0,0.6,0.12225247115,Normal
train,05_057,0,0.005363507,05,0.005363507,False,0,0.0,0.6,0.12268175349999999,Normal
train,05_057,0,0.00612537,05,0.00612537,False,0,0.0,0.6,0.12306268499999999,Normal
train,05_057,0,0.0055466755,05,0.0055466755,False,0,0.0,0.6,0.12277333774999999,Normal
train,05_057,0,0.004800397,05,0.004800397,False,0,0.0,0.6,0.1224001985,Normal
train,05_057,0,0.004767958,05,0.004767958,False,0,0.0,0.6,0.12238397899999999,Normal
train,05_057,0,0.008353843,05,0.008353843,False,0,0.0,0.6,0.1241769215,Normal
train,05_057,0,0.010491873,05,0.010491873,False,0,0.0,0.6,0.1252459365,Normal
train,05_057,0,0.006297704,05,0.006297704,False,0,0.0,0.6,0.12314885199999999,Normal
train,05_057,0,0.0067273844,05,0.0067273844,False,0,0.0,0.6,0.1233636922,Normal
train,05_057,0,0.0050639436,05,0.0050639436,False,0,0.0,0.6,0.1225319718,Normal
train,05_057,0,0.004838512,05,0.004838512,False,0,0.0,0.6,0.12241925599999999,Normal
train,05_057,0,0.004422838,05,0.004422838,False,0,0.0,0.6,0.122211419,Normal
train,05_057,0,0.0047016316,05,0.0047016316,False,0,0.0,0.6,0.1223508158,Normal
train,05_057,0,0.005614097,05,0.005614097,False,0,0.0,0.6,0.1228070485,Normal
train,05_057,0,0.004445268,05,0.004445268,False,0,0.0,0.6,0.122222634,Normal
train,05_057,0,0.0043986114,05,0.0043986114,False,0,0.0,0.6,0.1221993057,Normal
train,05_057,0,0.0043214494,05,0.0043214494,False,0,0.0,0.6,0.1221607247,Normal
train,05_057,0,0.0042832345,05,0.0042832345,False,0,0.0,0.6,0.12214161725,Normal
train,05_057,0,0.004437714,05,0.004437714,False,0,0.0,0.6,0.122218857,Normal
train,05_057,0,0.0060481615,05,0.0060481615,False,0,0.0,0.6,0.12302408075,Normal
train,05_057,0,0.0046263533,05,0.0046263533,False,0,0.0,0.6,0.12231317665,Normal
train,05_058,0,0.018343352,05,0.018343352,False,0,0.0,0.6,0.12917167599999999,Normal
train,05_058,0,0.011178295,05,0.011178295,False,0,0.0,0.6,0.1255891475,Normal
train,05_058,0,0.03611213,05,0.03611213,False,0,0.0,0.6,0.138056065,Normal
train,05_058,0,0.02104947,05,0.02104947,False,0,0.0,0.6,0.130524735,Normal
train,05_058,0,0.009701313,05,0.009701313,False,0,0.0,0.6,0.12485065649999999,Normal
train,05_058,0,0.017953996,05,0.017953996,False,0,0.0,0.6,0.128976998,Normal
train,05_058,0,0.035194796,05,0.035194796,False,0,0.0,0.6,0.13759739799999998,Normal
train,05_058,0,0.09500046,05,0.09500046,False,0,0.0,0.6,0.16750023,Normal
train,05_058,0,0.033199776,05,0.033199776,False,0,0.0,0.6,0.136599888,Normal
train,05_058,0,0.029521517,05,0.029521517,False,0,0.0,0.6,0.1347607585,Normal
train,05_058,0,0.009126784,05,0.009126784,False,0,0.0,0.6,0.124563392,Normal
train,05_058,0,0.0040384694,05,0.0040384694,False,0,0.0,0.6,0.12201923469999999,Normal
train,05_058,0,0.0040192665,05,0.0040192665,False,0,0.0,0.6,0.12200963325,Normal
train,05_058,0,0.0041599837,05,0.0041599837,False,0,0.0,0.6,0.12207999185,Normal
train,05_058,0,0.006933041,05,0.006933041,False,0,0.0,0.6,0.1234665205,Normal
train,05_058,0,0.0048346934,05,0.0048346934,False,0,0.0,0.6,0.1224173467,Normal
train,05_058,0,0.005918297,05,0.005918297,False,0,0.0,0.6,0.12295914849999999,Normal
train,05_058,0,0.007948681,05,0.007948681,False,0,0.0,0.6,0.1239743405,Normal
train,05_058,0,0.0059285336,05,0.0059285336,False,0,0.0,0.6,0.1229642668,Normal
train,05_058,0,0.00912093,05,0.00912093,False,0,0.0,0.6,0.124560465,Normal
train,05_058,0,0.009536929,05,0.009536929,False,0,0.0,0.6,0.1247684645,Normal
train,05_058,0,0.011078302,05,0.011078302,False,0,0.0,0.6,0.125539151,Normal
train,05_059,0,0.0045846757,05,0.0045846757,False,0,0.0,0.6,0.12229233785,Normal
train,05_059,0,0.003917655,05,0.003917655,False,0,0.0,0.6,0.12195882749999999,Normal
train,05_059,0,0.003975227,05,0.003975227,False,0,0.0,0.6,0.1219876135,Normal
train,05_059,0,0.004517956,05,0.004517956,False,0,0.0,0.6,0.12225897799999999,Normal
train,05_059,0,0.0052909316,05,0.0052909316,False,0,0.0,0.6,0.12264546579999999,Normal
train,05_059,0,0.006537227,05,0.006537227,False,0,0.0,0.6,0.1232686135,Normal
train,05_059,0,0.0066735344,05,0.0066735344,False,0,0.0,0.6,0.1233367672,Normal
train,05_059,0,0.0043266923,05,0.0043266923,False,0,0.0,0.6,0.12216334614999999,Normal
train,05_059,0,0.0051427768,05,0.0051427768,False,0,0.0,0.6,0.1225713884,Normal
train,05_059,0,0.011097742,05,0.011097742,False,0,0.0,0.6,0.125548871,Normal
train,05_059,0,0.011717309,05,0.011717309,False,0,0.0,0.6,0.1258586545,Normal
train,05_059,0,0.006952241,05,0.006952241,False,0,0.0,0.6,0.1234761205,Normal
train,05_059,0,0.0037399319,05,0.0037399319,False,0,0.0,0.6,0.12186996594999999,Normal
train,05_059,0,0.0059476686,05,0.0059476686,False,0,0.0,0.6,0.1229738343,Normal
train,05_059,0,0.0047323722,05,0.0047323722,False,0,0.0,0.6,0.1223661861,Normal
train,05_059,0,0.004234072,05,0.004234072,False,0,0.0,0.6,0.122117036,Normal
train,05_059,0,0.005703625,05,0.005703625,False,0,0.0,0.6,0.12285181249999999,Normal
train,05_059,0,0.006961293,05,0.006961293,False,0,0.0,0.6,0.1234806465,Normal
train,05_059,0,0.005104364,05,0.005104364,False,0,0.0,0.6,0.122552182,Normal
train,05_059,0,0.00930657,05,0.00930657,False,0,0.0,0.6,0.124653285,Normal
train,05_059,0,0.007839546,05,0.007839546,False,0,0.0,0.6,0.123919773,Normal
train,05_059,0,0.016353399,05,0.016353399,False,0,0.0,0.6,0.1281766995,Normal
train,05_060,0,0.0052882,05,0.0052882,False,0,0.0,0.6,0.12264409999999999,Normal
train,05_060,0,0.0049921223,05,0.0049921223,False,0,0.0,0.6,0.12249606115,Normal
train,05_060,0,0.004997765,05,0.004997765,False,0,0.0,0.6,0.12249888249999999,Normal
train,05_060,0,0.004678691,05,0.004678691,False,0,0.0,0.6,0.1223393455,Normal
train,05_060,0,0.006532874,05,0.006532874,False,0,0.0,0.6,0.12326643699999999,Normal
train,05_060,0,0.013437165,05,0.013437165,False,0,0.0,0.6,0.12671858249999998,Normal
train,05_060,0,0.025273202,05,0.025273202,False,0,0.0,0.6,0.132636601,Normal
train,05_060,0,0.008762858,05,0.008762858,False,0,0.0,0.6,0.124381429,Normal
train,05_060,0,0.01345318,05,0.01345318,False,0,0.0,0.6,0.12672659,Normal
train,05_060,0,0.014588713,05,0.014588713,False,0,0.0,0.6,0.12729435649999998,Normal
train,05_060,0,0.0083166985,05,0.0083166985,False,0,0.0,0.6,0.12415834925,Normal
train,05_060,0,0.015897915,05,0.015897915,False,0,0.0,0.6,0.1279489575,Normal
train,05_060,0,0.035113808,05,0.035113808,False,0,0.0,0.6,0.137556904,Normal
train,05_060,0,0.012738626,05,0.012738626,False,0,0.0,0.6,0.12636931299999998,Normal
train,05_060,0,0.0076002823,05,0.0076002823,False,0,0.0,0.6,0.12380014115,Normal
train,05_060,0,0.0065753222,05,0.0065753222,False,0,0.0,0.6,0.1232876611,Normal
train,05_060,0,0.008566685,05,0.008566685,False,0,0.0,0.6,0.12428334249999999,Normal
train,05_060,0,0.007016651,05,0.007016651,False,0,0.0,0.6,0.1235083255,Normal
train,05_060,0,0.012154147,05,0.012154147,False,0,0.0,0.6,0.1260770735,Normal
train,05_060,0,0.014928912,05,0.014928912,False,0,0.0,0.6,0.127464456,Normal
train,05_060,0,0.010606607,05,0.010606607,False,0,0.0,0.6,0.1253033035,Normal
train,05_060,0,0.012899108,05,0.012899108,False,0,0.0,0.6,0.126449554,Normal
train,05_060,0,0.008745343,05,0.008745343,False,0,0.0,0.6,0.12437267149999999,Normal
train,05_060,0,0.0073351697,05,0.0073351697,False,0,0.0,0.6,0.12366758485,Normal
train,05_060,0,0.004403755,05,0.004403755,False,0,0.0,0.6,0.1222018775,Normal
train,05_060,0,0.007628842,05,0.007628842,False,0,0.0,0.6,0.123814421,Normal
train,05_060,0,0.004558208,05,0.004558208,False,0,0.0,0.6,0.122279104,Normal
train,05_060,0,0.0061052307,05,0.0061052307,False,0,0.0,0.6,0.12305261534999999,Normal
train,05_060,0,0.0051637,05,0.0051637,False,0,0.0,0.6,0.12258184999999999,Normal
train,05_060,0,0.0036608202,05,0.0036608202,False,0,0.0,0.6,0.1218304101,Normal
train,05_060,0,0.004234649,05,0.004234649,False,0,0.0,0.6,0.1221173245,Normal
train,05_061,0,0.0053462414,05,0.0053462414,False,0,0.0,0.6,0.1226731207,Normal
train,05_061,0,0.0037204481,05,0.0037204481,False,0,0.0,0.6,0.12186022405,Normal
train,05_061,0,0.004705953,05,0.004705953,False,0,0.0,0.6,0.1223529765,Normal
train,05_061,0,0.0039105304,05,0.0039105304,False,0,0.0,0.6,0.1219552652,Normal
train,05_061,0,0.006732836,05,0.006732836,False,0,0.0,0.6,0.12336641799999999,Normal
train,05_061,0,0.011847108,05,0.011847108,False,0,0.0,0.6,0.125923554,Normal
train,05_061,0,0.00959399,05,0.00959399,False,0,0.0,0.6,0.124796995,Normal
train,05_061,0,0.0074470825,05,0.0074470825,False,0,0.0,0.6,0.12372354125,Normal
train,05_061,0,0.004462595,05,0.004462595,False,0,0.0,0.6,0.1222312975,Normal
train,05_061,0,0.0044909334,05,0.0044909334,False,0,0.0,0.6,0.1222454667,Normal
train,05_061,0,0.0044264887,05,0.0044264887,False,0,0.0,0.6,0.12221324435,Normal
train,05_061,0,0.0038122714,05,0.0038122714,False,0,0.0,0.6,0.1219061357,Normal
train,05_061,0,0.00503923,05,0.00503923,False,0,0.0,0.6,0.122519615,Normal
train,05_061,0,0.0076927305,05,0.0076927305,False,0,0.0,0.6,0.12384636524999999,Normal
train,05_061,0,0.02345162,05,0.02345162,False,0,0.0,0.6,0.13172581,Normal
train,05_061,0,0.0071822936,05,0.0071822936,False,0,0.0,0.6,0.1235911468,Normal
train,05_061,0,0.0033540253,05,0.0033540253,False,0,0.0,0.6,0.12167701265,Normal
train,05_061,0,0.005681143,05,0.005681143,False,0,0.0,0.6,0.1228405715,Normal
train,05_061,0,0.0055444613,05,0.0055444613,False,0,0.0,0.6,0.12277223065,Normal
train,05_061,0,0.0039923857,05,0.0039923857,False,0,0.0,0.6,0.12199619284999999,Normal
train,05_061,0,0.009398151,05,0.009398151,False,0,0.0,0.6,0.12469907549999999,Normal
train,05_061,0,0.009542682,05,0.009542682,False,0,0.0,0.6,0.124771341,Normal
train,05_061,0,0.007310511,05,0.007310511,False,0,0.0,0.6,0.12365525549999999,Normal
train,05_061,0,0.008058866,05,0.008058866,False,0,0.0,0.6,0.124029433,Normal
train,05_061,0,0.009119698,05,0.009119698,False,0,0.0,0.6,0.124559849,Normal
train,05_061,0,0.0038274352,05,0.0038274352,False,0,0.0,0.6,0.1219137176,Normal
train,05_061,0,0.0039913324,05,0.0039913324,False,0,0.0,0.6,0.12199566619999999,Normal
train,05_061,0,0.00475761,05,0.00475761,False,0,0.0,0.6,0.122378805,Normal
train,05_061,0,0.006129676,05,0.006129676,False,0,0.0,0.6,0.123064838,Normal
train,05_061,0,0.0052252836,05,0.0052252836,False,0,0.0,0.6,0.12261264179999999,Normal
train,05_061,0,0.00717009,05,0.00717009,False,0,0.0,0.6,0.12358504499999999,Normal
train,05_061,0,0.008994112,05,0.008994112,False,0,0.0,0.6,0.124497056,Normal
train,05_062,0,0.009077163,05,0.009077163,False,0,0.0,0.6,0.1245385815,Normal
train,05_062,0,0.0053547635,05,0.0053547635,False,0,0.0,0.6,0.12267738175,Normal
train,05_062,0,0.006844312,05,0.006844312,False,0,0.0,0.6,0.12342215599999999,Normal
train,05_062,0,0.00472348,05,0.00472348,False,0,0.0,0.6,0.12236174,Normal
train,05_062,0,0.015846163,05,0.015846163,False,0,0.0,0.6,0.1279230815,Normal
train,05_062,0,0.009828074,05,0.009828074,False,0,0.0,0.6,0.12491403699999999,Normal
train,05_062,0,0.0079625,05,0.0079625,False,0,0.0,0.6,0.12398125,Normal
train,05_062,0,0.0049556857,05,0.0049556857,False,0,0.0,0.6,0.12247784284999999,Normal
train,05_062,0,0.005848757,05,0.005848757,False,0,0.0,0.6,0.1229243785,Normal
train,05_062,0,0.0072414447,05,0.0072414447,False,0,0.0,0.6,0.12362072234999999,Normal
train,05_062,0,0.0068817143,05,0.0068817143,False,0,0.0,0.6,0.12344085715,Normal
train,05_062,0,0.0043963753,05,0.0043963753,False,0,0.0,0.6,0.12219818765,Normal
train,05_062,0,0.005342135,05,0.005342135,False,0,0.0,0.6,0.1226710675,Normal
train,05_062,0,0.004787368,05,0.004787368,False,0,0.0,0.6,0.122393684,Normal
train,05_062,0,0.018657267,05,0.018657267,False,0,0.0,0.6,0.12932863349999998,Normal
train,05_062,0,0.018442823,05,0.018442823,False,0,0.0,0.6,0.1292214115,Normal
train,05_062,0,0.011765739,05,0.011765739,False,0,0.0,0.6,0.1258828695,Normal
train,05_062,0,0.010110768,05,0.010110768,False,0,0.0,0.6,0.125055384,Normal
train,05_062,0,0.009662748,05,0.009662748,False,0,0.0,0.6,0.124831374,Normal
train,05_062,0,0.008051325,05,0.008051325,False,0,0.0,0.6,0.1240256625,Normal
train,05_062,0,0.0042780805,05,0.0042780805,False,0,0.0,0.6,0.12213904025,Normal
train,05_062,0,0.0042475304,05,0.0042475304,False,0,0.0,0.6,0.1221237652,Normal
train,05_062,0,0.006114665,05,0.006114665,False,0,0.0,0.6,0.12305733249999999,Normal
train,05_062,0,0.0075744377,05,0.0075744377,False,0,0.0,0.6,0.12378721884999999,Normal
train,05_062,0,0.0053849276,05,0.0053849276,False,0,0.0,0.6,0.1226924638,Normal
train,05_062,0,0.0065555605,05,0.0065555605,False,0,0.0,0.6,0.12327778025,Normal
train,05_062,0,0.007877944,05,0.007877944,False,0,0.0,0.6,0.123938972,Normal
train,05_062,0,0.017514259,05,0.017514259,False,0,0.0,0.6,0.12875712949999998,Normal
train,05_062,0,0.020685555,05,0.020685555,False,0,0.0,0.6,0.1303427775,Normal
train,05_062,0,0.019354787,05,0.019354787,False,0,0.0,0.6,0.1296773935,Normal
train,05_062,0,0.008760762,05,0.008760762,False,0,0.0,0.6,0.124380381,Normal
train,05_062,0,0.0053482354,05,0.0053482354,False,0,0.0,0.6,0.1226741177,Normal
train,05_063,0,0.0036141358,05,0.0036141358,False,0,0.0,0.6,0.1218070679,Normal
train,05_063,0,0.005128237,05,0.005128237,False,0,0.0,0.6,0.1225641185,Normal
train,05_063,0,0.008574169,05,0.008574169,False,0,0.0,0.6,0.12428708449999999,Normal
train,05_063,0,0.008815032,05,0.008815032,False,0,0.0,0.6,0.124407516,Normal
train,05_063,0,0.0053841923,05,0.0053841923,False,0,0.0,0.6,0.12269209615,Normal
train,05_063,0,0.003345744,05,0.003345744,False,0,0.0,0.6,0.121672872,Normal
train,05_063,0,0.0037808104,05,0.0037808104,False,0,0.0,0.6,0.1218904052,Normal
train,05_063,0,0.003976732,05,0.003976732,False,0,0.0,0.6,0.121988366,Normal
train,05_063,0,0.004559244,05,0.004559244,False,0,0.0,0.6,0.12227962199999999,Normal
train,05_063,0,0.0050097164,05,0.0050097164,False,0,0.0,0.6,0.1225048582,Normal
train,05_063,0,0.0054300968,05,0.0054300968,False,0,0.0,0.6,0.1227150484,Normal
train,05_063,0,0.01692494,05,0.01692494,False,0,0.0,0.6,0.12846247,Normal
train,05_063,0,0.00662268,05,0.00662268,False,0,0.0,0.6,0.12331133999999999,Normal
train,05_063,0,0.006842482,05,0.006842482,False,0,0.0,0.6,0.123421241,Normal
train,05_063,0,0.010107428,05,0.010107428,False,0,0.0,0.6,0.12505371399999998,Normal
train,05_063,0,0.0069053653,05,0.0069053653,False,0,0.0,0.6,0.12345268264999999,Normal
train,05_063,0,0.0074080476,05,0.0074080476,False,0,0.0,0.6,0.1237040238,Normal
train,05_063,0,0.0070863497,05,0.0070863497,False,0,0.0,0.6,0.12354317484999999,Normal
train,05_063,0,0.00619157,05,0.00619157,False,0,0.0,0.6,0.123095785,Normal
train,05_063,0,0.00856239,05,0.00856239,False,0,0.0,0.6,0.124281195,Normal
train,05_063,0,0.030173492,05,0.030173492,False,0,0.0,0.6,0.135086746,Normal
train,05_063,0,0.008056548,05,0.008056548,False,0,0.0,0.6,0.124028274,Normal
train,05_063,0,0.007871998,05,0.007871998,False,0,0.0,0.6,0.12393599899999999,Normal
train,05_063,0,0.008140871,05,0.008140871,False,0,0.0,0.6,0.12407043549999999,Normal
train,05_063,0,0.009477562,05,0.009477562,False,0,0.0,0.6,0.12473878099999999,Normal
train,05_063,0,0.0062605455,05,0.0062605455,False,0,0.0,0.6,0.12313027274999999,Normal
train,05_063,0,0.0043302644,05,0.0043302644,False,0,0.0,0.6,0.1221651322,Normal
train,05_063,0,0.006737895,05,0.006737895,False,0,0.0,0.6,0.12336894749999999,Normal
train,05_063,0,0.0039507602,05,0.0039507602,False,0,0.0,0.6,0.1219753801,Normal
train,05_063,0,0.004255294,05,0.004255294,False,0,0.0,0.6,0.12212764699999999,Normal
train,05_063,0,0.004009151,05,0.004009151,False,0,0.0,0.6,0.12200457549999999,Normal
train,05_063,0,0.003908887,05,0.003908887,False,0,0.0,0.6,0.1219544435,Normal
train,05_063,0,0.0044436436,05,0.0044436436,False,0,0.0,0.6,0.12222182179999999,Normal
train,05_063,0,0.0041412967,05,0.0041412967,False,0,0.0,0.6,0.12207064834999999,Normal
train,05_063,0,0.008668373,05,0.008668373,False,0,0.0,0.6,0.1243341865,Normal
train,05_063,0,0.02431147,05,0.02431147,False,0,0.0,0.6,0.132155735,Normal
train,05_063,0,0.008063635,05,0.008063635,False,0,0.0,0.6,0.1240318175,Normal
train,05_063,0,0.0070157475,05,0.0070157475,False,0,0.0,0.6,0.12350787375,Normal
test,05_064,0,0.005228045,05,0.005228045,False,0,0.0,0.6,0.12261402249999999,Normal
test,05_064,0,0.005044837,05,0.005044837,False,0,0.0,0.6,0.1225224185,Normal
test,05_064,0,0.0044056983,05,0.0044056983,False,0,0.0,0.6,0.12220284915,Normal
test,05_064,0,0.0036247256,05,0.0036247256,False,0,0.0,0.6,0.12181236279999999,Normal
test,05_064,0,0.0036852262,05,0.0036852262,False,0,0.0,0.6,0.1218426131,Normal
test,05_064,0,0.0037837622,05,0.0037837622,False,0,0.0,0.6,0.1218918811,Normal
test,05_064,0,0.0044210497,05,0.0044210497,False,0,0.0,0.6,0.12221052485,Normal
test,05_064,0,0.003630815,05,0.003630815,False,0,0.0,0.6,0.1218154075,Normal
test,05_064,0,0.0038883311,05,0.0038883311,False,0,0.0,0.6,0.12194416555,Normal
test,05_064,0,0.0042746454,05,0.0042746454,False,0,0.0,0.6,0.1221373227,Normal
test,05_064,0,0.0041981633,05,0.0041981633,False,0,0.0,0.6,0.12209908165,Normal
test,05_064,0,0.0043040323,05,0.0043040323,False,0,0.0,0.6,0.12215201615,Normal
test,05_064,0,0.004275715,05,0.004275715,False,0,0.0,0.6,0.1221378575,Normal
test,05_064,0,0.0047348877,05,0.0047348877,False,0,0.0,0.6,0.12236744385,Normal
test,05_065,0,0.007891444,05,0.007891444,False,0,0.0,0.6,0.123945722,Normal
test,05_065,0,0.005930693,05,0.005930693,False,0,0.0,0.6,0.12296534649999999,Normal
test,05_065,0,0.0073305913,05,0.0073305913,False,0,0.0,0.6,0.12366529564999999,Normal
test,05_065,0,0.0077611753,05,0.0077611753,False,0,0.0,0.6,0.12388058765,Normal
test,05_065,0,0.009037448,05,0.009037448,False,0,0.0,0.6,0.124518724,Normal
test,05_065,0,0.009810207,05,0.009810207,False,0,0.0,0.6,0.12490510349999999,Normal
test,05_065,0,0.0070153954,05,0.0070153954,False,0,0.0,0.6,0.1235076977,Normal
test,05_065,0,0.0050637615,05,0.0050637615,False,0,0.0,0.6,0.12253188074999999,Normal
test,05_065,0,0.0048090387,05,0.0048090387,False,0,0.0,0.6,0.12240451934999999,Normal
test,05_065,0,0.004915261,05,0.004915261,False,0,0.0,0.6,0.1224576305,Normal
test,05_065,0,0.0056092734,05,0.0056092734,False,0,0.0,0.6,0.1228046367,Normal
test,05_065,0,0.0092541175,05,0.0092541175,False,0,0.0,0.6,0.12462705874999999,Normal
test,05_065,0,0.013652499,05,0.013652499,False,0,0.0,0.6,0.1268262495,Normal
test,05_065,0,0.01336154,05,0.01336154,False,0,0.0,0.6,0.12668077,Normal
test,05_065,0,0.005585574,05,0.005585574,False,0,0.0,0.6,0.122792787,Normal
test,05_065,0,0.009072884,05,0.009072884,False,0,0.0,0.6,0.124536442,Normal
test,05_065,0,0.0065006353,05,0.0065006353,False,0,0.0,0.6,0.12325031765,Normal
test,05_065,0,0.006872182,05,0.006872182,False,0,0.0,0.6,0.123436091,Normal
test,05_065,0,0.0054513863,05,0.0054513863,False,0,0.0,0.6,0.12272569315,Normal
test,05_065,0,0.006205717,05,0.006205717,False,0,0.0,0.6,0.1231028585,Normal
test,05_065,0,0.010275942,05,0.010275942,False,0,0.0,0.6,0.125137971,Normal
test,05_065,0,0.005730545,05,0.005730545,False,0,0.0,0.6,0.1228652725,Normal
test,05_065,0,0.0051507745,05,0.0051507745,False,0,0.0,0.6,0.12257538725,Normal
test,05_065,0,0.004243334,05,0.004243334,False,0,0.0,0.6,0.12212166699999999,Normal
test,05_065,0,0.0051615075,05,0.0051615075,False,0,0.0,0.6,0.12258075375,Normal
test,05_065,0,0.008878095,05,0.008878095,False,0,0.0,0.6,0.1244390475,Normal
test,05_065,0,0.0058261678,05,0.0058261678,False,0,0.0,0.6,0.1229130839,Normal
test,05_065,0,0.006095465,05,0.006095465,False,0,0.0,0.6,0.12304773249999999,Normal
test,05_065,0,0.0050123367,05,0.0050123367,False,0,0.0,0.6,0.12250616835,Normal
test,05_065,0,0.005740369,05,0.005740369,False,0,0.0,0.6,0.1228701845,Normal
test,05_065,0,0.0049138716,05,0.0049138716,False,0,0.0,0.6,0.1224569358,Normal
val,05_066,0,0.00540183,05,0.00540183,False,0,0.0,0.6,0.122700915,Normal
val,05_066,0,0.0056330343,05,0.0056330343,False,0,0.0,0.6,0.12281651715,Normal
val,05_066,0,0.0055826036,05,0.0055826036,False,0,0.0,0.6,0.1227913018,Normal
val,05_066,0,0.0061309957,05,0.0061309957,False,0,0.0,0.6,0.12306549785,Normal
val,05_066,0,0.006422218,05,0.006422218,False,0,0.0,0.6,0.123211109,Normal
val,05_066,0,0.0071883476,05,0.0071883476,False,0,0.0,0.6,0.1235941738,Normal
val,05_066,0,0.009303827,05,0.009303827,False,0,0.0,0.6,0.12465191349999999,Normal
val,05_066,0,0.011420568,05,0.011420568,False,0,0.0,0.6,0.125710284,Normal
val,05_066,0,0.013668183,05,0.013668183,False,0,0.0,0.6,0.1268340915,Normal
val,05_066,0,0.009198929,05,0.009198929,False,0,0.0,0.6,0.12459946449999999,Normal
val,05_066,0,0.009136301,05,0.009136301,False,0,0.0,0.6,0.1245681505,Normal
val,05_066,0,0.006637647,05,0.006637647,False,0,0.0,0.6,0.1233188235,Normal
val,05_066,0,0.007983862,05,0.007983862,False,0,0.0,0.6,0.123991931,Normal
val,05_066,0,0.006730431,05,0.006730431,False,0,0.0,0.6,0.1233652155,Normal
val,05_066,0,0.0061943666,05,0.0061943666,False,0,0.0,0.6,0.1230971833,Normal
val,05_066,0,0.0060410597,05,0.0060410597,False,0,0.0,0.6,0.12302052984999999,Normal
val,05_066,0,0.007576757,05,0.007576757,False,0,0.0,0.6,0.12378837849999999,Normal
val,05_066,0,0.009520278,05,0.009520278,False,0,0.0,0.6,0.12476013899999999,Normal
val,05_066,0,0.032196462,05,0.032196462,False,0,0.0,0.6,0.136098231,Normal
val,05_066,0,0.26573157,05,0.26573157,False,0,0.0,0.6,0.252865785,Normal
val,05_066,0,0.07243126,05,0.07243126,False,0,0.0,0.6,0.15621563,Normal
val,06_001,0,0.036140908,06,0.036140908,False,0,0.0,0.6,0.138070454,Normal
val,06_001,0,0.10116806,06,0.10116806,False,0,0.0,0.6,0.17058403,Normal
val,06_001,0,0.026927095,06,0.026927095,False,0,0.0,0.6,0.1334635475,Normal
val,06_001,0,0.05133985,06,0.05133985,False,0,0.0,0.6,0.145669925,Normal
val,06_001,0,0.044625517,06,0.044625517,False,0,0.0,0.6,0.1423127585,Normal
val,06_001,0,0.011125543,06,0.011125543,False,0,0.0,0.6,0.1255627715,Normal
val,06_001,0,0.0061981636,06,0.0061981636,False,0,0.0,0.6,0.1230990818,Normal
val,06_001,0,0.0068374122,06,0.0068374122,False,0,0.0,0.6,0.1234187061,Normal
val,06_001,0,0.00619452,06,0.00619452,False,0,0.0,0.6,0.12309726,Normal
val,06_001,0,0.0054199803,06,0.0054199803,False,0,0.0,0.6,0.12270999014999999,Normal
val,06_001,0,0.0050017056,06,0.0050017056,False,0,0.0,0.6,0.12250085279999999,Normal
val,06_001,0,0.0056988727,06,0.0056988727,False,0,0.0,0.6,0.12284943635,Normal
val,06_001,0,0.005585317,06,0.005585317,False,0,0.0,0.6,0.1227926585,Normal
val,06_001,0,0.006393447,06,0.006393447,False,0,0.0,0.6,0.1231967235,Normal
val,06_001,0,0.0066419803,06,0.0066419803,False,0,0.0,0.6,0.12332099014999999,Normal
val,06_001,0,0.008376911,06,0.008376911,False,0,0.0,0.6,0.12418845549999999,Normal
val,06_001,0,0.008454768,06,0.008454768,False,0,0.0,0.6,0.124227384,Normal
val,06_001,0,0.008820109,06,0.008820109,False,0,0.0,0.6,0.12441005449999999,Normal
val,06_001,0,0.012331151,06,0.012331151,False,0,0.0,0.6,0.1261655755,Normal
val,06_001,0,0.0113770645,06,0.0113770645,False,0,0.0,0.6,0.12568853224999998,Normal
val,06_001,0,0.007526664,06,0.007526664,False,0,0.0,0.6,0.12376333199999999,Normal
val,06_001,0,0.010671135,06,0.010671135,False,0,0.0,0.6,0.1253355675,Normal
test,06_002,0,0.005908598,06,0.005908598,False,0,0.0,0.6,0.12295429899999999,Normal
test,06_002,0,0.005931041,06,0.005931041,False,0,0.0,0.6,0.1229655205,Normal
test,06_002,0,0.008241011,06,0.008241011,False,0,0.0,0.6,0.12412050549999999,Normal
test,06_002,0,0.011660761,06,0.011660761,False,0,0.0,0.6,0.1258303805,Normal
test,06_002,0,0.011269112,06,0.011269112,False,0,0.0,0.6,0.125634556,Normal
test,06_002,0,0.011983926,06,0.011983926,False,0,0.0,0.6,0.12599196299999998,Normal
test,06_002,0,0.04217601,06,0.04217601,False,0,0.0,0.6,0.141088005,Normal
test,06_002,0,0.16864786,06,0.16864786,False,0,0.0,0.6,0.20432393,Normal
test,06_002,0,0.32309017,06,0.32309017,False,0,0.0,0.6,0.281545085,Normal
test,06_002,0,0.087311916,06,0.087311916,False,0,0.0,0.6,0.163655958,Normal
test,06_002,0,0.027532758,06,0.027532758,False,0,0.0,0.6,0.133766379,Normal
test,06_002,0,0.021614708,06,0.021614708,False,0,0.0,0.6,0.130807354,Normal
test,06_002,0,0.017881911,06,0.017881911,False,0,0.0,0.6,0.1289409555,Normal
test,06_002,0,0.009366738,06,0.009366738,False,0,0.0,0.6,0.12468336899999999,Normal
test,06_002,0,0.00812643,06,0.00812643,False,0,0.0,0.6,0.12406321499999999,Normal
test,06_002,0,0.0069472776,06,0.0069472776,False,0,0.0,0.6,0.1234736388,Normal
test,06_002,0,0.0062957196,06,0.0062957196,False,0,0.0,0.6,0.1231478598,Normal
test,06_002,0,0.0066229613,06,0.0066229613,False,0,0.0,0.6,0.12331148065,Normal
test,06_002,0,0.006586931,06,0.006586931,False,0,0.0,0.6,0.12329346549999999,Normal
test,06_002,0,0.0064709964,06,0.0064709964,False,0,0.0,0.6,0.1232354982,Normal
test,06_002,0,0.0067952788,06,0.0067952788,False,0,0.0,0.6,0.1233976394,Normal
test,06_002,0,0.0067041614,06,0.0067041614,False,0,0.0,0.6,0.12335208069999999,Normal
train,06_003,0,0.006565969,06,0.006565969,False,0,0.0,0.6,0.1232829845,Normal
train,06_003,0,0.007434141,06,0.007434141,False,0,0.0,0.6,0.1237170705,Normal
train,06_003,0,0.008176282,06,0.008176282,False,0,0.0,0.6,0.124088141,Normal
train,06_003,0,0.0067821126,06,0.0067821126,False,0,0.0,0.6,0.1233910563,Normal
train,06_003,0,0.006497694,06,0.006497694,False,0,0.0,0.6,0.123248847,Normal
train,06_003,0,0.010546184,06,0.010546184,False,0,0.0,0.6,0.125273092,Normal
train,06_003,0,0.014861555,06,0.014861555,False,0,0.0,0.6,0.1274307775,Normal
train,06_003,0,0.018868117,06,0.018868117,False,0,0.0,0.6,0.1294340585,Normal
train,06_003,0,0.016579177,06,0.016579177,False,0,0.0,0.6,0.1282895885,Normal
train,06_003,0,0.00782425,06,0.00782425,False,0,0.0,0.6,0.123912125,Normal
train,06_003,0,0.0056753084,06,0.0056753084,False,0,0.0,0.6,0.1228376542,Normal
train,06_003,0,0.006699752,06,0.006699752,False,0,0.0,0.6,0.123349876,Normal
train,06_003,0,0.006434955,06,0.006434955,False,0,0.0,0.6,0.12321747749999999,Normal
train,06_003,0,0.006916337,06,0.006916337,False,0,0.0,0.6,0.12345816849999999,Normal
train,06_003,0,0.0067036063,06,0.0067036063,False,0,0.0,0.6,0.12335180315,Normal
train,06_003,0,0.016828094,06,0.016828094,False,0,0.0,0.6,0.128414047,Normal
train,06_003,0,0.02567157,06,0.02567157,False,0,0.0,0.6,0.13283578499999998,Normal
train,06_003,0,0.014715803,06,0.014715803,False,0,0.0,0.6,0.12735790149999998,Normal
train,06_003,0,0.00984458,06,0.00984458,False,0,0.0,0.6,0.12492228999999999,Normal
train,06_003,0,0.007162626,06,0.007162626,False,0,0.0,0.6,0.123581313,Normal
train,06_003,0,0.00908955,06,0.00908955,False,0,0.0,0.6,0.124544775,Normal
train,06_003,0,0.008508237,06,0.008508237,False,0,0.0,0.6,0.1242541185,Normal
train,06_003,0,0.0073725437,06,0.0073725437,False,0,0.0,0.6,0.12368627185,Normal
train,06_003,0,0.008903596,06,0.008903596,False,0,0.0,0.6,0.124451798,Normal
train,06_003,0,0.009490638,06,0.009490638,False,0,0.0,0.6,0.124745319,Normal
train,06_003,0,0.02218667,06,0.02218667,False,0,0.0,0.6,0.131093335,Normal
train,06_003,0,0.056142833,06,0.056142833,False,0,0.0,0.6,0.1480714165,Normal
train,06_003,0,0.028956365,06,0.028956365,False,0,0.0,0.6,0.1344781825,Normal
train,06_003,0,0.050551586,06,0.050551586,False,0,0.0,0.6,0.145275793,Normal
train,06_003,0,0.19881964,06,0.19881964,False,0,0.0,0.6,0.21940981999999998,Normal
train,06_003,0,0.27106795,06,0.27106795,False,0,0.0,0.6,0.25553397499999997,Normal
train,06_004,0,0.017911488,06,0.017911488,False,0,0.0,0.6,0.12895574399999998,Normal
train,06_004,0,0.071845375,06,0.071845375,False,0,0.0,0.6,0.1559226875,Normal
train,06_004,0,0.13416347,06,0.13416347,False,0,0.0,0.6,0.187081735,Normal
train,06_004,0,0.27463073,06,0.27463073,False,0,0.0,0.6,0.25731536499999996,Normal
train,06_004,0,0.6708804,06,0.6708804,True,1,0.2,0.6,0.5154402,Low
train,06_004,0,0.85513705,06,0.85513705,True,2,0.4,0.6,0.667568525,Low
train,06_004,0,0.7014683,06,0.7014683,True,3,0.6,0.6,0.65073415,Low
train,06_004,0,0.61222416,06,0.61222416,True,4,0.8,0.6,0.66611208,Low
train,06_004,0,0.20545644,06,0.20545644,False,0,0.0,0.6,0.22272821999999998,Normal
train,06_004,0,0.026927292,06,0.026927292,False,0,0.0,0.6,0.133463646,Normal
train,06_004,0,0.011954676,06,0.011954676,False,0,0.0,0.6,0.125977338,Normal
train,06_004,0,0.016857505,06,0.016857505,False,0,0.0,0.6,0.1284287525,Normal
train,06_004,0,0.1465076,06,0.1465076,False,0,0.0,0.6,0.19325379999999998,Normal
train,06_005,0,0.041321244,06,0.041321244,False,0,0.0,0.6,0.14066062199999999,Normal
train,06_005,0,0.04306935,06,0.04306935,False,0,0.0,0.6,0.141534675,Normal
train,06_005,0,0.02320048,06,0.02320048,False,0,0.0,0.6,0.13160024,Normal
train,06_005,0,0.019270733,06,0.019270733,False,0,0.0,0.6,0.1296353665,Normal
train,06_005,0,0.015214613,06,0.015214613,False,0,0.0,0.6,0.1276073065,Normal
train,06_005,0,0.01747121,06,0.01747121,False,0,0.0,0.6,0.128735605,Normal
train,06_005,0,0.0131726,06,0.0131726,False,0,0.0,0.6,0.12658629999999998,Normal
train,06_005,0,0.011016579,06,0.011016579,False,0,0.0,0.6,0.1255082895,Normal
train,06_005,0,0.009687677,06,0.009687677,False,0,0.0,0.6,0.1248438385,Normal
train,06_005,0,0.00883842,06,0.00883842,False,0,0.0,0.6,0.12441921,Normal
train,06_005,0,0.0077144844,06,0.0077144844,False,0,0.0,0.6,0.1238572422,Normal
train,06_005,0,0.008417888,06,0.008417888,False,0,0.0,0.6,0.124208944,Normal
train,06_005,0,0.008051009,06,0.008051009,False,0,0.0,0.6,0.1240255045,Normal
train,06_005,0,0.0076788785,06,0.0076788785,False,0,0.0,0.6,0.12383943924999999,Normal
train,06_005,0,0.010382807,06,0.010382807,False,0,0.0,0.6,0.1251914035,Normal
train,06_005,0,0.011127222,06,0.011127222,False,0,0.0,0.6,0.125563611,Normal
train,06_005,0,0.021093464,06,0.021093464,False,0,0.0,0.6,0.130546732,Normal
train,06_005,0,0.023160197,06,0.023160197,False,0,0.0,0.6,0.1315800985,Normal
train,06_005,0,0.022193043,06,0.022193043,False,0,0.0,0.6,0.1310965215,Normal
train,06_005,0,0.012014328,06,0.012014328,False,0,0.0,0.6,0.126007164,Normal
train,06_005,0,0.011348578,06,0.011348578,False,0,0.0,0.6,0.125674289,Normal
train,06_006,0,0.0089450115,06,0.0089450115,False,0,0.0,0.6,0.12447250574999999,Normal
train,06_006,0,0.007726539,06,0.007726539,False,0,0.0,0.6,0.1238632695,Normal
train,06_006,0,0.007409334,06,0.007409334,False,0,0.0,0.6,0.12370466699999999,Normal
train,06_006,0,0.0074311467,06,0.0074311467,False,0,0.0,0.6,0.12371557335,Normal
train,06_006,0,0.00824227,06,0.00824227,False,0,0.0,0.6,0.124121135,Normal
train,06_006,0,0.00840344,06,0.00840344,False,0,0.0,0.6,0.12420172,Normal
train,06_006,0,0.0069661993,06,0.0069661993,False,0,0.0,0.6,0.12348309965,Normal
train,06_006,0,0.008489504,06,0.008489504,False,0,0.0,0.6,0.124244752,Normal
train,06_006,0,0.00859645,06,0.00859645,False,0,0.0,0.6,0.124298225,Normal
train,06_006,0,0.009876937,06,0.009876937,False,0,0.0,0.6,0.1249384685,Normal
train,06_006,0,0.009735221,06,0.009735221,False,0,0.0,0.6,0.12486761049999999,Normal
train,06_006,0,0.010281039,06,0.010281039,False,0,0.0,0.6,0.1251405195,Normal
train,06_006,0,0.0096566,06,0.0096566,False,0,0.0,0.6,0.12482829999999999,Normal
train,06_006,0,0.008576172,06,0.008576172,False,0,0.0,0.6,0.12428808599999999,Normal
train,06_006,0,0.007444989,06,0.007444989,False,0,0.0,0.6,0.1237224945,Normal
train,06_006,0,0.010092473,06,0.010092473,False,0,0.0,0.6,0.1250462365,Normal
train,06_006,0,0.008447217,06,0.008447217,False,0,0.0,0.6,0.1242236085,Normal
train,06_006,0,0.008607309,06,0.008607309,False,0,0.0,0.6,0.1243036545,Normal
train,06_006,0,0.018139467,06,0.018139467,False,0,0.0,0.6,0.1290697335,Normal
train,06_006,0,0.059408285,06,0.059408285,False,0,0.0,0.6,0.1497041425,Normal
train,06_006,0,0.0573387,06,0.0573387,False,0,0.0,0.6,0.14866935,Normal
train,06_007,0,0.030746665,06,0.030746665,False,0,0.0,0.6,0.1353733325,Normal
train,06_007,0,0.02196804,06,0.02196804,False,0,0.0,0.6,0.13098402,Normal
train,06_007,0,0.03235514,06,0.03235514,False,0,0.0,0.6,0.13617757,Normal
train,06_007,0,0.066254005,06,0.066254005,False,0,0.0,0.6,0.1531270025,Normal
train,06_007,0,0.10709203,06,0.10709203,False,0,0.0,0.6,0.173546015,Normal
train,06_007,0,0.09962122,06,0.09962122,False,0,0.0,0.6,0.16981061,Normal
train,06_007,0,0.20815378,06,0.20815378,False,0,0.0,0.6,0.22407689,Normal
train,06_007,0,0.08354651,06,0.08354651,False,0,0.0,0.6,0.161773255,Normal
train,06_007,0,0.08299694,06,0.08299694,False,0,0.0,0.6,0.16149847,Normal
train,06_007,0,0.4521552,06,0.4521552,False,0,0.0,0.6,0.3460776,Normal
train,06_007,0,0.32862243,06,0.32862243,False,0,0.0,0.6,0.284311215,Normal
train,06_007,0,0.05053519,06,0.05053519,False,0,0.0,0.6,0.145267595,Normal
train,06_007,0,0.008036205,06,0.008036205,False,0,0.0,0.6,0.12401810249999999,Normal
train,06_007,0,0.009328366,06,0.009328366,False,0,0.0,0.6,0.124664183,Normal
train,06_007,0,0.010006332,06,0.010006332,False,0,0.0,0.6,0.125003166,Normal
train,06_007,0,0.008488903,06,0.008488903,False,0,0.0,0.6,0.12424445149999999,Normal
train,06_007,0,0.007888066,06,0.007888066,False,0,0.0,0.6,0.123944033,Normal
train,06_007,0,0.008016524,06,0.008016524,False,0,0.0,0.6,0.124008262,Normal
train,06_007,0,0.0091012,06,0.0091012,False,0,0.0,0.6,0.1245506,Normal
train,06_007,0,0.00832789,06,0.00832789,False,0,0.0,0.6,0.124163945,Normal
train,06_007,0,0.009639113,06,0.009639113,False,0,0.0,0.6,0.1248195565,Normal
train,06_008,0,0.5068104,06,0.5068104,True,1,0.2,0.6,0.4334052,Low
train,06_008,0,0.12852412,06,0.12852412,False,0,0.0,0.6,0.18426206,Normal
train,06_008,0,0.04548253,06,0.04548253,False,0,0.0,0.6,0.142741265,Normal
train,06_008,0,0.05020297,06,0.05020297,False,0,0.0,0.6,0.145101485,Normal
train,06_008,0,0.12831715,06,0.12831715,False,0,0.0,0.6,0.184158575,Normal
train,06_008,0,0.22351742,06,0.22351742,False,0,0.0,0.6,0.23175870999999998,Normal
train,06_008,0,0.083753176,06,0.083753176,False,0,0.0,0.6,0.161876588,Normal
train,06_008,0,0.026910145,06,0.026910145,False,0,0.0,0.6,0.1334550725,Normal
train,06_008,0,0.014815166,06,0.014815166,False,0,0.0,0.6,0.127407583,Normal
train,06_008,0,0.012638877,06,0.012638877,False,0,0.0,0.6,0.1263194385,Normal
train,06_008,0,0.009028109,06,0.009028109,False,0,0.0,0.6,0.1245140545,Normal
train,06_008,0,0.009953472,06,0.009953472,False,0,0.0,0.6,0.12497673599999999,Normal
train,06_008,0,0.011204545,06,0.011204545,False,0,0.0,0.6,0.1256022725,Normal
train,06_008,0,0.012647455,06,0.012647455,False,0,0.0,0.6,0.12632372749999998,Normal
train,06_008,0,0.016310157,06,0.016310157,False,0,0.0,0.6,0.1281550785,Normal
train,06_008,0,0.02658139,06,0.02658139,False,0,0.0,0.6,0.133290695,Normal
train,06_008,0,0.027847223,06,0.027847223,False,0,0.0,0.6,0.13392361149999998,Normal
train,06_008,0,0.018242907,06,0.018242907,False,0,0.0,0.6,0.12912145349999998,Normal
train,06_008,0,0.030076945,06,0.030076945,False,0,0.0,0.6,0.1350384725,Normal
train,06_008,0,0.028956352,06,0.028956352,False,0,0.0,0.6,0.134478176,Normal
train,06_008,0,0.051675156,06,0.051675156,False,0,0.0,0.6,0.145837578,Normal
train,06_008,0,0.015483318,06,0.015483318,False,0,0.0,0.6,0.127741659,Normal
train,06_008,0,0.008695189,06,0.008695189,False,0,0.0,0.6,0.12434759449999999,Normal
train,06_008,0,0.0072590183,06,0.0072590183,False,0,0.0,0.6,0.12362950915,Normal
train,06_008,0,0.007299135,06,0.007299135,False,0,0.0,0.6,0.1236495675,Normal
train,06_008,0,0.011217015,06,0.011217015,False,0,0.0,0.6,0.1256085075,Normal
train,06_008,0,0.010333769,06,0.010333769,False,0,0.0,0.6,0.1251668845,Normal
train,06_008,0,0.024422813,06,0.024422813,False,0,0.0,0.6,0.1322114065,Normal
train,06_008,0,0.033368617,06,0.033368617,False,0,0.0,0.6,0.1366843085,Normal
train,06_008,0,0.25665385,06,0.25665385,False,0,0.0,0.6,0.248326925,Normal
train,06_008,0,0.29538,06,0.29538,False,0,0.0,0.6,0.26769,Normal
train,06_008,0,0.22204441,06,0.22204441,False,0,0.0,0.6,0.23102220499999998,Normal
train,06_008,0,0.07826961,06,0.07826961,False,0,0.0,0.6,0.159134805,Normal
train,06_008,0,0.060330644,06,0.060330644,False,0,0.0,0.6,0.150165322,Normal
train,06_009,0,0.018625531,06,0.018625531,False,0,0.0,0.6,0.12931276549999998,Normal
train,06_009,0,0.025554264,06,0.025554264,False,0,0.0,0.6,0.132777132,Normal
train,06_009,0,0.039449245,06,0.039449245,False,0,0.0,0.6,0.1397246225,Normal
train,06_009,0,0.06417463,06,0.06417463,False,0,0.0,0.6,0.152087315,Normal
train,06_009,0,0.22536248,06,0.22536248,False,0,0.0,0.6,0.23268124,Normal
train,06_009,0,0.66539985,06,0.66539985,True,1,0.2,0.6,0.512699925,Low
train,06_009,0,0.6416867,06,0.6416867,True,2,0.4,0.6,0.5608433500000001,Low
train,06_009,0,0.30395335,06,0.30395335,False,0,0.0,0.6,0.271976675,Normal
train,06_009,0,0.038190342,06,0.038190342,False,0,0.0,0.6,0.139095171,Normal
train,06_009,0,0.01331975,06,0.01331975,False,0,0.0,0.6,0.126659875,Normal
train,06_009,0,0.011461366,06,0.011461366,False,0,0.0,0.6,0.125730683,Normal
train,06_010,0,0.011808039,06,0.011808039,False,0,0.0,0.6,0.1259040195,Normal
train,06_010,0,0.009086554,06,0.009086554,False,0,0.0,0.6,0.124543277,Normal
train,06_010,0,0.008010819,06,0.008010819,False,0,0.0,0.6,0.1240054095,Normal
train,06_010,0,0.01073962,06,0.01073962,False,0,0.0,0.6,0.12536981,Normal
train,06_010,0,0.013444127,06,0.013444127,False,0,0.0,0.6,0.12672206349999998,Normal
train,06_010,0,0.011342084,06,0.011342084,False,0,0.0,0.6,0.12567104199999998,Normal
train,06_010,0,0.010785087,06,0.010785087,False,0,0.0,0.6,0.1253925435,Normal
test,06_011,0,0.011808039,06,0.011808039,False,0,0.0,0.6,0.1259040195,Normal
test,06_011,0,0.009086554,06,0.009086554,False,0,0.0,0.6,0.124543277,Normal
test,06_011,0,0.008010819,06,0.008010819,False,0,0.0,0.6,0.1240054095,Normal
test,06_011,0,0.01073962,06,0.01073962,False,0,0.0,0.6,0.12536981,Normal
test,06_011,0,0.013444127,06,0.013444127,False,0,0.0,0.6,0.12672206349999998,Normal
test,06_011,0,0.011342084,06,0.011342084,False,0,0.0,0.6,0.12567104199999998,Normal
test,06_011,0,0.010785087,06,0.010785087,False,0,0.0,0.6,0.1253925435,Normal
test,06_012,0,0.0067154914,06,0.0067154914,False,0,0.0,0.6,0.1233577457,Normal
test,06_012,0,0.007237963,06,0.007237963,False,0,0.0,0.6,0.1236189815,Normal
test,06_012,0,0.008915976,06,0.008915976,False,0,0.0,0.6,0.12445798799999999,Normal
test,06_012,0,0.0063541313,06,0.0063541313,False,0,0.0,0.6,0.12317706565,Normal
test,06_012,0,0.009803326,06,0.009803326,False,0,0.0,0.6,0.124901663,Normal
test,06_012,0,0.010164941,06,0.010164941,False,0,0.0,0.6,0.1250824705,Normal
test,06_012,0,0.00857549,06,0.00857549,False,0,0.0,0.6,0.12428774499999999,Normal
test,06_012,0,0.008990448,06,0.008990448,False,0,0.0,0.6,0.124495224,Normal
test,06_012,0,0.009573333,06,0.009573333,False,0,0.0,0.6,0.12478666649999999,Normal
test,06_012,0,0.013709135,06,0.013709135,False,0,0.0,0.6,0.1268545675,Normal
test,06_012,0,0.03310979,06,0.03310979,False,0,0.0,0.6,0.136554895,Normal
test,06_012,0,0.034490727,06,0.034490727,False,0,0.0,0.6,0.1372453635,Normal
test,06_012,0,0.03359392,06,0.03359392,False,0,0.0,0.6,0.13679696,Normal
test,06_012,0,0.017028484,06,0.017028484,False,0,0.0,0.6,0.128514242,Normal
test,06_012,0,0.01694496,06,0.01694496,False,0,0.0,0.6,0.12847248,Normal
test,06_012,0,0.011528932,06,0.011528932,False,0,0.0,0.6,0.125764466,Normal
test,06_012,0,0.0084141875,06,0.0084141875,False,0,0.0,0.6,0.12420709375,Normal
test,06_012,0,0.008052236,06,0.008052236,False,0,0.0,0.6,0.12402611799999999,Normal
train,06_013,0,0.058846056,06,0.058846056,False,0,0.0,0.6,0.14942302799999999,Normal
train,06_013,0,0.13564402,06,0.13564402,False,0,0.0,0.6,0.18782200999999998,Normal
train,06_013,0,0.28803113,06,0.28803113,False,0,0.0,0.6,0.264015565,Normal
train,06_013,0,0.565792,06,0.565792,True,1,0.2,0.6,0.462896,Low
train,06_013,0,0.5843659,06,0.5843659,True,2,0.4,0.6,0.5321829499999999,Low
train,06_013,0,0.22480796,06,0.22480796,False,0,0.0,0.6,0.23240398,Normal
train,06_013,0,0.08453049,06,0.08453049,False,0,0.0,0.6,0.162265245,Normal
train,06_013,0,0.017867723,06,0.017867723,False,0,0.0,0.6,0.1289338615,Normal
train,06_013,0,0.0065465616,06,0.0065465616,False,0,0.0,0.6,0.1232732808,Normal
train,06_013,0,0.007401515,06,0.007401515,False,0,0.0,0.6,0.1237007575,Normal
train,06_013,0,0.008796272,06,0.008796272,False,0,0.0,0.6,0.12439813599999999,Normal
train,06_013,0,0.011635237,06,0.011635237,False,0,0.0,0.6,0.1258176185,Normal
train,06_013,0,0.007901264,06,0.007901264,False,0,0.0,0.6,0.12395063199999999,Normal
train,06_013,0,0.015372918,06,0.015372918,False,0,0.0,0.6,0.127686459,Normal
train,06_013,0,0.102426514,06,0.102426514,False,0,0.0,0.6,0.171213257,Normal
train,06_013,0,0.74271506,06,0.74271506,True,1,0.2,0.6,0.55135753,Low
train,06_013,0,0.7627472,06,0.7627472,True,2,0.4,0.6,0.6213736,Low
train,06_013,0,0.6049235,06,0.6049235,True,3,0.6,0.6,0.60246175,Low
train,06_013,0,0.1675157,06,0.1675157,False,0,0.0,0.6,0.20375785,Normal
train,06_013,0,0.13418776,06,0.13418776,False,0,0.0,0.6,0.18709388,Normal
train,06_013,0,0.043798305,06,0.043798305,False,0,0.0,0.6,0.1418991525,Normal
train,06_013,0,0.074143246,06,0.074143246,False,0,0.0,0.6,0.157071623,Normal
train,06_013,0,0.03216767,06,0.03216767,False,0,0.0,0.6,0.136083835,Normal
train,06_013,0,0.012931844,06,0.012931844,False,0,0.0,0.6,0.126465922,Normal
train,06_013,0,0.010614507,06,0.010614507,False,0,0.0,0.6,0.1253072535,Normal
train,06_014,0,0.008895466,06,0.008895466,False,0,0.0,0.6,0.12444773299999999,Normal
train,06_014,0,0.010303559,06,0.010303559,False,0,0.0,0.6,0.1251517795,Normal
train,06_014,0,0.012471075,06,0.012471075,False,0,0.0,0.6,0.1262355375,Normal
train,06_014,0,0.015140877,06,0.015140877,False,0,0.0,0.6,0.1275704385,Normal
train,06_014,0,0.06945688,06,0.06945688,False,0,0.0,0.6,0.15472844,Normal
train,06_014,0,0.23596974,06,0.23596974,False,0,0.0,0.6,0.23798487000000002,Normal
train,06_014,0,0.09686249,06,0.09686249,False,0,0.0,0.6,0.168431245,Normal
train,06_014,0,0.19783646,06,0.19783646,False,0,0.0,0.6,0.21891823,Normal
train,06_014,0,0.28421998,06,0.28421998,False,0,0.0,0.6,0.26210999,Normal
train,06_014,0,0.1458842,06,0.1458842,False,0,0.0,0.6,0.1929421,Normal
train,06_014,0,0.109515846,06,0.109515846,False,0,0.0,0.6,0.17475792299999998,Normal
train,06_014,0,0.11937065,06,0.11937065,False,0,0.0,0.6,0.179685325,Normal
train,06_014,0,0.22726293,06,0.22726293,False,0,0.0,0.6,0.23363146499999998,Normal
train,06_014,0,0.37625992,06,0.37625992,False,0,0.0,0.6,0.30812996000000004,Normal
train,06_014,0,0.69101745,06,0.69101745,True,1,0.2,0.6,0.525508725,Low
train,06_014,0,0.24175274,06,0.24175274,False,0,0.0,0.6,0.24087637,Normal
train,06_014,0,0.061775174,06,0.061775174,False,0,0.0,0.6,0.150887587,Normal
train,06_014,0,0.020538788,06,0.020538788,False,0,0.0,0.6,0.13026939399999998,Normal
train,06_014,0,0.009489392,06,0.009489392,False,0,0.0,0.6,0.12474469599999999,Normal
train,06_014,0,0.013171354,06,0.013171354,False,0,0.0,0.6,0.126585677,Normal
train,06_014,0,0.034502566,06,0.034502566,False,0,0.0,0.6,0.137251283,Normal
train,06_014,0,0.059775185,06,0.059775185,False,0,0.0,0.6,0.1498875925,Normal
train,06_014,0,0.0444063,06,0.0444063,False,0,0.0,0.6,0.14220315,Normal
train,06_014,0,0.061393052,06,0.061393052,False,0,0.0,0.6,0.150696526,Normal
train,06_014,0,0.024131995,06,0.024131995,False,0,0.0,0.6,0.1320659975,Normal
val,06_0144,0,0.01584612,06,0.01584612,False,0,0.0,0.6,0.12792306,Normal
val,06_0144,1,0.90484226,06,0.90484226,True,1,0.2,0.6,0.63242113,Low
val,06_0144,1,0.978305,06,0.978305,True,2,0.4,0.6,0.7291525,Medium
val,06_0144,1,0.96649855,06,0.96649855,True,3,0.6,0.6,0.783249275,Medium
val,06_0144,1,0.9066778,06,0.9066778,True,4,0.8,0.6,0.8133389,Medium
val,06_0144,1,0.4668425,06,0.4668425,False,0,0.0,0.6,0.35342125,Normal
val,06_0145,1,0.06725031,06,0.06725031,False,0,0.0,0.6,0.15362515499999999,Normal
val,06_0145,1,0.032446504,06,0.032446504,False,0,0.0,0.6,0.136223252,Normal
val,06_0145,1,0.16308579,06,0.16308579,False,0,0.0,0.6,0.201542895,Normal
val,06_0145,1,0.5556951,06,0.5556951,True,1,0.2,0.6,0.45784755,Low
val,06_0145,1,0.7676735,06,0.7676735,True,2,0.4,0.6,0.62383675,Low
val,06_0147,0,0.0089008445,06,0.0089008445,False,0,0.0,0.6,0.12445042225,Normal
val,06_0147,0,0.011247244,06,0.011247244,False,0,0.0,0.6,0.125623622,Normal
val,06_0147,0,0.010422104,06,0.010422104,False,0,0.0,0.6,0.125211052,Normal
val,06_0147,0,0.098715656,06,0.098715656,False,0,0.0,0.6,0.169357828,Normal
val,06_0147,1,0.78665096,06,0.78665096,True,1,0.2,0.6,0.57332548,Low
val,06_0147,1,0.831882,06,0.831882,True,2,0.4,0.6,0.655941,Low
val,06_0147,0,0.050137024,06,0.050137024,False,0,0.0,0.6,0.14506851199999998,Normal
train,06_015,0,0.022363942,06,0.022363942,False,0,0.0,0.6,0.131181971,Normal
train,06_015,0,0.013115221,06,0.013115221,False,0,0.0,0.6,0.1265576105,Normal
train,06_015,0,0.009085754,06,0.009085754,False,0,0.0,0.6,0.124542877,Normal
train,06_015,0,0.008815349,06,0.008815349,False,0,0.0,0.6,0.1244076745,Normal
train,06_015,0,0.0126993945,06,0.0126993945,False,0,0.0,0.6,0.12634969725,Normal
train,06_015,0,0.027567266,06,0.027567266,False,0,0.0,0.6,0.13378363299999999,Normal
train,06_015,0,0.041757487,06,0.041757487,False,0,0.0,0.6,0.1408787435,Normal
train,06_015,0,0.02219028,06,0.02219028,False,0,0.0,0.6,0.13109514,Normal
train,06_015,0,0.022610182,06,0.022610182,False,0,0.0,0.6,0.13130509099999998,Normal
train,06_015,0,0.010359657,06,0.010359657,False,0,0.0,0.6,0.1251798285,Normal
train,06_015,0,0.0081660375,06,0.0081660375,False,0,0.0,0.6,0.12408301875,Normal
train,06_015,0,0.008705448,06,0.008705448,False,0,0.0,0.6,0.124352724,Normal
train,06_015,0,0.008033595,06,0.008033595,False,0,0.0,0.6,0.1240167975,Normal
train,06_015,0,0.007944861,06,0.007944861,False,0,0.0,0.6,0.1239724305,Normal
train,06_015,0,0.0081661595,06,0.0081661595,False,0,0.0,0.6,0.12408307974999999,Normal
train,06_015,0,0.009025259,06,0.009025259,False,0,0.0,0.6,0.1245126295,Normal
train,06_015,0,0.008347075,06,0.008347075,False,0,0.0,0.6,0.1241735375,Normal
train,06_015,0,0.009724655,06,0.009724655,False,0,0.0,0.6,0.1248623275,Normal
train,06_015,0,0.021846086,06,0.021846086,False,0,0.0,0.6,0.130923043,Normal
train,06_015,0,0.02095155,06,0.02095155,False,0,0.0,0.6,0.130475775,Normal
train,06_015,0,0.022271426,06,0.022271426,False,0,0.0,0.6,0.131135713,Normal
train,06_015,0,0.029346624,06,0.029346624,False,0,0.0,0.6,0.134673312,Normal
train,06_015,0,0.03258596,06,0.03258596,False,0,0.0,0.6,0.13629298,Normal
train,06_015,0,0.046450492,06,0.046450492,False,0,0.0,0.6,0.143225246,Normal
train,06_015,0,0.020558516,06,0.020558516,False,0,0.0,0.6,0.130279258,Normal
train,06_0150,0,0.4754256,06,0.4754256,False,0,0.0,0.6,0.3577128,Normal
train,06_0150,1,0.85525674,06,0.85525674,True,1,0.2,0.6,0.60762837,Low
train,06_0150,1,0.9056582,06,0.9056582,True,2,0.4,0.6,0.6928291,Medium
train,06_0150,1,0.8764033,06,0.8764033,True,3,0.6,0.6,0.73820165,Medium
train,06_0150,1,0.78698033,06,0.78698033,True,4,0.8,0.6,0.753490165,Medium
train,06_0150,1,0.6406601,06,0.6406601,True,5,1.0,0.6,0.74033005,Medium
train,06_0150,0,0.14937003,06,0.14937003,False,0,0.0,0.6,0.194685015,Normal
train,06_0153,0,0.05158489,06,0.05158489,False,0,0.0,0.6,0.145792445,Normal
train,06_0153,0,0.05026171,06,0.05026171,False,0,0.0,0.6,0.145130855,Normal
train,06_0153,0,0.038140524,06,0.038140524,False,0,0.0,0.6,0.139070262,Normal
train,06_0153,1,0.9039298,06,0.9039298,True,1,0.2,0.6,0.6319648999999999,Low
train,06_0153,1,0.8639493,06,0.8639493,True,2,0.4,0.6,0.67197465,Medium
train,06_0155,0,0.06913447,06,0.06913447,False,0,0.0,0.6,0.154567235,Normal
train,06_0155,0,0.72729284,06,0.72729284,True,1,0.2,0.6,0.54364642,Low
train,06_0155,0,0.90438765,06,0.90438765,True,2,0.4,0.6,0.692193825,Medium
train,06_0155,1,0.8843072,06,0.8843072,True,3,0.6,0.6,0.7421536,Medium
train,06_0155,1,0.90844005,06,0.90844005,True,4,0.8,0.6,0.814220025,Medium
train,06_0155,1,0.69902927,06,0.69902927,True,5,1.0,0.6,0.7695146350000001,Medium
train,06_0155,0,0.03812458,06,0.03812458,False,0,0.0,0.6,0.13906229,Normal
val,06_016,0,0.00609137,06,0.00609137,False,0,0.0,0.6,0.123045685,Normal
val,06_016,0,0.0092888335,06,0.0092888335,False,0,0.0,0.6,0.12464441675,Normal
val,06_016,0,0.008465841,06,0.008465841,False,0,0.0,0.6,0.1242329205,Normal
val,06_016,0,0.00973817,06,0.00973817,False,0,0.0,0.6,0.12486908499999999,Normal
val,06_016,0,0.010750354,06,0.010750354,False,0,0.0,0.6,0.125375177,Normal
val,06_016,0,0.014411599,06,0.014411599,False,0,0.0,0.6,0.1272057995,Normal
val,06_016,0,0.0129904235,06,0.0129904235,False,0,0.0,0.6,0.12649521175,Normal
val,06_016,0,0.009874511,06,0.009874511,False,0,0.0,0.6,0.1249372555,Normal
val,06_016,0,0.0150955515,06,0.0150955515,False,0,0.0,0.6,0.12754777575,Normal
val,06_016,0,0.0107880775,06,0.0107880775,False,0,0.0,0.6,0.12539403875,Normal
val,06_016,0,0.011457055,06,0.011457055,False,0,0.0,0.6,0.1257285275,Normal
val,06_016,0,0.008222407,06,0.008222407,False,0,0.0,0.6,0.12411120349999999,Normal
val,06_016,0,0.028322117,06,0.028322117,False,0,0.0,0.6,0.13416105849999999,Normal
val,06_016,0,0.26118413,06,0.26118413,False,0,0.0,0.6,0.250592065,Normal
val,06_016,0,0.2991514,06,0.2991514,False,0,0.0,0.6,0.2695757,Normal
val,06_016,0,0.03471352,06,0.03471352,False,0,0.0,0.6,0.13735676,Normal
val,06_016,0,0.0122135915,06,0.0122135915,False,0,0.0,0.6,0.12610679575,Normal
val,06_016,0,0.008962902,06,0.008962902,False,0,0.0,0.6,0.12448145099999999,Normal
val,06_016,0,0.009400096,06,0.009400096,False,0,0.0,0.6,0.124700048,Normal
val,06_016,0,0.008131287,06,0.008131287,False,0,0.0,0.6,0.12406564349999999,Normal
val,06_016,0,0.008384295,06,0.008384295,False,0,0.0,0.6,0.12419214749999999,Normal
train,06_017,0,0.056427266,06,0.056427266,False,0,0.0,0.6,0.14821363299999998,Normal
train,06_017,0,0.5284188,06,0.5284188,True,1,0.2,0.6,0.4442094,Low
train,06_017,0,0.4011025,06,0.4011025,False,0,0.0,0.6,0.32055124999999995,Normal
train,06_017,0,0.07084065,06,0.07084065,False,0,0.0,0.6,0.155420325,Normal
train,06_017,0,0.104899324,06,0.104899324,False,0,0.0,0.6,0.172449662,Normal
train,06_017,0,0.014186223,06,0.014186223,False,0,0.0,0.6,0.1270931115,Normal
train,06_017,0,0.029376052,06,0.029376052,False,0,0.0,0.6,0.134688026,Normal
train,06_017,0,0.08343771,06,0.08343771,False,0,0.0,0.6,0.161718855,Normal
train,06_017,0,0.055711582,06,0.055711582,False,0,0.0,0.6,0.147855791,Normal
train,06_017,0,0.018277192,06,0.018277192,False,0,0.0,0.6,0.129138596,Normal
train,06_017,0,0.018107064,06,0.018107064,False,0,0.0,0.6,0.129053532,Normal
train,06_017,0,0.009518628,06,0.009518628,False,0,0.0,0.6,0.124759314,Normal
train,06_017,0,0.0073961355,06,0.0073961355,False,0,0.0,0.6,0.12369806775,Normal
train,06_017,0,0.006988434,06,0.006988434,False,0,0.0,0.6,0.12349421699999999,Normal
train,06_017,0,0.007506786,06,0.007506786,False,0,0.0,0.6,0.12375339299999999,Normal
train,06_017,0,0.006835223,06,0.006835223,False,0,0.0,0.6,0.1234176115,Normal
train,06_017,0,0.006129,06,0.006129,False,0,0.0,0.6,0.1230645,Normal
train,06_017,0,0.0063307965,06,0.0063307965,False,0,0.0,0.6,0.12316539825,Normal
train,06_017,0,0.0071921125,06,0.0071921125,False,0,0.0,0.6,0.12359605625,Normal
train,06_017,0,0.0069421018,06,0.0069421018,False,0,0.0,0.6,0.12347105089999999,Normal
train,06_017,0,0.007963016,06,0.007963016,False,0,0.0,0.6,0.12398150799999999,Normal
test,06_018,0,0.007020406,06,0.007020406,False,0,0.0,0.6,0.123510203,Normal
test,06_018,0,0.005963643,06,0.005963643,False,0,0.0,0.6,0.12298182149999999,Normal
test,06_018,0,0.0060335025,06,0.0060335025,False,0,0.0,0.6,0.12301675125,Normal
test,06_018,0,0.0059397854,06,0.0059397854,False,0,0.0,0.6,0.1229698927,Normal
test,06_018,0,0.0072777825,06,0.0072777825,False,0,0.0,0.6,0.12363889125,Normal
test,06_018,0,0.007105028,06,0.007105028,False,0,0.0,0.6,0.123552514,Normal
test,06_018,0,0.0051982203,06,0.0051982203,False,0,0.0,0.6,0.12259911015,Normal
test,06_018,0,0.0061777863,06,0.0061777863,False,0,0.0,0.6,0.12308889314999999,Normal
test,06_018,0,0.0067965947,06,0.0067965947,False,0,0.0,0.6,0.12339829734999999,Normal
test,06_018,0,0.006861425,06,0.006861425,False,0,0.0,0.6,0.1234307125,Normal
test,06_018,0,0.008090313,06,0.008090313,False,0,0.0,0.6,0.12404515649999999,Normal
test,06_018,0,0.0077355313,06,0.0077355313,False,0,0.0,0.6,0.12386776564999999,Normal
test,06_018,0,0.008905751,06,0.008905751,False,0,0.0,0.6,0.12445287549999999,Normal
test,06_018,0,0.0067185834,06,0.0067185834,False,0,0.0,0.6,0.1233592917,Normal
test,06_018,0,0.008170982,06,0.008170982,False,0,0.0,0.6,0.12408549099999999,Normal
test,06_018,0,0.017056873,06,0.017056873,False,0,0.0,0.6,0.1285284365,Normal
test,06_018,0,0.02644896,06,0.02644896,False,0,0.0,0.6,0.13322448,Normal
test,06_018,0,0.06714059,06,0.06714059,False,0,0.0,0.6,0.153570295,Normal
test,06_018,0,0.23210731,06,0.23210731,False,0,0.0,0.6,0.236053655,Normal
test,06_018,0,0.10426734,06,0.10426734,False,0,0.0,0.6,0.17213367,Normal
test,06_018,0,0.03493263,06,0.03493263,False,0,0.0,0.6,0.137466315,Normal
train,06_019,0,0.019028116,06,0.019028116,False,0,0.0,0.6,0.129514058,Normal
train,06_019,0,0.024433885,06,0.024433885,False,0,0.0,0.6,0.1322169425,Normal
train,06_019,0,0.014472562,06,0.014472562,False,0,0.0,0.6,0.127236281,Normal
train,06_019,0,0.005954099,06,0.005954099,False,0,0.0,0.6,0.12297704949999999,Normal
train,06_019,0,0.006591089,06,0.006591089,False,0,0.0,0.6,0.12329554449999999,Normal
train,06_019,0,0.0054414263,06,0.0054414263,False,0,0.0,0.6,0.12272071315,Normal
train,06_019,0,0.0058382857,06,0.0058382857,False,0,0.0,0.6,0.12291914285,Normal
train,06_019,0,0.0052063907,06,0.0052063907,False,0,0.0,0.6,0.12260319535,Normal
train,06_019,0,0.0047956607,06,0.0047956607,False,0,0.0,0.6,0.12239783035,Normal
train,06_019,0,0.0059092483,06,0.0059092483,False,0,0.0,0.6,0.12295462415,Normal
train,06_019,0,0.0059826495,06,0.0059826495,False,0,0.0,0.6,0.12299132474999999,Normal
train,06_019,0,0.0064045163,06,0.0064045163,False,0,0.0,0.6,0.12320225815,Normal
train,06_019,0,0.007025155,06,0.007025155,False,0,0.0,0.6,0.1235125775,Normal
train,06_019,0,0.0061836173,06,0.0061836173,False,0,0.0,0.6,0.12309180865,Normal
train,06_019,0,0.0062200334,06,0.0062200334,False,0,0.0,0.6,0.12311001669999999,Normal
train,06_019,0,0.00581507,06,0.00581507,False,0,0.0,0.6,0.122907535,Normal
train,06_019,0,0.006160955,06,0.006160955,False,0,0.0,0.6,0.1230804775,Normal
train,06_019,0,0.0055214306,06,0.0055214306,False,0,0.0,0.6,0.12276071529999999,Normal
train,06_019,0,0.006341995,06,0.006341995,False,0,0.0,0.6,0.12317099749999999,Normal
train,06_019,0,0.0068234704,06,0.0068234704,False,0,0.0,0.6,0.1234117352,Normal
train,06_019,0,0.0064257975,06,0.0064257975,False,0,0.0,0.6,0.12321289875,Normal
train,06_020,0,0.007249615,06,0.007249615,False,0,0.0,0.6,0.12362480749999999,Normal
train,06_020,0,0.009388435,06,0.009388435,False,0,0.0,0.6,0.1246942175,Normal
train,06_020,0,0.010235642,06,0.010235642,False,0,0.0,0.6,0.125117821,Normal
train,06_020,0,0.008412794,06,0.008412794,False,0,0.0,0.6,0.124206397,Normal
train,06_020,0,0.008212769,06,0.008212769,False,0,0.0,0.6,0.1241063845,Normal
train,06_020,0,0.0074559133,06,0.0074559133,False,0,0.0,0.6,0.12372795665,Normal
train,06_020,0,0.007773828,06,0.007773828,False,0,0.0,0.6,0.123886914,Normal
train,06_020,0,0.0109087005,06,0.0109087005,False,0,0.0,0.6,0.12545435024999999,Normal
train,06_020,0,0.0092352955,06,0.0092352955,False,0,0.0,0.6,0.12461764774999999,Normal
train,06_020,0,0.008893906,06,0.008893906,False,0,0.0,0.6,0.124446953,Normal
train,06_020,0,0.010204448,06,0.010204448,False,0,0.0,0.6,0.12510222399999998,Normal
train,06_020,0,0.008825696,06,0.008825696,False,0,0.0,0.6,0.12441284799999999,Normal
train,06_020,0,0.008009485,06,0.008009485,False,0,0.0,0.6,0.1240047425,Normal
train,06_020,0,0.0076020123,06,0.0076020123,False,0,0.0,0.6,0.12380100614999999,Normal
train,06_020,0,0.007930247,06,0.007930247,False,0,0.0,0.6,0.1239651235,Normal
train,06_020,0,0.007004064,06,0.007004064,False,0,0.0,0.6,0.123502032,Normal
train,06_020,0,0.008299334,06,0.008299334,False,0,0.0,0.6,0.12414966699999999,Normal
train,06_020,0,0.0074878177,06,0.0074878177,False,0,0.0,0.6,0.12374390885,Normal
train,06_020,0,0.005667449,06,0.005667449,False,0,0.0,0.6,0.12283372449999999,Normal
train,06_020,0,0.0061480715,06,0.0061480715,False,0,0.0,0.6,0.12307403574999999,Normal
train,06_020,0,0.008101257,06,0.008101257,False,0,0.0,0.6,0.1240506285,Normal
train,06_021,0,0.014623755,06,0.014623755,False,0,0.0,0.6,0.1273118775,Normal
train,06_021,0,0.016214307,06,0.016214307,False,0,0.0,0.6,0.1281071535,Normal
train,06_021,0,0.12042984,06,0.12042984,False,0,0.0,0.6,0.18021492,Normal
train,06_021,0,0.23155971,06,0.23155971,False,0,0.0,0.6,0.23577985499999998,Normal
train,06_021,0,0.049806636,06,0.049806636,False,0,0.0,0.6,0.144903318,Normal
train,06_021,0,0.014971918,06,0.014971918,False,0,0.0,0.6,0.12748595899999998,Normal
train,06_021,0,0.012034471,06,0.012034471,False,0,0.0,0.6,0.1260172355,Normal
train,06_021,0,0.011826922,06,0.011826922,False,0,0.0,0.6,0.125913461,Normal
train,06_021,0,0.010992042,06,0.010992042,False,0,0.0,0.6,0.12549602099999999,Normal
train,06_021,0,0.014325633,06,0.014325633,False,0,0.0,0.6,0.1271628165,Normal
train,06_021,0,0.01522376,06,0.01522376,False,0,0.0,0.6,0.12761187999999998,Normal
train,06_021,0,0.011505835,06,0.011505835,False,0,0.0,0.6,0.1257529175,Normal
train,06_021,0,0.008467105,06,0.008467105,False,0,0.0,0.6,0.1242335525,Normal
train,06_021,0,0.011385816,06,0.011385816,False,0,0.0,0.6,0.125692908,Normal
train,06_021,0,0.019402277,06,0.019402277,False,0,0.0,0.6,0.1297011385,Normal
train,06_021,0,0.027115444,06,0.027115444,False,0,0.0,0.6,0.133557722,Normal
train,06_021,0,0.027486555,06,0.027486555,False,0,0.0,0.6,0.1337432775,Normal
train,06_021,0,0.044219512,06,0.044219512,False,0,0.0,0.6,0.142109756,Normal
train,06_021,0,0.31523097,06,0.31523097,False,0,0.0,0.6,0.277615485,Normal
train,06_021,0,0.52896506,06,0.52896506,True,1,0.2,0.6,0.44448253,Low
train,06_021,0,0.5914454,06,0.5914454,True,2,0.4,0.6,0.5357227,Low
train,06_022,0,0.07366513,06,0.07366513,False,0,0.0,0.6,0.15683256499999998,Normal
train,06_022,0,0.028628977,06,0.028628977,False,0,0.0,0.6,0.1343144885,Normal
train,06_022,0,0.019909356,06,0.019909356,False,0,0.0,0.6,0.129954678,Normal
train,06_022,0,0.01174873,06,0.01174873,False,0,0.0,0.6,0.125874365,Normal
train,06_022,0,0.008665661,06,0.008665661,False,0,0.0,0.6,0.12433283049999999,Normal
train,06_022,0,0.007465525,06,0.007465525,False,0,0.0,0.6,0.1237327625,Normal
train,06_022,0,0.0072960304,06,0.0072960304,False,0,0.0,0.6,0.12364801519999999,Normal
train,06_022,0,0.008920712,06,0.008920712,False,0,0.0,0.6,0.124460356,Normal
train,06_022,0,0.007688637,06,0.007688637,False,0,0.0,0.6,0.1238443185,Normal
train,06_022,0,0.008368463,06,0.008368463,False,0,0.0,0.6,0.12418423149999999,Normal
train,06_022,0,0.009439206,06,0.009439206,False,0,0.0,0.6,0.124719603,Normal
train,06_022,0,0.008120844,06,0.008120844,False,0,0.0,0.6,0.12406042199999999,Normal
train,06_022,0,0.0068469583,06,0.0068469583,False,0,0.0,0.6,0.12342347915,Normal
train,06_022,0,0.012737547,06,0.012737547,False,0,0.0,0.6,0.1263687735,Normal
train,06_022,0,0.011293106,06,0.011293106,False,0,0.0,0.6,0.125646553,Normal
train,06_022,0,0.019971581,06,0.019971581,False,0,0.0,0.6,0.1299857905,Normal
train,06_022,0,0.04019546,06,0.04019546,False,0,0.0,0.6,0.14009773,Normal
train,06_022,0,0.04030593,06,0.04030593,False,0,0.0,0.6,0.140152965,Normal
train,06_022,0,0.024549441,06,0.024549441,False,0,0.0,0.6,0.1322747205,Normal
train,06_022,0,0.034478374,06,0.034478374,False,0,0.0,0.6,0.13723918699999998,Normal
train,06_022,0,0.07077581,06,0.07077581,False,0,0.0,0.6,0.155387905,Normal
test,06_023,0,0.008780064,06,0.008780064,False,0,0.0,0.6,0.124390032,Normal
test,06_023,0,0.013757438,06,0.013757438,False,0,0.0,0.6,0.126878719,Normal
test,06_023,0,0.013806677,06,0.013806677,False,0,0.0,0.6,0.1269033385,Normal
test,06_023,0,0.010624375,06,0.010624375,False,0,0.0,0.6,0.1253121875,Normal
test,06_023,0,0.017447732,06,0.017447732,False,0,0.0,0.6,0.128723866,Normal
test,06_023,0,0.0125592,06,0.0125592,False,0,0.0,0.6,0.1262796,Normal
test,06_023,0,0.04007314,06,0.04007314,False,0,0.0,0.6,0.14003657,Normal
test,06_023,0,0.0557441,06,0.0557441,False,0,0.0,0.6,0.14787205,Normal
test,06_023,0,0.053373855,06,0.053373855,False,0,0.0,0.6,0.1466869275,Normal
test,06_023,0,0.24975471,06,0.24975471,False,0,0.0,0.6,0.244877355,Normal
test,06_023,0,0.3621061,06,0.3621061,False,0,0.0,0.6,0.30105305,Normal
test,06_023,0,0.24895962,06,0.24895962,False,0,0.0,0.6,0.24447981,Normal
test,06_023,0,0.12562129,06,0.12562129,False,0,0.0,0.6,0.182810645,Normal
test,06_023,0,0.040486302,06,0.040486302,False,0,0.0,0.6,0.140243151,Normal
test,06_023,0,0.022216627,06,0.022216627,False,0,0.0,0.6,0.1311083135,Normal
test,06_023,0,0.01764272,06,0.01764272,False,0,0.0,0.6,0.12882136,Normal
test,06_023,0,0.011795249,06,0.011795249,False,0,0.0,0.6,0.1258976245,Normal
test,06_023,0,0.009002522,06,0.009002522,False,0,0.0,0.6,0.124501261,Normal
test,06_023,0,0.0088291,06,0.0088291,False,0,0.0,0.6,0.12441455,Normal
test,06_023,0,0.007039205,06,0.007039205,False,0,0.0,0.6,0.12351960249999999,Normal
test,06_023,0,0.008138085,06,0.008138085,False,0,0.0,0.6,0.12406904249999999,Normal
test,06_023,0,0.005981651,06,0.005981651,False,0,0.0,0.6,0.1229908255,Normal
test,06_023,0,0.0070692785,06,0.0070692785,False,0,0.0,0.6,0.12353463925,Normal
test,06_023,0,0.01597057,06,0.01597057,False,0,0.0,0.6,0.127985285,Normal
test,06_023,0,0.0101173185,06,0.0101173185,False,0,0.0,0.6,0.12505865924999998,Normal
test,06_023,0,0.01770947,06,0.01770947,False,0,0.0,0.6,0.128854735,Normal
test,06_023,0,0.016963191,06,0.016963191,False,0,0.0,0.6,0.1284815955,Normal
test,06_023,0,0.013803164,06,0.013803164,False,0,0.0,0.6,0.12690158199999999,Normal
test,06_023,0,0.009458645,06,0.009458645,False,0,0.0,0.6,0.12472932249999999,Normal
test,06_023,0,0.007203678,06,0.007203678,False,0,0.0,0.6,0.12360183899999999,Normal
test,06_023,0,0.0082321875,06,0.0082321875,False,0,0.0,0.6,0.12411609374999999,Normal
test,06_023,0,0.01427121,06,0.01427121,False,0,0.0,0.6,0.12713560499999998,Normal
test,06_023,0,0.01812131,06,0.01812131,False,0,0.0,0.6,0.129060655,Normal
test,06_023,0,0.032190666,06,0.032190666,False,0,0.0,0.6,0.13609533299999999,Normal
train,06_024,0,0.020480858,06,0.020480858,False,0,0.0,0.6,0.130240429,Normal
train,06_024,0,0.011446374,06,0.011446374,False,0,0.0,0.6,0.125723187,Normal
train,06_024,0,0.011641863,06,0.011641863,False,0,0.0,0.6,0.12582093149999998,Normal
train,06_024,0,0.013560171,06,0.013560171,False,0,0.0,0.6,0.1267800855,Normal
train,06_024,0,0.014568716,06,0.014568716,False,0,0.0,0.6,0.127284358,Normal
train,06_024,0,0.012567908,06,0.012567908,False,0,0.0,0.6,0.126283954,Normal
train,06_024,0,0.012714122,06,0.012714122,False,0,0.0,0.6,0.126357061,Normal
train,06_024,0,0.012126634,06,0.012126634,False,0,0.0,0.6,0.126063317,Normal
train,06_024,0,0.0114566125,06,0.0114566125,False,0,0.0,0.6,0.12572830625,Normal
train,06_024,0,0.014704691,06,0.014704691,False,0,0.0,0.6,0.1273523455,Normal
train,06_024,0,0.013129351,06,0.013129351,False,0,0.0,0.6,0.1265646755,Normal
train,06_024,0,0.016080746,06,0.016080746,False,0,0.0,0.6,0.12804037299999999,Normal
train,06_024,0,0.02980118,06,0.02980118,False,0,0.0,0.6,0.13490059,Normal
train,06_024,0,0.059378695,06,0.059378695,False,0,0.0,0.6,0.1496893475,Normal
train,06_024,0,0.06553524,06,0.06553524,False,0,0.0,0.6,0.15276762,Normal
train,06_024,0,0.027991146,06,0.027991146,False,0,0.0,0.6,0.133995573,Normal
val,06_025,0,0.012189286,06,0.012189286,False,0,0.0,0.6,0.126094643,Normal
val,06_025,0,0.012264059,06,0.012264059,False,0,0.0,0.6,0.1261320295,Normal
val,06_025,0,0.011557076,06,0.011557076,False,0,0.0,0.6,0.125778538,Normal
val,06_025,0,0.012081847,06,0.012081847,False,0,0.0,0.6,0.12604092349999999,Normal
val,06_025,0,0.010335291,06,0.010335291,False,0,0.0,0.6,0.1251676455,Normal
val,06_025,0,0.0092779575,06,0.0092779575,False,0,0.0,0.6,0.12463897874999999,Normal
val,06_025,0,0.008264407,06,0.008264407,False,0,0.0,0.6,0.1241322035,Normal
val,06_025,0,0.010639012,06,0.010639012,False,0,0.0,0.6,0.125319506,Normal
val,06_025,0,0.017893054,06,0.017893054,False,0,0.0,0.6,0.128946527,Normal
val,06_025,0,0.1255208,06,0.1255208,False,0,0.0,0.6,0.1827604,Normal
val,06_025,0,0.32782528,06,0.32782528,False,0,0.0,0.6,0.28391264,Normal
val,06_025,0,0.47684214,06,0.47684214,False,0,0.0,0.6,0.35842107,Normal
val,06_025,0,0.19747426,06,0.19747426,False,0,0.0,0.6,0.21873713,Normal
val,06_025,0,0.020399718,06,0.020399718,False,0,0.0,0.6,0.130199859,Normal
val,06_025,0,0.008310291,06,0.008310291,False,0,0.0,0.6,0.1241551455,Normal
val,06_025,0,0.01837928,06,0.01837928,False,0,0.0,0.6,0.12918964,Normal
val,06_025,0,0.04544417,06,0.04544417,False,0,0.0,0.6,0.142722085,Normal
val,06_025,0,0.018038562,06,0.018038562,False,0,0.0,0.6,0.12901928099999999,Normal
val,06_025,0,0.008268622,06,0.008268622,False,0,0.0,0.6,0.124134311,Normal
val,06_025,0,0.008458375,06,0.008458375,False,0,0.0,0.6,0.12422918749999999,Normal
val,06_025,0,0.00792809,06,0.00792809,False,0,0.0,0.6,0.123964045,Normal
val,06_025,0,0.0059919003,06,0.0059919003,False,0,0.0,0.6,0.12299595014999999,Normal
val,06_025,0,0.029693637,06,0.029693637,False,0,0.0,0.6,0.1348468185,Normal
val,06_025,0,0.070408516,06,0.070408516,False,0,0.0,0.6,0.15520425799999998,Normal
val,06_025,0,0.27954635,06,0.27954635,False,0,0.0,0.6,0.25977317499999997,Normal
val,06_025,0,0.70945966,06,0.70945966,True,1,0.2,0.6,0.5347298300000001,Low
val,06_025,0,0.7767959,06,0.7767959,True,2,0.4,0.6,0.62839795,Low
val,06_025,0,0.27932552,06,0.27932552,False,0,0.0,0.6,0.25966276,Normal
val,06_025,0,0.024593225,06,0.024593225,False,0,0.0,0.6,0.1322966125,Normal
val,06_025,0,0.02867398,06,0.02867398,False,0,0.0,0.6,0.13433699,Normal
val,06_025,0,0.027075218,06,0.027075218,False,0,0.0,0.6,0.133537609,Normal
test,06_026,0,0.060068097,06,0.060068097,False,0,0.0,0.6,0.1500340485,Normal
test,06_026,0,0.22782163,06,0.22782163,False,0,0.0,0.6,0.233910815,Normal
test,06_026,0,0.3952835,06,0.3952835,False,0,0.0,0.6,0.31764175,Normal
test,06_026,0,0.43446794,06,0.43446794,False,0,0.0,0.6,0.33723397,Normal
test,06_026,0,0.30720502,06,0.30720502,False,0,0.0,0.6,0.27360251,Normal
test,06_026,0,0.09838888,06,0.09838888,False,0,0.0,0.6,0.16919444,Normal
test,06_026,0,0.045484953,06,0.045484953,False,0,0.0,0.6,0.1427424765,Normal
test,06_026,0,0.03733439,06,0.03733439,False,0,0.0,0.6,0.138667195,Normal
test,06_026,0,0.03706643,06,0.03706643,False,0,0.0,0.6,0.138533215,Normal
test,06_026,0,0.04380706,06,0.04380706,False,0,0.0,0.6,0.14190353,Normal
test,06_026,0,0.035830203,06,0.035830203,False,0,0.0,0.6,0.1379151015,Normal
test,06_026,0,0.026215503,06,0.026215503,False,0,0.0,0.6,0.13310775149999998,Normal
test,06_026,0,0.01294916,06,0.01294916,False,0,0.0,0.6,0.12647458,Normal
test,06_026,0,0.01004113,06,0.01004113,False,0,0.0,0.6,0.125020565,Normal
test,06_026,0,0.021609401,06,0.021609401,False,0,0.0,0.6,0.13080470049999998,Normal
test,06_026,0,0.044430684,06,0.044430684,False,0,0.0,0.6,0.142215342,Normal
test,06_026,0,0.22997226,06,0.22997226,False,0,0.0,0.6,0.23498613000000002,Normal
test,06_026,0,0.77355224,06,0.77355224,True,1,0.2,0.6,0.56677612,Low
test,06_026,0,0.866625,06,0.866625,True,2,0.4,0.6,0.6733125,Medium
test,06_026,0,0.69118804,06,0.69118804,True,3,0.6,0.6,0.64559402,Low
test,06_026,0,0.5159648,06,0.5159648,True,4,0.8,0.6,0.6179824,Low
test,06_026,0,0.1888538,06,0.1888538,False,0,0.0,0.6,0.21442689999999998,Normal
test,06_026,0,0.03404788,06,0.03404788,False,0,0.0,0.6,0.13702394,Normal
test,06_026,0,0.024043748,06,0.024043748,False,0,0.0,0.6,0.13202187399999998,Normal
test,06_026,0,0.01746899,06,0.01746899,False,0,0.0,0.6,0.128734495,Normal
test,06_026,0,0.020346066,06,0.020346066,False,0,0.0,0.6,0.130173033,Normal
test,06_026,0,0.024056073,06,0.024056073,False,0,0.0,0.6,0.1320280365,Normal
test,06_026,0,0.024744838,06,0.024744838,False,0,0.0,0.6,0.132372419,Normal
test,06_026,0,0.018361995,06,0.018361995,False,0,0.0,0.6,0.1291809975,Normal
test,06_026,0,0.015469615,06,0.015469615,False,0,0.0,0.6,0.1277348075,Normal
test,06_026,0,0.02131437,06,0.02131437,False,0,0.0,0.6,0.130657185,Normal
test,06_026,0,0.18365674,06,0.18365674,False,0,0.0,0.6,0.21182837,Normal
test,06_026,0,0.32643428,06,0.32643428,False,0,0.0,0.6,0.28321714,Normal
test,06_026,0,0.33163363,06,0.33163363,False,0,0.0,0.6,0.285816815,Normal
test,06_026,0,0.40776134,06,0.40776134,False,0,0.0,0.6,0.32388067,Normal
test,06_026,0,0.8030319,06,0.8030319,True,1,0.2,0.6,0.58151595,Low
test,06_026,0,0.6191373,06,0.6191373,True,2,0.4,0.6,0.54956865,Low
test,06_026,0,0.054785527,06,0.054785527,False,0,0.0,0.6,0.1473927635,Normal
test,06_026,0,0.02882692,06,0.02882692,False,0,0.0,0.6,0.13441345999999998,Normal
test,06_026,0,0.02992299,06,0.02992299,False,0,0.0,0.6,0.134961495,Normal
val,06_027,0,0.122472234,06,0.122472234,False,0,0.0,0.6,0.181236117,Normal
val,06_027,0,0.060211223,06,0.060211223,False,0,0.0,0.6,0.15010561149999999,Normal
val,06_027,0,0.04380281,06,0.04380281,False,0,0.0,0.6,0.14190140499999998,Normal
val,06_027,0,0.061305456,06,0.061305456,False,0,0.0,0.6,0.15065272799999999,Normal
val,06_027,0,0.014724893,06,0.014724893,False,0,0.0,0.6,0.1273624465,Normal
val,06_027,0,0.0065957177,06,0.0065957177,False,0,0.0,0.6,0.12329785885,Normal
val,06_027,0,0.010984678,06,0.010984678,False,0,0.0,0.6,0.125492339,Normal
val,06_027,0,0.028115248,06,0.028115248,False,0,0.0,0.6,0.134057624,Normal
val,06_027,0,0.1113939,06,0.1113939,False,0,0.0,0.6,0.17569695,Normal
val,06_027,0,0.42780852,06,0.42780852,False,0,0.0,0.6,0.33390426,Normal
val,06_027,0,0.4415603,06,0.4415603,False,0,0.0,0.6,0.34078015,Normal
val,06_027,0,0.20991123,06,0.20991123,False,0,0.0,0.6,0.224955615,Normal
val,06_027,0,0.050624643,06,0.050624643,False,0,0.0,0.6,0.1453123215,Normal
val,06_027,0,0.121136956,06,0.121136956,False,0,0.0,0.6,0.180568478,Normal
val,06_027,0,0.20699683,06,0.20699683,False,0,0.0,0.6,0.223498415,Normal
val,06_027,0,0.2947339,06,0.2947339,False,0,0.0,0.6,0.26736695,Normal
val,06_027,0,0.16303705,06,0.16303705,False,0,0.0,0.6,0.201518525,Normal
val,06_027,0,0.09662098,06,0.09662098,False,0,0.0,0.6,0.16831048999999998,Normal
val,06_027,0,0.25565144,06,0.25565144,False,0,0.0,0.6,0.24782572,Normal
val,06_027,0,0.63456815,06,0.63456815,True,1,0.2,0.6,0.497284075,Low
val,06_027,0,0.4197399,06,0.4197399,False,0,0.0,0.6,0.32986994999999997,Normal
val,06_027,0,0.07518732,06,0.07518732,False,0,0.0,0.6,0.15759366,Normal
val,06_028,0,0.026379246,06,0.026379246,False,0,0.0,0.6,0.133189623,Normal
val,06_028,0,0.029013377,06,0.029013377,False,0,0.0,0.6,0.1345066885,Normal
val,06_028,0,0.032555398,06,0.032555398,False,0,0.0,0.6,0.136277699,Normal
val,06_028,0,0.018831879,06,0.018831879,False,0,0.0,0.6,0.1294159395,Normal
val,06_028,0,0.009909987,06,0.009909987,False,0,0.0,0.6,0.1249549935,Normal
val,06_028,0,0.007846506,06,0.007846506,False,0,0.0,0.6,0.123923253,Normal
val,06_028,0,0.008241389,06,0.008241389,False,0,0.0,0.6,0.12412069449999999,Normal
val,06_028,0,0.021364652,06,0.021364652,False,0,0.0,0.6,0.130682326,Normal
val,06_028,0,0.04651032,06,0.04651032,False,0,0.0,0.6,0.14325516,Normal
val,06_028,0,0.035658658,06,0.035658658,False,0,0.0,0.6,0.137829329,Normal
val,06_028,0,0.051337104,06,0.051337104,False,0,0.0,0.6,0.145668552,Normal
val,06_028,0,0.45682988,06,0.45682988,False,0,0.0,0.6,0.34841494,Normal
val,06_028,0,0.779949,06,0.779949,True,1,0.2,0.6,0.5699745,Low
val,06_028,0,0.73137915,06,0.73137915,True,2,0.4,0.6,0.605689575,Low
val,06_028,0,0.029327491,06,0.029327491,False,0,0.0,0.6,0.1346637455,Normal
val,06_028,0,0.02216305,06,0.02216305,False,0,0.0,0.6,0.131081525,Normal
val,06_028,0,0.027118927,06,0.027118927,False,0,0.0,0.6,0.1335594635,Normal
val,06_028,0,0.013239132,06,0.013239132,False,0,0.0,0.6,0.126619566,Normal
val,06_028,0,0.014280149,06,0.014280149,False,0,0.0,0.6,0.1271400745,Normal
val,06_028,0,0.040104885,06,0.040104885,False,0,0.0,0.6,0.14005244249999999,Normal
val,06_028,0,0.027129496,06,0.027129496,False,0,0.0,0.6,0.13356474799999998,Normal
val,06_028,0,0.014248114,06,0.014248114,False,0,0.0,0.6,0.12712405699999998,Normal
train,06_029,0,0.016009726,06,0.016009726,False,0,0.0,0.6,0.128004863,Normal
train,06_029,0,0.031261995,06,0.031261995,False,0,0.0,0.6,0.1356309975,Normal
train,06_029,0,0.03518526,06,0.03518526,False,0,0.0,0.6,0.13759263,Normal
train,06_029,0,0.02104765,06,0.02104765,False,0,0.0,0.6,0.13052382499999998,Normal
train,06_029,0,0.013033856,06,0.013033856,False,0,0.0,0.6,0.126516928,Normal
train,06_029,0,0.010901571,06,0.010901571,False,0,0.0,0.6,0.1254507855,Normal
train,06_029,0,0.009652574,06,0.009652574,False,0,0.0,0.6,0.124826287,Normal
train,06_029,0,0.007940127,06,0.007940127,False,0,0.0,0.6,0.12397006349999999,Normal
train,06_029,0,0.0069688056,06,0.0069688056,False,0,0.0,0.6,0.12348440279999999,Normal
train,06_029,0,0.005877089,06,0.005877089,False,0,0.0,0.6,0.1229385445,Normal
train,06_029,0,0.0073993285,06,0.0073993285,False,0,0.0,0.6,0.12369966425,Normal
train,06_029,0,0.008199315,06,0.008199315,False,0,0.0,0.6,0.1240996575,Normal
train,06_029,0,0.006692559,06,0.006692559,False,0,0.0,0.6,0.12334627949999999,Normal
train,06_029,0,0.00881559,06,0.00881559,False,0,0.0,0.6,0.124407795,Normal
train,06_029,0,0.006969447,06,0.006969447,False,0,0.0,0.6,0.12348472349999999,Normal
train,06_029,0,0.0062734834,06,0.0062734834,False,0,0.0,0.6,0.1231367417,Normal
train,06_029,0,0.006372178,06,0.006372178,False,0,0.0,0.6,0.123186089,Normal
train,06_029,0,0.007053602,06,0.007053602,False,0,0.0,0.6,0.12352680099999999,Normal
train,06_029,0,0.01522223,06,0.01522223,False,0,0.0,0.6,0.127611115,Normal
train,06_029,0,0.02660013,06,0.02660013,False,0,0.0,0.6,0.133300065,Normal
train,06_029,0,0.02722568,06,0.02722568,False,0,0.0,0.6,0.13361283999999998,Normal
train,06_029,0,0.068524845,06,0.068524845,False,0,0.0,0.6,0.1542624225,Normal
train,06_030,0,0.0133895995,06,0.0133895995,False,0,0.0,0.6,0.12669479975,Normal
train,06_030,0,0.033195704,06,0.033195704,False,0,0.0,0.6,0.136597852,Normal
train,06_030,0,0.051097278,06,0.051097278,False,0,0.0,0.6,0.145548639,Normal
train,06_030,0,0.04072852,06,0.04072852,False,0,0.0,0.6,0.14036426,Normal
train,06_030,0,0.020449549,06,0.020449549,False,0,0.0,0.6,0.1302247745,Normal
train,06_030,0,0.013106293,06,0.013106293,False,0,0.0,0.6,0.1265531465,Normal
train,06_030,0,0.011927604,06,0.011927604,False,0,0.0,0.6,0.12596380199999999,Normal
train,06_030,0,0.012445539,06,0.012445539,False,0,0.0,0.6,0.1262227695,Normal
train,06_030,0,0.009891986,06,0.009891986,False,0,0.0,0.6,0.12494599299999999,Normal
train,06_030,0,0.011045638,06,0.011045638,False,0,0.0,0.6,0.125522819,Normal
train,06_030,0,0.011676638,06,0.011676638,False,0,0.0,0.6,0.125838319,Normal
train,06_030,0,0.014637855,06,0.014637855,False,0,0.0,0.6,0.12731892749999998,Normal
train,06_030,0,0.01542608,06,0.01542608,False,0,0.0,0.6,0.12771304,Normal
train,06_030,0,0.015012492,06,0.015012492,False,0,0.0,0.6,0.127506246,Normal
train,06_030,0,0.010016634,06,0.010016634,False,0,0.0,0.6,0.125008317,Normal
train,06_030,0,0.011477845,06,0.011477845,False,0,0.0,0.6,0.1257389225,Normal
train,06_030,0,0.011288882,06,0.011288882,False,0,0.0,0.6,0.125644441,Normal
train,06_030,0,0.011089424,06,0.011089424,False,0,0.0,0.6,0.125544712,Normal
train,06_030,0,0.012596041,06,0.012596041,False,0,0.0,0.6,0.1262980205,Normal
train,06_030,0,0.01288779,06,0.01288779,False,0,0.0,0.6,0.126443895,Normal
train,06_030,0,0.0097692935,06,0.0097692935,False,0,0.0,0.6,0.12488464675,Normal
train,06_030,0,0.010111437,06,0.010111437,False,0,0.0,0.6,0.1250557185,Normal
train,07_0005,0,0.4796234,07,0.4796234,False,0,0.0,0.6,0.35981169999999996,Normal
train,07_0005,0,0.7383091,07,0.7383091,True,1,0.2,0.6,0.54915455,Low
train,07_0005,0,0.9318642,07,0.9318642,True,2,0.4,0.6,0.7059321,Medium
train,07_0005,0,0.9539722,07,0.9539722,True,3,0.6,0.6,0.7769861,Medium
train,07_0005,1,0.9713677,07,0.9713677,True,4,0.8,0.6,0.84568385,High
train,07_0005,1,0.97265255,07,0.97265255,True,5,1.0,0.6,0.906326275,Critical
train,07_0005,0,0.9548402,07,0.9548402,True,6,1.0,0.6,0.8974201,High
train,07_0005,0,0.9577447,07,0.9577447,True,7,1.0,0.6,0.89887235,High
train,07_0005,0,0.9536974,07,0.9536974,True,8,1.0,0.6,0.8968486999999999,High
train,07_0005,0,0.83984745,07,0.83984745,True,9,1.0,0.6,0.839923725,High
train,07_0005,0,0.7191097,07,0.7191097,True,10,1.0,0.6,0.7795548499999999,Medium
train,07_0006,0,0.2053709,07,0.2053709,False,0,0.0,0.6,0.22268545,Normal
train,07_0006,0,0.42854142,07,0.42854142,False,0,0.0,0.6,0.33427070999999997,Normal
train,07_0006,0,0.8190828,07,0.8190828,True,1,0.2,0.6,0.5895414,Low
train,07_0006,0,0.9426383,07,0.9426383,True,2,0.4,0.6,0.71131915,Medium
train,07_0006,1,0.98042744,07,0.98042744,True,3,0.6,0.6,0.79021372,Medium
train,07_0006,1,0.97213465,07,0.97213465,True,4,0.8,0.6,0.846067325,High
train,07_0006,1,0.97746015,07,0.97746015,True,5,1.0,0.6,0.9087300749999999,Critical
train,07_0006,1,0.9758739,07,0.9758739,True,6,1.0,0.6,0.90793695,Critical
train,07_0006,0,0.97431016,07,0.97431016,True,7,1.0,0.6,0.90715508,Critical
train,07_0006,0,0.9499989,07,0.9499989,True,8,1.0,0.6,0.8949994499999999,High
train,07_0006,0,0.8641278,07,0.8641278,True,9,1.0,0.6,0.8520639,High
train,07_0007,0,0.08114836,07,0.08114836,False,0,0.0,0.6,0.16057418,Normal
train,07_0007,0,0.22787613,07,0.22787613,False,0,0.0,0.6,0.233938065,Normal
train,07_0007,0,0.5213958,07,0.5213958,True,1,0.2,0.6,0.4406979,Low
train,07_0007,0,0.9071293,07,0.9071293,True,2,0.4,0.6,0.69356465,Medium
train,07_0007,1,0.94427663,07,0.94427663,True,3,0.6,0.6,0.772138315,Medium
train,07_0007,0,0.9295625,07,0.9295625,True,4,0.8,0.6,0.8247812499999999,Medium
train,07_0007,0,0.89774305,07,0.89774305,True,5,1.0,0.6,0.868871525,High
train,07_0007,0,0.9454675,07,0.9454675,True,6,1.0,0.6,0.89273375,High
train,07_0007,0,0.94531405,07,0.94531405,True,7,1.0,0.6,0.892657025,High
train,07_0007,0,0.968525,07,0.968525,True,8,1.0,0.6,0.9042625,High
train,07_0007,1,0.925358,07,0.925358,True,9,1.0,0.6,0.882679,High
train,07_0007,0,0.66928244,07,0.66928244,True,10,1.0,0.6,0.75464122,Medium
train,07_0007,0,0.40256068,07,0.40256068,False,0,0.0,0.6,0.32128034,Normal
train,07_0007,0,0.355332,07,0.355332,False,0,0.0,0.6,0.297666,Normal
train,07_0008,0,0.95538455,07,0.95538455,True,1,0.2,0.6,0.6576922749999999,Low
train,07_0008,0,0.9346432,07,0.9346432,True,2,0.4,0.6,0.7073216,Medium
train,07_0008,0,0.92185456,07,0.92185456,True,3,0.6,0.6,0.76092728,Medium
train,07_0008,0,0.96147877,07,0.96147877,True,4,0.8,0.6,0.840739385,High
train,07_0008,0,0.97938687,07,0.97938687,True,5,1.0,0.6,0.909693435,Critical
train,07_0008,1,0.98194677,07,0.98194677,True,6,1.0,0.6,0.910973385,Critical
train,07_0008,1,0.9748644,07,0.9748644,True,7,1.0,0.6,0.9074322,Critical
train,07_0008,1,0.96813476,07,0.96813476,True,8,1.0,0.6,0.90406738,High
train,07_0008,1,0.97381943,07,0.97381943,True,9,1.0,0.6,0.906909715,Critical
train,07_0008,1,0.967,07,0.967,True,10,1.0,0.6,0.9035,High
train,07_0008,1,0.93672013,07,0.93672013,True,11,1.0,0.6,0.888360065,High
train,07_0008,0,0.7944751,07,0.7944751,True,12,1.0,0.6,0.81723755,Medium
train,07_0008,0,0.50366354,07,0.50366354,True,13,1.0,0.6,0.6718317699999999,Medium
train,07_0009,0,0.1711917,07,0.1711917,False,0,0.0,0.6,0.20559585,Normal
train,07_0009,0,0.30056795,07,0.30056795,False,0,0.0,0.6,0.270283975,Normal
train,07_0009,0,0.8022415,07,0.8022415,True,1,0.2,0.6,0.58112075,Low
train,07_0009,1,0.9535925,07,0.9535925,True,2,0.4,0.6,0.7167962499999999,Medium
train,07_0009,1,0.95760363,07,0.95760363,True,3,0.6,0.6,0.778801815,Medium
train,07_0009,1,0.93038297,07,0.93038297,True,4,0.8,0.6,0.8251914850000001,Medium
train,07_0009,0,0.95329326,07,0.95329326,True,5,1.0,0.6,0.89664663,High
train,07_0009,0,0.94844925,07,0.94844925,True,6,1.0,0.6,0.894224625,High
train,07_001,0,0.03972195,07,0.03972195,False,0,0.0,0.6,0.139860975,Normal
train,07_001,0,0.017709695,07,0.017709695,False,0,0.0,0.6,0.1288548475,Normal
train,07_001,0,0.010796019,07,0.010796019,False,0,0.0,0.6,0.1253980095,Normal
train,07_001,0,0.0058267475,07,0.0058267475,False,0,0.0,0.6,0.12291337375,Normal
train,07_001,0,0.0072490387,07,0.0072490387,False,0,0.0,0.6,0.12362451934999999,Normal
train,07_001,0,0.011019909,07,0.011019909,False,0,0.0,0.6,0.1255099545,Normal
train,07_001,0,0.006417151,07,0.006417151,False,0,0.0,0.6,0.1232085755,Normal
train,07_001,0,0.010858737,07,0.010858737,False,0,0.0,0.6,0.1254293685,Normal
train,07_001,0,0.006672423,07,0.006672423,False,0,0.0,0.6,0.1233362115,Normal
train,07_001,0,0.007577195,07,0.007577195,False,0,0.0,0.6,0.1237885975,Normal
train,07_001,0,0.0061227093,07,0.0061227093,False,0,0.0,0.6,0.12306135465,Normal
train,07_001,0,0.0048837005,07,0.0048837005,False,0,0.0,0.6,0.12244185025,Normal
train,07_001,0,0.0058274083,07,0.0058274083,False,0,0.0,0.6,0.12291370415,Normal
train,07_001,0,0.0062753037,07,0.0062753037,False,0,0.0,0.6,0.12313765185,Normal
train,07_001,0,0.006428514,07,0.006428514,False,0,0.0,0.6,0.123214257,Normal
train,07_001,0,0.007871275,07,0.007871275,False,0,0.0,0.6,0.1239356375,Normal
train,07_001,0,0.009419003,07,0.009419003,False,0,0.0,0.6,0.1247095015,Normal
train,07_001,0,0.0059798993,07,0.0059798993,False,0,0.0,0.6,0.12298994965,Normal
train,07_001,0,0.0050210357,07,0.0050210357,False,0,0.0,0.6,0.12251051785,Normal
train,07_002,0,0.121567555,07,0.121567555,False,0,0.0,0.6,0.1807837775,Normal
train,07_002,0,0.22598368,07,0.22598368,False,0,0.0,0.6,0.23299184,Normal
train,07_002,0,0.0778057,07,0.0778057,False,0,0.0,0.6,0.15890284999999998,Normal
train,07_002,0,0.018620124,07,0.018620124,False,0,0.0,0.6,0.129310062,Normal
train,07_002,0,0.00902798,07,0.00902798,False,0,0.0,0.6,0.12451398999999999,Normal
train,07_002,0,0.0072313393,07,0.0072313393,False,0,0.0,0.6,0.12361566965,Normal
train,07_002,0,0.006706547,07,0.006706547,False,0,0.0,0.6,0.1233532735,Normal
train,07_002,0,0.011988483,07,0.011988483,False,0,0.0,0.6,0.1259942415,Normal
train,07_002,0,0.009851139,07,0.009851139,False,0,0.0,0.6,0.1249255695,Normal
train,07_002,0,0.008378892,07,0.008378892,False,0,0.0,0.6,0.124189446,Normal
train,07_002,0,0.029318463,07,0.029318463,False,0,0.0,0.6,0.1346592315,Normal
train,07_002,0,0.10484813,07,0.10484813,False,0,0.0,0.6,0.172424065,Normal
train,07_002,0,0.4664114,07,0.4664114,False,0,0.0,0.6,0.35320569999999996,Normal
train,07_002,0,0.26812413,07,0.26812413,False,0,0.0,0.6,0.254062065,Normal
train,07_002,0,0.24225006,07,0.24225006,False,0,0.0,0.6,0.24112503,Normal
train,07_002,0,0.22001395,07,0.22001395,False,0,0.0,0.6,0.230006975,Normal
train,07_002,0,0.033281457,07,0.033281457,False,0,0.0,0.6,0.1366407285,Normal
train,07_002,0,0.0059866286,07,0.0059866286,False,0,0.0,0.6,0.12299331429999999,Normal
train,07_002,0,0.010205104,07,0.010205104,False,0,0.0,0.6,0.125102552,Normal
train,07_002,0,0.038245372,07,0.038245372,False,0,0.0,0.6,0.139122686,Normal
train,07_002,0,0.2698918,07,0.2698918,False,0,0.0,0.6,0.2549459,Normal
train,07_002,0,0.03317247,07,0.03317247,False,0,0.0,0.6,0.136586235,Normal
train,07_002,0,0.02693849,07,0.02693849,False,0,0.0,0.6,0.133469245,Normal
train,07_003,0,0.025731465,07,0.025731465,False,0,0.0,0.6,0.1328657325,Normal
train,07_003,0,0.02656814,07,0.02656814,False,0,0.0,0.6,0.13328407,Normal
train,07_003,0,0.008673025,07,0.008673025,False,0,0.0,0.6,0.1243365125,Normal
train,07_003,0,0.005548417,07,0.005548417,False,0,0.0,0.6,0.1227742085,Normal
train,07_003,0,0.008703988,07,0.008703988,False,0,0.0,0.6,0.124351994,Normal
train,07_003,0,0.0067863376,07,0.0067863376,False,0,0.0,0.6,0.1233931688,Normal
train,07_003,0,0.005310499,07,0.005310499,False,0,0.0,0.6,0.1226552495,Normal
train,07_003,0,0.004198887,07,0.004198887,False,0,0.0,0.6,0.1220994435,Normal
train,07_003,0,0.0063675796,07,0.0063675796,False,0,0.0,0.6,0.1231837898,Normal
train,07_003,0,0.00998405,07,0.00998405,False,0,0.0,0.6,0.12499202499999999,Normal
train,07_003,0,0.01020914,07,0.01020914,False,0,0.0,0.6,0.12510457,Normal
train,07_003,0,0.005683303,07,0.005683303,False,0,0.0,0.6,0.1228416515,Normal
train,07_003,0,0.006566625,07,0.006566625,False,0,0.0,0.6,0.12328331249999999,Normal
train,07_003,0,0.0069996617,07,0.0069996617,False,0,0.0,0.6,0.12349983084999999,Normal
train,07_004,0,0.007887506,07,0.007887506,False,0,0.0,0.6,0.12394375299999999,Normal
train,07_004,0,0.011030001,07,0.011030001,False,0,0.0,0.6,0.1255150005,Normal
train,07_004,0,0.021728951,07,0.021728951,False,0,0.0,0.6,0.1308644755,Normal
train,07_004,0,0.015671076,07,0.015671076,False,0,0.0,0.6,0.127835538,Normal
train,07_004,0,0.01201807,07,0.01201807,False,0,0.0,0.6,0.126009035,Normal
train,07_004,0,0.0076016556,07,0.0076016556,False,0,0.0,0.6,0.1238008278,Normal
train,07_004,0,0.0075944755,07,0.0075944755,False,0,0.0,0.6,0.12379723775,Normal
train,07_004,0,0.006720283,07,0.006720283,False,0,0.0,0.6,0.12336014149999999,Normal
train,07_004,0,0.00649956,07,0.00649956,False,0,0.0,0.6,0.12324977999999999,Normal
train,07_004,0,0.0061590807,07,0.0061590807,False,0,0.0,0.6,0.12307954034999999,Normal
train,07_0047,0,0.34133014,07,0.34133014,False,0,0.0,0.6,0.29066506999999997,Normal
train,07_0047,0,0.37330768,07,0.37330768,False,0,0.0,0.6,0.30665383999999996,Normal
train,07_0047,0,0.71422035,07,0.71422035,True,1,0.2,0.6,0.537110175,Low
train,07_0047,0,0.92474306,07,0.92474306,True,2,0.4,0.6,0.70237153,Medium
train,07_0047,0,0.8795236,07,0.8795236,True,3,0.6,0.6,0.7397618,Medium
train,07_0047,1,0.95346826,07,0.95346826,True,4,0.8,0.6,0.83673413,High
train,07_0047,1,0.9721913,07,0.9721913,True,5,1.0,0.6,0.90609565,Critical
train,07_0047,1,0.9742853,07,0.9742853,True,6,1.0,0.6,0.90714265,Critical
train,07_0047,1,0.9645361,07,0.9645361,True,7,1.0,0.6,0.90226805,High
train,07_0047,1,0.9706162,07,0.9706162,True,8,1.0,0.6,0.9053081,High
train,07_0047,1,0.96750814,07,0.96750814,True,9,1.0,0.6,0.90375407,High
train,07_0047,0,0.9787961,07,0.9787961,True,10,1.0,0.6,0.90939805,Critical
train,07_0047,0,0.93020076,07,0.93020076,True,11,1.0,0.6,0.88510038,High
train,07_0047,0,0.7031834,07,0.7031834,True,12,1.0,0.6,0.7715917,Medium
train,07_0047,0,0.5524772,07,0.5524772,True,13,1.0,0.6,0.6962385999999999,Medium
train,07_0047,0,0.5775836,07,0.5775836,True,14,1.0,0.6,0.7087918,Medium
train,07_0047,0,0.43305886,07,0.43305886,False,0,0.0,0.6,0.33652943,Normal
train,07_0048,0,0.31679192,07,0.31679192,False,0,0.0,0.6,0.27839596,Normal
train,07_0048,0,0.5911442,07,0.5911442,True,1,0.2,0.6,0.4755721,Low
train,07_0048,0,0.8661252,07,0.8661252,True,2,0.4,0.6,0.6730626000000001,Medium
train,07_0048,0,0.903282,07,0.903282,True,3,0.6,0.6,0.751641,Medium
train,07_0048,0,0.96711224,07,0.96711224,True,4,0.8,0.6,0.84355612,High
train,07_0048,1,0.9706426,07,0.9706426,True,5,1.0,0.6,0.9053213,High
train,07_0049,0,0.4795273,07,0.4795273,False,0,0.0,0.6,0.35976365,Normal
train,07_0049,0,0.5403604,07,0.5403604,True,1,0.2,0.6,0.4501802,Low
train,07_0049,0,0.5675925,07,0.5675925,True,2,0.4,0.6,0.52379625,Low
train,07_0049,0,0.7810574,07,0.7810574,True,3,0.6,0.6,0.6905287,Medium
train,07_0049,0,0.850766,07,0.850766,True,4,0.8,0.6,0.785383,Medium
train,07_0049,0,0.92429566,07,0.92429566,True,5,1.0,0.6,0.88214783,High
train,07_0049,0,0.959332,07,0.959332,True,6,1.0,0.6,0.899666,High
train,07_0049,1,0.97918963,07,0.97918963,True,7,1.0,0.6,0.9095948150000001,Critical
train,07_0049,1,0.9763715,07,0.9763715,True,8,1.0,0.6,0.90818575,Critical
train,07_0049,1,0.9574268,07,0.9574268,True,9,1.0,0.6,0.8987134,High
train,07_0049,0,0.93453807,07,0.93453807,True,10,1.0,0.6,0.887269035,High
train,07_0049,0,0.7665346,07,0.7665346,True,11,1.0,0.6,0.8032673,Medium
train,07_0049,0,0.6963704,07,0.6963704,True,12,1.0,0.6,0.7681851999999999,Medium
train,07_0049,0,0.56270444,07,0.56270444,True,13,1.0,0.6,0.70135222,Medium
train,07_005,0,0.032954838,07,0.032954838,False,0,0.0,0.6,0.136477419,Normal
train,07_005,0,0.026925031,07,0.026925031,False,0,0.0,0.6,0.1334625155,Normal
train,07_005,0,0.009417456,07,0.009417456,False,0,0.0,0.6,0.12470872799999999,Normal
train,07_005,0,0.007646601,07,0.007646601,False,0,0.0,0.6,0.1238233005,Normal
train,07_005,0,0.0052174767,07,0.0052174767,False,0,0.0,0.6,0.12260873835,Normal
train,07_005,0,0.0069636535,07,0.0069636535,False,0,0.0,0.6,0.12348182675,Normal
train,07_005,0,0.017028563,07,0.017028563,False,0,0.0,0.6,0.1285142815,Normal
train,07_005,0,0.0066853925,07,0.0066853925,False,0,0.0,0.6,0.12334269625,Normal
train,07_005,0,0.009253606,07,0.009253606,False,0,0.0,0.6,0.124626803,Normal
train,07_005,0,0.009340766,07,0.009340766,False,0,0.0,0.6,0.124670383,Normal
train,07_005,0,0.0060401433,07,0.0060401433,False,0,0.0,0.6,0.12302007164999999,Normal
train,07_005,0,0.0059645674,07,0.0059645674,False,0,0.0,0.6,0.1229822837,Normal
train,07_005,0,0.0059013036,07,0.0059013036,False,0,0.0,0.6,0.12295065179999999,Normal
train,07_005,0,0.0049619395,07,0.0049619395,False,0,0.0,0.6,0.12248096975,Normal
train,07_005,0,0.007140077,07,0.007140077,False,0,0.0,0.6,0.12357003849999999,Normal
train,07_005,0,0.00721576,07,0.00721576,False,0,0.0,0.6,0.12360787999999999,Normal
train,07_005,0,0.007480896,07,0.007480896,False,0,0.0,0.6,0.12374044799999999,Normal
train,07_005,0,0.007817663,07,0.007817663,False,0,0.0,0.6,0.1239088315,Normal
train,07_005,0,0.005823823,07,0.005823823,False,0,0.0,0.6,0.1229119115,Normal
train,07_005,0,0.005783325,07,0.005783325,False,0,0.0,0.6,0.1228916625,Normal
train,07_005,0,0.0048816055,07,0.0048816055,False,0,0.0,0.6,0.12244080275,Normal
train,07_006,0,0.025464615,07,0.025464615,False,0,0.0,0.6,0.1327323075,Normal
train,07_006,0,0.029440768,07,0.029440768,False,0,0.0,0.6,0.134720384,Normal
train,07_006,0,0.027980404,07,0.027980404,False,0,0.0,0.6,0.133990202,Normal
train,07_006,0,0.01965404,07,0.01965404,False,0,0.0,0.6,0.12982702,Normal
train,07_006,0,0.011457007,07,0.011457007,False,0,0.0,0.6,0.1257285035,Normal
train,07_006,0,0.006822991,07,0.006822991,False,0,0.0,0.6,0.1234114955,Normal
train,07_006,0,0.005977856,07,0.005977856,False,0,0.0,0.6,0.122988928,Normal
train,07_006,0,0.0057496848,07,0.0057496848,False,0,0.0,0.6,0.12287484239999999,Normal
train,07_006,0,0.007170694,07,0.007170694,False,0,0.0,0.6,0.123585347,Normal
train,07_006,0,0.009206203,07,0.009206203,False,0,0.0,0.6,0.1246031015,Normal
train,07_006,0,0.009178825,07,0.009178825,False,0,0.0,0.6,0.1245894125,Normal
train,07_006,0,0.0069880113,07,0.0069880113,False,0,0.0,0.6,0.12349400565,Normal
train,07_006,0,0.0055627064,07,0.0055627064,False,0,0.0,0.6,0.1227813532,Normal
train,07_006,0,0.0046501877,07,0.0046501877,False,0,0.0,0.6,0.12232509385,Normal
train,07_006,0,0.0048382,07,0.0048382,False,0,0.0,0.6,0.12241909999999999,Normal
train,07_006,0,0.005017835,07,0.005017835,False,0,0.0,0.6,0.1225089175,Normal
train,07_006,0,0.0043499055,07,0.0043499055,False,0,0.0,0.6,0.12217495275,Normal
train,07_007,0,0.019153392,07,0.019153392,False,0,0.0,0.6,0.129576696,Normal
train,07_007,0,0.017557535,07,0.017557535,False,0,0.0,0.6,0.1287787675,Normal
train,07_007,0,0.007994912,07,0.007994912,False,0,0.0,0.6,0.12399745599999999,Normal
train,07_007,0,0.005455644,07,0.005455644,False,0,0.0,0.6,0.122727822,Normal
train,07_007,0,0.007199423,07,0.007199423,False,0,0.0,0.6,0.1235997115,Normal
train,07_008,0,0.0050928453,07,0.0050928453,False,0,0.0,0.6,0.12254642265,Normal
train,07_008,0,0.0087348875,07,0.0087348875,False,0,0.0,0.6,0.12436744375,Normal
train,07_008,0,0.0083239265,07,0.0083239265,False,0,0.0,0.6,0.12416196325,Normal
train,07_008,0,0.015904421,07,0.015904421,False,0,0.0,0.6,0.1279522105,Normal
train,07_008,0,0.01705716,07,0.01705716,False,0,0.0,0.6,0.12852858,Normal
train,07_008,0,0.010839385,07,0.010839385,False,0,0.0,0.6,0.12541969249999999,Normal
train,07_008,0,0.008974557,07,0.008974557,False,0,0.0,0.6,0.12448727849999999,Normal
train,07_008,0,0.005559238,07,0.005559238,False,0,0.0,0.6,0.12277961899999999,Normal
train,08_001,0,0.19223037,08,0.19223037,False,0,0.0,0.6,0.216115185,Normal
train,08_001,0,0.67226315,08,0.67226315,True,1,0.2,0.6,0.516131575,Low
train,08_001,0,0.6534053,08,0.6534053,True,2,0.4,0.6,0.56670265,Low
train,08_001,0,0.7080012,08,0.7080012,True,3,0.6,0.6,0.6540005999999999,Low
train,08_001,0,0.48894712,08,0.48894712,False,0,0.0,0.6,0.36447356,Normal
train,08_001,0,0.6825823,08,0.6825823,True,1,0.2,0.6,0.5212911499999999,Low
train,08_001,0,0.6276723,08,0.6276723,True,2,0.4,0.6,0.55383615,Low
train,08_001,0,0.37584662,08,0.37584662,False,0,0.0,0.6,0.30792331,Normal
train,08_001,0,0.4240013,08,0.4240013,False,0,0.0,0.6,0.33200065,Normal
train,08_001,0,0.38453373,08,0.38453373,False,0,0.0,0.6,0.312266865,Normal
train,08_001,0,0.40045968,08,0.40045968,False,0,0.0,0.6,0.32022984,Normal
train,08_001,0,0.56879777,08,0.56879777,True,1,0.2,0.6,0.464398885,Low
train,08_001,0,0.75942785,08,0.75942785,True,2,0.4,0.6,0.619713925,Low
train,08_001,0,0.59442604,08,0.59442604,True,3,0.6,0.6,0.59721302,Low
train,08_001,0,0.6326952,08,0.6326952,True,4,0.8,0.6,0.6763476,Medium
train,08_001,0,0.5801507,08,0.5801507,True,5,1.0,0.6,0.71007535,Medium
train,08_001,0,0.5972209,08,0.5972209,True,6,1.0,0.6,0.71861045,Medium
train,08_001,0,0.43694752,08,0.43694752,False,0,0.0,0.6,0.33847375999999996,Normal
train,08_001,0,0.39933646,08,0.39933646,False,0,0.0,0.6,0.31966823,Normal
train,08_001,0,0.6975947,08,0.6975947,True,1,0.2,0.6,0.52879735,Low
train,08_001,0,0.84457606,08,0.84457606,True,2,0.4,0.6,0.6622880299999999,Low
train,08_001,0,0.87117034,08,0.87117034,True,3,0.6,0.6,0.73558517,Medium
train,08_001,0,0.82510304,08,0.82510304,True,4,0.8,0.6,0.77255152,Medium
train,08_001,0,0.7690609,08,0.7690609,True,5,1.0,0.6,0.80453045,Medium
train,08_002,0,0.06465819,08,0.06465819,False,0,0.0,0.6,0.152329095,Normal
train,08_002,0,0.06894607,08,0.06894607,False,0,0.0,0.6,0.15447303499999998,Normal
train,08_002,0,0.057942264,08,0.057942264,False,0,0.0,0.6,0.148971132,Normal
train,08_002,0,0.036646243,08,0.036646243,False,0,0.0,0.6,0.1383231215,Normal
train,08_002,0,0.025584904,08,0.025584904,False,0,0.0,0.6,0.132792452,Normal
train,08_002,0,0.026480608,08,0.026480608,False,0,0.0,0.6,0.133240304,Normal
train,08_002,0,0.03851177,08,0.03851177,False,0,0.0,0.6,0.139255885,Normal
train,08_002,0,0.035585694,08,0.035585694,False,0,0.0,0.6,0.137792847,Normal
train,08_002,0,0.027909566,08,0.027909566,False,0,0.0,0.6,0.133954783,Normal
train,08_002,0,0.028122783,08,0.028122783,False,0,0.0,0.6,0.1340613915,Normal
train,08_002,0,0.02751308,08,0.02751308,False,0,0.0,0.6,0.13375654,Normal
train,08_002,0,0.035214394,08,0.035214394,False,0,0.0,0.6,0.137607197,Normal
train,08_002,0,0.027182544,08,0.027182544,False,0,0.0,0.6,0.13359127199999998,Normal
train,08_002,0,0.025555192,08,0.025555192,False,0,0.0,0.6,0.132777596,Normal
train,08_002,0,0.020942478,08,0.020942478,False,0,0.0,0.6,0.130471239,Normal
train,08_002,0,0.018611059,08,0.018611059,False,0,0.0,0.6,0.1293055295,Normal
train,08_002,0,0.024715474,08,0.024715474,False,0,0.0,0.6,0.132357737,Normal
train,08_002,0,0.030582124,08,0.030582124,False,0,0.0,0.6,0.135291062,Normal
train,08_002,0,0.030358069,08,0.030358069,False,0,0.0,0.6,0.1351790345,Normal
train,08_002,0,0.026781179,08,0.026781179,False,0,0.0,0.6,0.1333905895,Normal
train,08_002,0,0.032455716,08,0.032455716,False,0,0.0,0.6,0.136227858,Normal
train,08_002,0,0.036164317,08,0.036164317,False,0,0.0,0.6,0.1380821585,Normal
train,08_002,0,0.032713644,08,0.032713644,False,0,0.0,0.6,0.136356822,Normal
train,08_002,0,0.027386291,08,0.027386291,False,0,0.0,0.6,0.1336931455,Normal
train,08_002,0,0.025934894,08,0.025934894,False,0,0.0,0.6,0.132967447,Normal
train,08_002,0,0.026716623,08,0.026716623,False,0,0.0,0.6,0.1333583115,Normal
train,08_002,0,0.02857159,08,0.02857159,False,0,0.0,0.6,0.13428579499999999,Normal
train,08_002,0,0.02671511,08,0.02671511,False,0,0.0,0.6,0.133357555,Normal
train,08_002,0,0.025429802,08,0.025429802,False,0,0.0,0.6,0.132714901,Normal
train,08_002,0,0.027933287,08,0.027933287,False,0,0.0,0.6,0.13396664349999998,Normal
train,08_002,0,0.026981458,08,0.026981458,False,0,0.0,0.6,0.133490729,Normal
train,08_002,0,0.039736558,08,0.039736558,False,0,0.0,0.6,0.13986827899999998,Normal
train,08_002,0,0.11306994,08,0.11306994,False,0,0.0,0.6,0.17653496999999999,Normal
train,08_002,0,0.36876237,08,0.36876237,False,0,0.0,0.6,0.304381185,Normal
train,08_002,0,0.59917736,08,0.59917736,True,1,0.2,0.6,0.47958868,Low
train,08_002,0,0.50684035,08,0.50684035,True,2,0.4,0.6,0.493420175,Low
train,08_002,0,0.16426049,08,0.16426049,False,0,0.0,0.6,0.202130245,Normal
train,08_002,0,0.08644224,08,0.08644224,False,0,0.0,0.6,0.16322112,Normal
train,08_002,0,0.109298736,08,0.109298736,False,0,0.0,0.6,0.174649368,Normal
val,08_003,0,0.024653496,08,0.024653496,False,0,0.0,0.6,0.132326748,Normal
val,08_003,0,0.042766996,08,0.042766996,False,0,0.0,0.6,0.141383498,Normal
val,08_003,0,0.04188159,08,0.04188159,False,0,0.0,0.6,0.140940795,Normal
val,08_003,0,0.054692846,08,0.054692846,False,0,0.0,0.6,0.147346423,Normal
val,08_003,0,0.060304593,08,0.060304593,False,0,0.0,0.6,0.1501522965,Normal
val,08_003,0,0.048402816,08,0.048402816,False,0,0.0,0.6,0.144201408,Normal
val,08_003,0,0.01758034,08,0.01758034,False,0,0.0,0.6,0.12879016999999998,Normal
val,08_003,0,0.014115306,08,0.014115306,False,0,0.0,0.6,0.127057653,Normal
val,08_003,0,0.01510485,08,0.01510485,False,0,0.0,0.6,0.127552425,Normal
val,08_003,0,0.02946246,08,0.02946246,False,0,0.0,0.6,0.13473123,Normal
val,08_003,0,0.08136598,08,0.08136598,False,0,0.0,0.6,0.16068299,Normal
val,08_003,0,0.16160534,08,0.16160534,False,0,0.0,0.6,0.20080267,Normal
val,08_003,0,0.18270002,08,0.18270002,False,0,0.0,0.6,0.21135000999999998,Normal
val,08_003,0,0.3255175,08,0.3255175,False,0,0.0,0.6,0.28275875,Normal
val,08_003,0,0.36637446,08,0.36637446,False,0,0.0,0.6,0.30318723000000003,Normal
val,08_003,0,0.56073594,08,0.56073594,True,1,0.2,0.6,0.46036797,Low
val,08_003,0,0.5485282,08,0.5485282,True,2,0.4,0.6,0.5142641,Low
val,08_003,0,0.26095185,08,0.26095185,False,0,0.0,0.6,0.250475925,Normal
val,08_003,0,0.12763771,08,0.12763771,False,0,0.0,0.6,0.183818855,Normal
val,08_003,0,0.049369648,08,0.049369648,False,0,0.0,0.6,0.144684824,Normal
val,08_003,0,0.07057293,08,0.07057293,False,0,0.0,0.6,0.15528646499999998,Normal
val,08_003,0,0.034330375,08,0.034330375,False,0,0.0,0.6,0.1371651875,Normal
val,08_003,0,0.0176735,08,0.0176735,False,0,0.0,0.6,0.12883675,Normal
train,08_004,0,0.01120201,08,0.01120201,False,0,0.0,0.6,0.125601005,Normal
train,08_004,0,0.007308674,08,0.007308674,False,0,0.0,0.6,0.12365433699999999,Normal
train,08_004,0,0.005948463,08,0.005948463,False,0,0.0,0.6,0.12297423149999999,Normal
train,08_004,0,0.007055589,08,0.007055589,False,0,0.0,0.6,0.1235277945,Normal
train,08_004,0,0.0069477716,08,0.0069477716,False,0,0.0,0.6,0.1234738858,Normal
train,08_004,0,0.011831442,08,0.011831442,False,0,0.0,0.6,0.125915721,Normal
train,08_004,0,0.015691627,08,0.015691627,False,0,0.0,0.6,0.1278458135,Normal
train,08_004,0,0.014039144,08,0.014039144,False,0,0.0,0.6,0.127019572,Normal
train,08_004,0,0.011372136,08,0.011372136,False,0,0.0,0.6,0.12568606799999998,Normal
train,08_004,0,0.010257167,08,0.010257167,False,0,0.0,0.6,0.1251285835,Normal
train,08_004,0,0.006998295,08,0.006998295,False,0,0.0,0.6,0.12349914749999999,Normal
train,08_004,0,0.0054689166,08,0.0054689166,False,0,0.0,0.6,0.1227344583,Normal
train,08_004,0,0.0064047165,08,0.0064047165,False,0,0.0,0.6,0.12320235824999999,Normal
train,08_004,0,0.010767519,08,0.010767519,False,0,0.0,0.6,0.1253837595,Normal
train,08_004,0,0.014090363,08,0.014090363,False,0,0.0,0.6,0.1270451815,Normal
train,08_004,0,0.019997055,08,0.019997055,False,0,0.0,0.6,0.1299985275,Normal
train,08_004,0,0.017328441,08,0.017328441,False,0,0.0,0.6,0.12866422049999998,Normal
train,08_004,0,0.021949057,08,0.021949057,False,0,0.0,0.6,0.1309745285,Normal
train,08_004,0,0.017510436,08,0.017510436,False,0,0.0,0.6,0.128755218,Normal
train,08_004,0,0.022851191,08,0.022851191,False,0,0.0,0.6,0.1314255955,Normal
train,08_004,0,0.020839479,08,0.020839479,False,0,0.0,0.6,0.1304197395,Normal
train,08_004,0,0.024308981,08,0.024308981,False,0,0.0,0.6,0.1321544905,Normal
train,08_004,0,0.019440392,08,0.019440392,False,0,0.0,0.6,0.129720196,Normal
train,08_0044,0,0.96024585,08,0.96024585,True,1,0.2,0.6,0.6601229249999999,Low
train,08_0044,0,0.9694686,08,0.9694686,True,2,0.4,0.6,0.7247343,Medium
train,08_0044,0,0.9575939,08,0.9575939,True,3,0.6,0.6,0.7787969499999999,Medium
train,08_0044,0,0.95755816,08,0.95755816,True,4,0.8,0.6,0.83877908,High
train,08_0044,1,0.95782727,08,0.95782727,True,5,1.0,0.6,0.898913635,High
train,08_0044,1,0.96247727,08,0.96247727,True,6,1.0,0.6,0.901238635,High
train,08_0044,1,0.97284794,08,0.97284794,True,7,1.0,0.6,0.90642397,Critical
train,08_0044,1,0.95468444,08,0.95468444,True,8,1.0,0.6,0.89734222,High
train,08_005,0,0.07826299,08,0.07826299,False,0,0.0,0.6,0.159131495,Normal
train,08_005,0,0.17573845,08,0.17573845,False,0,0.0,0.6,0.207869225,Normal
train,08_005,0,0.24140319,08,0.24140319,False,0,0.0,0.6,0.240701595,Normal
train,08_005,0,0.17292489,08,0.17292489,False,0,0.0,0.6,0.206462445,Normal
train,08_005,0,0.053039968,08,0.053039968,False,0,0.0,0.6,0.146519984,Normal
train,08_005,0,0.05060839,08,0.05060839,False,0,0.0,0.6,0.145304195,Normal
train,08_005,0,0.056743573,08,0.056743573,False,0,0.0,0.6,0.1483717865,Normal
train,08_005,0,0.035341796,08,0.035341796,False,0,0.0,0.6,0.13767089799999999,Normal
train,08_005,0,0.032223277,08,0.032223277,False,0,0.0,0.6,0.1361116385,Normal
train,08_005,0,0.026903465,08,0.026903465,False,0,0.0,0.6,0.1334517325,Normal
train,08_005,0,0.028122786,08,0.028122786,False,0,0.0,0.6,0.134061393,Normal
train,08_005,0,0.023478914,08,0.023478914,False,0,0.0,0.6,0.131739457,Normal
train,08_005,0,0.035735376,08,0.035735376,False,0,0.0,0.6,0.137867688,Normal
train,08_005,0,0.051151764,08,0.051151764,False,0,0.0,0.6,0.145575882,Normal
train,08_005,0,0.05750956,08,0.05750956,False,0,0.0,0.6,0.14875478,Normal
train,08_005,0,0.05493767,08,0.05493767,False,0,0.0,0.6,0.147468835,Normal
train,08_005,0,0.053081416,08,0.053081416,False,0,0.0,0.6,0.146540708,Normal
train,08_005,0,0.031452212,08,0.031452212,False,0,0.0,0.6,0.13572610599999999,Normal
train,08_005,0,0.019175814,08,0.019175814,False,0,0.0,0.6,0.129587907,Normal
train,08_005,0,0.023104874,08,0.023104874,False,0,0.0,0.6,0.131552437,Normal
train,08_005,0,0.02944498,08,0.02944498,False,0,0.0,0.6,0.13472249,Normal
train,08_005,0,0.032340392,08,0.032340392,False,0,0.0,0.6,0.136170196,Normal
train,08_005,0,0.03911092,08,0.03911092,False,0,0.0,0.6,0.13955546,Normal
train,08_0058,1,0.76757455,08,0.76757455,True,1,0.2,0.6,0.5637872749999999,Low
train,08_0058,1,0.93692434,08,0.93692434,True,2,0.4,0.6,0.70846217,Medium
train,08_0058,1,0.92234504,08,0.92234504,True,3,0.6,0.6,0.76117252,Medium
train,08_0058,1,0.9606086,08,0.9606086,True,4,0.8,0.6,0.8403043,High
train,08_0058,1,0.9056965,08,0.9056965,True,5,1.0,0.6,0.87284825,High
train,08_0058,1,0.8890122,08,0.8890122,True,6,1.0,0.6,0.8645060999999999,High
train,08_0058,1,0.85538155,08,0.85538155,True,7,1.0,0.6,0.847690775,High
train,08_0058,0,0.7510495,08,0.7510495,True,8,1.0,0.6,0.79552475,Medium
train,08_0058,0,0.6438047,08,0.6438047,True,9,1.0,0.6,0.74190235,Medium
test,08_006,0,0.042507384,08,0.042507384,False,0,0.0,0.6,0.141253692,Normal
test,08_006,0,0.030392528,08,0.030392528,False,0,0.0,0.6,0.13519626399999998,Normal
test,08_006,0,0.019177612,08,0.019177612,False,0,0.0,0.6,0.129588806,Normal
test,08_006,0,0.02185794,08,0.02185794,False,0,0.0,0.6,0.13092897,Normal
test,08_006,0,0.023280498,08,0.023280498,False,0,0.0,0.6,0.131640249,Normal
test,08_006,0,0.027134042,08,0.027134042,False,0,0.0,0.6,0.133567021,Normal
test,08_006,0,0.026879102,08,0.026879102,False,0,0.0,0.6,0.133439551,Normal
test,08_006,0,0.030973183,08,0.030973183,False,0,0.0,0.6,0.1354865915,Normal
test,08_006,0,0.037855625,08,0.037855625,False,0,0.0,0.6,0.1389278125,Normal
test,08_006,0,0.021568703,08,0.021568703,False,0,0.0,0.6,0.1307843515,Normal
test,08_006,0,0.021915466,08,0.021915466,False,0,0.0,0.6,0.130957733,Normal
test,08_006,0,0.045272548,08,0.045272548,False,0,0.0,0.6,0.142636274,Normal
test,08_006,0,0.080223314,08,0.080223314,False,0,0.0,0.6,0.160111657,Normal
test,08_006,0,0.09010554,08,0.09010554,False,0,0.0,0.6,0.16505277,Normal
test,08_006,0,0.098534055,08,0.098534055,False,0,0.0,0.6,0.1692670275,Normal
test,08_006,0,0.053969212,08,0.053969212,False,0,0.0,0.6,0.146984606,Normal
test,08_006,0,0.04284358,08,0.04284358,False,0,0.0,0.6,0.14142179,Normal
test,08_006,0,0.04932936,08,0.04932936,False,0,0.0,0.6,0.14466468,Normal
test,08_006,0,0.076004155,08,0.076004155,False,0,0.0,0.6,0.1580020775,Normal
test,08_006,0,0.072426215,08,0.072426215,False,0,0.0,0.6,0.1562131075,Normal
test,08_006,0,0.16651356,08,0.16651356,False,0,0.0,0.6,0.20325678,Normal
test,08_006,0,0.41107634,08,0.41107634,False,0,0.0,0.6,0.32553816999999996,Normal
test,08_006,0,0.58219594,08,0.58219594,True,1,0.2,0.6,0.47109797,Low
train,08_007,0,0.088463664,08,0.088463664,False,0,0.0,0.6,0.164231832,Normal
train,08_007,0,0.0725636,08,0.0725636,False,0,0.0,0.6,0.1562818,Normal
train,08_007,0,0.066678,08,0.066678,False,0,0.0,0.6,0.153339,Normal
train,08_007,0,0.07666193,08,0.07666193,False,0,0.0,0.6,0.158330965,Normal
train,08_007,0,0.049130622,08,0.049130622,False,0,0.0,0.6,0.144565311,Normal
train,08_007,0,0.041653816,08,0.041653816,False,0,0.0,0.6,0.140826908,Normal
train,08_007,0,0.02891365,08,0.02891365,False,0,0.0,0.6,0.134456825,Normal
train,08_007,0,0.027675044,08,0.027675044,False,0,0.0,0.6,0.133837522,Normal
train,08_007,0,0.027653702,08,0.027653702,False,0,0.0,0.6,0.133826851,Normal
train,08_007,0,0.06386314,08,0.06386314,False,0,0.0,0.6,0.15193157,Normal
train,08_007,0,0.13322148,08,0.13322148,False,0,0.0,0.6,0.18661074,Normal
train,08_007,0,0.115562916,08,0.115562916,False,0,0.0,0.6,0.177781458,Normal
train,08_007,0,0.20096758,08,0.20096758,False,0,0.0,0.6,0.22048379,Normal
train,08_007,0,0.30036488,08,0.30036488,False,0,0.0,0.6,0.27018244,Normal
train,08_007,0,0.3493103,08,0.3493103,False,0,0.0,0.6,0.29465515,Normal
train,08_007,0,0.23824063,08,0.23824063,False,0,0.0,0.6,0.239120315,Normal
train,08_007,0,0.46361732,08,0.46361732,False,0,0.0,0.6,0.35180866,Normal
train,08_007,0,0.45250386,08,0.45250386,False,0,0.0,0.6,0.34625193,Normal
train,08_007,0,0.33038148,08,0.33038148,False,0,0.0,0.6,0.28519074,Normal
train,08_007,0,0.3833945,08,0.3833945,False,0,0.0,0.6,0.31169725000000004,Normal
train,08_007,0,0.23381539,08,0.23381539,False,0,0.0,0.6,0.236907695,Normal
train,08_007,0,0.09028346,08,0.09028346,False,0,0.0,0.6,0.16514173,Normal
train,08_007,0,0.07171684,08,0.07171684,False,0,0.0,0.6,0.15585842,Normal
train,08_0077,0,0.95554006,08,0.95554006,True,1,0.2,0.6,0.65777003,Low
train,08_0077,1,0.9671745,08,0.9671745,True,2,0.4,0.6,0.72358725,Medium
train,08_0077,1,0.9694789,08,0.9694789,True,3,0.6,0.6,0.78473945,Medium
train,08_0077,1,0.9697506,08,0.9697506,True,4,0.8,0.6,0.8448753,High
train,08_0077,1,0.9703342,08,0.9703342,True,5,1.0,0.6,0.9051671,High
train,08_0077,1,0.9684996,08,0.9684996,True,6,1.0,0.6,0.9042498,High
train,08_0077,1,0.97028625,08,0.97028625,True,7,1.0,0.6,0.905143125,High
train,08_0077,1,0.9640275,08,0.9640275,True,8,1.0,0.6,0.90201375,High
train,08_0077,1,0.97011775,08,0.97011775,True,9,1.0,0.6,0.905058875,High
train,08_0077,1,0.9744003,08,0.9744003,True,10,1.0,0.6,0.90720015,Critical
train,08_0077,0,0.97063893,08,0.97063893,True,11,1.0,0.6,0.9053194649999999,High
train,08_0077,0,0.971422,08,0.971422,True,12,1.0,0.6,0.905711,High
train,08_0077,0,0.96721554,08,0.96721554,True,13,1.0,0.6,0.9036077699999999,High
train,08_0078,1,0.9664488,08,0.9664488,True,1,0.2,0.6,0.6632243999999999,Low
train,08_0078,1,0.96842873,08,0.96842873,True,2,0.4,0.6,0.724214365,Medium
train,08_0078,1,0.97286564,08,0.97286564,True,3,0.6,0.6,0.78643282,Medium
train,08_0078,1,0.9677737,08,0.9677737,True,4,0.8,0.6,0.84388685,High
train,08_0078,1,0.96749955,08,0.96749955,True,5,1.0,0.6,0.903749775,High
train,08_0079,0,0.9674161,08,0.9674161,True,1,0.2,0.6,0.66370805,Low
train,08_0079,0,0.9675991,08,0.9675991,True,2,0.4,0.6,0.72379955,Medium
train,08_0079,1,0.975115,08,0.975115,True,3,0.6,0.6,0.7875575,Medium
train,08_0079,1,0.9522877,08,0.9522877,True,4,0.8,0.6,0.8361438499999999,High
train,08_0079,1,0.9547643,08,0.9547643,True,5,1.0,0.6,0.89738215,High
train,08_0079,0,0.9718264,08,0.9718264,True,6,1.0,0.6,0.9059132,High
val,08_008,0,0.062099423,08,0.062099423,False,0,0.0,0.6,0.1510497115,Normal
val,08_008,0,0.07162293,08,0.07162293,False,0,0.0,0.6,0.15581146499999998,Normal
val,08_008,0,0.06088708,08,0.06088708,False,0,0.0,0.6,0.15044354,Normal
val,08_008,0,0.04704144,08,0.04704144,False,0,0.0,0.6,0.14352072,Normal
val,08_008,0,0.043175306,08,0.043175306,False,0,0.0,0.6,0.14158765299999998,Normal
val,08_008,0,0.0234822,08,0.0234822,False,0,0.0,0.6,0.1317411,Normal
val,08_008,0,0.02408459,08,0.02408459,False,0,0.0,0.6,0.132042295,Normal
val,08_008,0,0.037520733,08,0.037520733,False,0,0.0,0.6,0.1387603665,Normal
val,08_008,0,0.043246534,08,0.043246534,False,0,0.0,0.6,0.141623267,Normal
val,08_008,0,0.0349229,08,0.0349229,False,0,0.0,0.6,0.13746144999999999,Normal
val,08_008,0,0.040498044,08,0.040498044,False,0,0.0,0.6,0.140249022,Normal
val,08_008,0,0.03677275,08,0.03677275,False,0,0.0,0.6,0.138386375,Normal
val,08_008,0,0.051749177,08,0.051749177,False,0,0.0,0.6,0.14587458849999999,Normal
val,08_008,0,0.07070428,08,0.07070428,False,0,0.0,0.6,0.15535214,Normal
val,08_008,0,0.126247,08,0.126247,False,0,0.0,0.6,0.1831235,Normal
val,08_008,0,0.12356461,08,0.12356461,False,0,0.0,0.6,0.181782305,Normal
val,08_008,0,0.15830651,08,0.15830651,False,0,0.0,0.6,0.199153255,Normal
val,08_008,0,0.0790614,08,0.0790614,False,0,0.0,0.6,0.1595307,Normal
val,08_008,0,0.07606928,08,0.07606928,False,0,0.0,0.6,0.15803464,Normal
val,08_008,0,0.07934434,08,0.07934434,False,0,0.0,0.6,0.15967217,Normal
val,08_008,0,0.038753618,08,0.038753618,False,0,0.0,0.6,0.139376809,Normal
val,08_008,0,0.03534883,08,0.03534883,False,0,0.0,0.6,0.137674415,Normal
val,08_008,0,0.0463261,08,0.0463261,False,0,0.0,0.6,0.14316305,Normal
train,08_0080,1,0.9686289,08,0.9686289,True,1,0.2,0.6,0.66431445,Low
train,08_0080,1,0.9676669,08,0.9676669,True,2,0.4,0.6,0.72383345,Medium
train,08_0080,1,0.97065586,08,0.97065586,True,3,0.6,0.6,0.78532793,Medium
train,08_0080,1,0.9704917,08,0.9704917,True,4,0.8,0.6,0.84524585,High
train,08_0080,1,0.9716432,08,0.9716432,True,5,1.0,0.6,0.9058216,High
train,08_0080,1,0.9703763,08,0.9703763,True,6,1.0,0.6,0.90518815,High
train,08_0080,0,0.9701629,08,0.9701629,True,7,1.0,0.6,0.9050814500000001,High
train,08_0080,0,0.96430856,08,0.96430856,True,8,1.0,0.6,0.90215428,High
test,08_009,0,0.13370648,08,0.13370648,False,0,0.0,0.6,0.18685323999999998,Normal
test,08_009,0,0.21402031,08,0.21402031,False,0,0.0,0.6,0.227010155,Normal
test,08_009,0,0.13894543,08,0.13894543,False,0,0.0,0.6,0.189472715,Normal
test,08_009,0,0.049492512,08,0.049492512,False,0,0.0,0.6,0.144746256,Normal
test,08_009,0,0.034803726,08,0.034803726,False,0,0.0,0.6,0.13740186299999999,Normal
test,08_009,0,0.029462414,08,0.029462414,False,0,0.0,0.6,0.134731207,Normal
test,08_009,0,0.0252768,08,0.0252768,False,0,0.0,0.6,0.1326384,Normal
test,08_009,0,0.015887832,08,0.015887832,False,0,0.0,0.6,0.127943916,Normal
test,08_009,0,0.014030053,08,0.014030053,False,0,0.0,0.6,0.1270150265,Normal
test,08_009,0,0.019294066,08,0.019294066,False,0,0.0,0.6,0.129647033,Normal
test,08_009,0,0.032884933,08,0.032884933,False,0,0.0,0.6,0.1364424665,Normal
test,08_009,0,0.046425194,08,0.046425194,False,0,0.0,0.6,0.143212597,Normal
test,08_009,0,0.038647395,08,0.038647395,False,0,0.0,0.6,0.1393236975,Normal
test,08_009,0,0.044380885,08,0.044380885,False,0,0.0,0.6,0.14219044249999999,Normal
test,08_009,0,0.058035094,08,0.058035094,False,0,0.0,0.6,0.149017547,Normal
test,08_009,0,0.04893353,08,0.04893353,False,0,0.0,0.6,0.144466765,Normal
test,08_009,0,0.027347269,08,0.027347269,False,0,0.0,0.6,0.1336736345,Normal
test,08_009,0,0.019386334,08,0.019386334,False,0,0.0,0.6,0.129693167,Normal
test,08_009,0,0.02553557,08,0.02553557,False,0,0.0,0.6,0.132767785,Normal
test,08_009,0,0.021249916,08,0.021249916,False,0,0.0,0.6,0.13062495799999999,Normal
test,08_009,0,0.019123813,08,0.019123813,False,0,0.0,0.6,0.1295619065,Normal
test,08_009,0,0.020341447,08,0.020341447,False,0,0.0,0.6,0.1301707235,Normal
test,08_009,0,0.031232625,08,0.031232625,False,0,0.0,0.6,0.1356163125,Normal
test,08_009,0,0.040544376,08,0.040544376,False,0,0.0,0.6,0.140272188,Normal
test,08_009,0,0.040196914,08,0.040196914,False,0,0.0,0.6,0.140098457,Normal
test,08_009,0,0.0700211,08,0.0700211,False,0,0.0,0.6,0.15501055,Normal
test,08_009,0,0.05768495,08,0.05768495,False,0,0.0,0.6,0.148842475,Normal
test,08_009,0,0.056006767,08,0.056006767,False,0,0.0,0.6,0.1480033835,Normal
test,08_009,0,0.053255953,08,0.053255953,False,0,0.0,0.6,0.1466279765,Normal
test,08_009,0,0.035484914,08,0.035484914,False,0,0.0,0.6,0.13774245699999998,Normal
test,08_009,0,0.022053553,08,0.022053553,False,0,0.0,0.6,0.1310267765,Normal
test,08_009,0,0.019311508,08,0.019311508,False,0,0.0,0.6,0.12965575399999998,Normal
test,08_009,0,0.021958463,08,0.021958463,False,0,0.0,0.6,0.1309792315,Normal
train,08_010,0,0.046518184,08,0.046518184,False,0,0.0,0.6,0.143259092,Normal
train,08_010,0,0.19017461,08,0.19017461,False,0,0.0,0.6,0.215087305,Normal
train,08_010,0,0.15681857,08,0.15681857,False,0,0.0,0.6,0.198409285,Normal
train,08_010,0,0.053863324,08,0.053863324,False,0,0.0,0.6,0.146931662,Normal
train,08_010,0,0.041880023,08,0.041880023,False,0,0.0,0.6,0.1409400115,Normal
train,08_010,0,0.06039435,08,0.06039435,False,0,0.0,0.6,0.150197175,Normal
train,08_010,0,0.11536816,08,0.11536816,False,0,0.0,0.6,0.17768408,Normal
train,08_010,0,0.13342185,08,0.13342185,False,0,0.0,0.6,0.186710925,Normal
train,08_010,0,0.25085124,08,0.25085124,False,0,0.0,0.6,0.24542561999999998,Normal
train,08_010,0,0.38712406,08,0.38712406,False,0,0.0,0.6,0.31356203,Normal
train,08_010,0,0.41056347,08,0.41056347,False,0,0.0,0.6,0.325281735,Normal
train,08_010,0,0.31941187,08,0.31941187,False,0,0.0,0.6,0.27970593499999996,Normal
train,08_010,0,0.22812107,08,0.22812107,False,0,0.0,0.6,0.23406053500000001,Normal
train,08_010,0,0.29559565,08,0.29559565,False,0,0.0,0.6,0.267797825,Normal
train,08_010,0,0.117370024,08,0.117370024,False,0,0.0,0.6,0.178685012,Normal
train,08_010,0,0.051026,08,0.051026,False,0,0.0,0.6,0.145513,Normal
train,08_010,0,0.061458588,08,0.061458588,False,0,0.0,0.6,0.15072929399999999,Normal
train,08_010,0,0.04986301,08,0.04986301,False,0,0.0,0.6,0.144931505,Normal
train,08_010,0,0.057950385,08,0.057950385,False,0,0.0,0.6,0.1489751925,Normal
train,08_010,0,0.03612073,08,0.03612073,False,0,0.0,0.6,0.138060365,Normal
train,08_010,0,0.025802488,08,0.025802488,False,0,0.0,0.6,0.132901244,Normal
train,08_011,0,0.028081398,08,0.028081398,False,0,0.0,0.6,0.13404069899999999,Normal
train,08_011,0,0.03473565,08,0.03473565,False,0,0.0,0.6,0.137367825,Normal
train,08_011,0,0.051136676,08,0.051136676,False,0,0.0,0.6,0.145568338,Normal
train,08_011,0,0.09335631,08,0.09335631,False,0,0.0,0.6,0.166678155,Normal
train,08_011,0,0.1062258,08,0.1062258,False,0,0.0,0.6,0.1731129,Normal
train,08_011,0,0.0749697,08,0.0749697,False,0,0.0,0.6,0.15748485,Normal
train,08_011,0,0.048894882,08,0.048894882,False,0,0.0,0.6,0.144447441,Normal
train,08_011,0,0.039155845,08,0.039155845,False,0,0.0,0.6,0.1395779225,Normal
train,08_011,0,0.026778216,08,0.026778216,False,0,0.0,0.6,0.133389108,Normal
train,08_011,0,0.02480279,08,0.02480279,False,0,0.0,0.6,0.132401395,Normal
train,08_011,0,0.025435355,08,0.025435355,False,0,0.0,0.6,0.1327176775,Normal
train,08_011,0,0.016975272,08,0.016975272,False,0,0.0,0.6,0.128487636,Normal
train,08_011,0,0.025653645,08,0.025653645,False,0,0.0,0.6,0.1328268225,Normal
train,08_011,0,0.017150592,08,0.017150592,False,0,0.0,0.6,0.128575296,Normal
train,08_011,0,0.021383842,08,0.021383842,False,0,0.0,0.6,0.130691921,Normal
train,08_011,0,0.028249744,08,0.028249744,False,0,0.0,0.6,0.134124872,Normal
train,08_011,0,0.034074415,08,0.034074415,False,0,0.0,0.6,0.13703720749999998,Normal
train,08_011,0,0.044808477,08,0.044808477,False,0,0.0,0.6,0.1424042385,Normal
train,08_011,0,0.03609386,08,0.03609386,False,0,0.0,0.6,0.13804692999999998,Normal
train,08_011,0,0.027844334,08,0.027844334,False,0,0.0,0.6,0.13392216699999998,Normal
train,08_011,0,0.016779762,08,0.016779762,False,0,0.0,0.6,0.12838988099999998,Normal
train,08_012,0,0.042843718,08,0.042843718,False,0,0.0,0.6,0.14142185899999998,Normal
train,08_012,0,0.06449762,08,0.06449762,False,0,0.0,0.6,0.15224881,Normal
train,08_012,0,0.05401715,08,0.05401715,False,0,0.0,0.6,0.147008575,Normal
train,08_012,0,0.059623066,08,0.059623066,False,0,0.0,0.6,0.149811533,Normal
train,08_012,0,0.032816518,08,0.032816518,False,0,0.0,0.6,0.136408259,Normal
train,08_012,0,0.04660669,08,0.04660669,False,0,0.0,0.6,0.143303345,Normal
train,08_012,0,0.056519672,08,0.056519672,False,0,0.0,0.6,0.148259836,Normal
train,08_012,0,0.06611393,08,0.06611393,False,0,0.0,0.6,0.153056965,Normal
train,08_012,0,0.07984896,08,0.07984896,False,0,0.0,0.6,0.15992447999999998,Normal
train,08_012,0,0.08648921,08,0.08648921,False,0,0.0,0.6,0.163244605,Normal
train,08_012,0,0.10597986,08,0.10597986,False,0,0.0,0.6,0.17298993,Normal
train,08_012,0,0.09660865,08,0.09660865,False,0,0.0,0.6,0.168304325,Normal
train,08_012,0,0.23999454,08,0.23999454,False,0,0.0,0.6,0.23999726999999998,Normal
train,08_012,0,0.54357016,08,0.54357016,True,1,0.2,0.6,0.45178508,Low
train,08_012,0,0.5588488,08,0.5588488,True,2,0.4,0.6,0.5194244,Low
train,08_012,0,0.59037745,08,0.59037745,True,3,0.6,0.6,0.595188725,Low
train,08_012,0,0.63697666,08,0.63697666,True,4,0.8,0.6,0.67848833,Medium
train,08_012,0,0.3630943,08,0.3630943,False,0,0.0,0.6,0.30154715,Normal
train,08_012,0,0.5264784,08,0.5264784,True,1,0.2,0.6,0.4432392,Low
train,08_012,0,0.41164237,08,0.41164237,False,0,0.0,0.6,0.325821185,Normal
train,08_012,0,0.5619416,08,0.5619416,True,1,0.2,0.6,0.4609708,Low
train,08_012,0,0.59084797,08,0.59084797,True,2,0.4,0.6,0.535423985,Low
train,08_012,0,0.30258566,08,0.30258566,False,0,0.0,0.6,0.27129283,Normal
train,08_013,0,0.031867918,08,0.031867918,False,0,0.0,0.6,0.135933959,Normal
train,08_013,0,0.026477644,08,0.026477644,False,0,0.0,0.6,0.133238822,Normal
train,08_013,0,0.038793627,08,0.038793627,False,0,0.0,0.6,0.1393968135,Normal
train,08_013,0,0.06332558,08,0.06332558,False,0,0.0,0.6,0.15166279,Normal
train,08_013,0,0.073015116,08,0.073015116,False,0,0.0,0.6,0.156507558,Normal
train,08_013,0,0.0912103,08,0.0912103,False,0,0.0,0.6,0.16560514999999998,Normal
train,08_013,0,0.108258285,08,0.108258285,False,0,0.0,0.6,0.1741291425,Normal
train,08_013,0,0.22006379,08,0.22006379,False,0,0.0,0.6,0.230031895,Normal
train,08_013,0,0.20806375,08,0.20806375,False,0,0.0,0.6,0.224031875,Normal
train,08_013,0,0.08184852,08,0.08184852,False,0,0.0,0.6,0.16092425999999999,Normal
train,08_013,0,0.065198444,08,0.065198444,False,0,0.0,0.6,0.15259922199999998,Normal
train,08_013,0,0.065579005,08,0.065579005,False,0,0.0,0.6,0.1527895025,Normal
train,08_013,0,0.15933889,08,0.15933889,False,0,0.0,0.6,0.199669445,Normal
train,08_013,0,0.37437463,08,0.37437463,False,0,0.0,0.6,0.30718731499999996,Normal
train,08_013,0,0.30091664,08,0.30091664,False,0,0.0,0.6,0.27045832000000003,Normal
train,08_013,0,0.29294583,08,0.29294583,False,0,0.0,0.6,0.26647291500000003,Normal
train,08_013,0,0.20204929,08,0.20204929,False,0,0.0,0.6,0.221024645,Normal
train,08_013,0,0.09384198,08,0.09384198,False,0,0.0,0.6,0.16692099,Normal
train,08_013,0,0.1082537,08,0.1082537,False,0,0.0,0.6,0.17412685,Normal
train,08_013,0,0.1692424,08,0.1692424,False,0,0.0,0.6,0.2046212,Normal
train,08_013,0,0.18409085,08,0.18409085,False,0,0.0,0.6,0.212045425,Normal
train,08_013,0,0.42429075,08,0.42429075,False,0,0.0,0.6,0.33214537499999996,Normal
train,08_013,0,0.59462076,08,0.59462076,True,1,0.2,0.6,0.47731038,Low
val,08_014,0,0.45215076,08,0.45215076,False,0,0.0,0.6,0.34607538,Normal
val,08_014,0,0.17138787,08,0.17138787,False,0,0.0,0.6,0.205693935,Normal
val,08_014,0,0.14383464,08,0.14383464,False,0,0.0,0.6,0.19191732,Normal
val,08_014,0,0.123984374,08,0.123984374,False,0,0.0,0.6,0.181992187,Normal
val,08_014,0,0.081106566,08,0.081106566,False,0,0.0,0.6,0.160553283,Normal
val,08_014,0,0.031141859,08,0.031141859,False,0,0.0,0.6,0.1355709295,Normal
val,08_014,0,0.024389233,08,0.024389233,False,0,0.0,0.6,0.1321946165,Normal
val,08_014,0,0.03248792,08,0.03248792,False,0,0.0,0.6,0.13624396,Normal
val,08_014,0,0.020292187,08,0.020292187,False,0,0.0,0.6,0.1301460935,Normal
val,08_014,0,0.019120164,08,0.019120164,False,0,0.0,0.6,0.129560082,Normal
val,08_014,0,0.027908761,08,0.027908761,False,0,0.0,0.6,0.1339543805,Normal
val,08_014,0,0.043010533,08,0.043010533,False,0,0.0,0.6,0.1415052665,Normal
val,08_014,0,0.046396624,08,0.046396624,False,0,0.0,0.6,0.143198312,Normal
val,08_014,0,0.049376376,08,0.049376376,False,0,0.0,0.6,0.144688188,Normal
val,08_014,0,0.02980705,08,0.02980705,False,0,0.0,0.6,0.134903525,Normal
val,08_014,0,0.032754794,08,0.032754794,False,0,0.0,0.6,0.13637739699999998,Normal
val,08_014,0,0.023646532,08,0.023646532,False,0,0.0,0.6,0.131823266,Normal
val,08_014,0,0.018152915,08,0.018152915,False,0,0.0,0.6,0.1290764575,Normal
val,08_014,0,0.018648084,08,0.018648084,False,0,0.0,0.6,0.129324042,Normal
val,08_014,0,0.038609054,08,0.038609054,False,0,0.0,0.6,0.13930452699999998,Normal
val,08_014,0,0.051144946,08,0.051144946,False,0,0.0,0.6,0.14557247299999998,Normal
val,08_014,0,0.093473665,08,0.093473665,False,0,0.0,0.6,0.1667368325,Normal
val,08_014,0,0.2091086,08,0.2091086,False,0,0.0,0.6,0.22455429999999998,Normal
test,08_015,0,0.43976104,08,0.43976104,False,0,0.0,0.6,0.33988052,Normal
test,08_015,0,0.45565295,08,0.45565295,False,0,0.0,0.6,0.34782647499999997,Normal
test,08_015,0,0.37684613,08,0.37684613,False,0,0.0,0.6,0.308423065,Normal
test,08_015,0,0.43766382,08,0.43766382,False,0,0.0,0.6,0.33883191,Normal
test,08_015,0,0.58661056,08,0.58661056,True,1,0.2,0.6,0.47330528,Low
test,08_015,0,0.49304178,08,0.49304178,False,0,0.0,0.6,0.36652089,Normal
test,08_015,0,0.56909955,08,0.56909955,True,1,0.2,0.6,0.464549775,Low
test,08_015,0,0.69909924,08,0.69909924,True,2,0.4,0.6,0.58954962,Low
test,08_015,0,0.8297856,08,0.8297856,True,3,0.6,0.6,0.7148928,Medium
test,08_015,0,0.67915213,08,0.67915213,True,4,0.8,0.6,0.6995760649999999,Medium
test,08_015,0,0.64862365,08,0.64862365,True,5,1.0,0.6,0.7443118249999999,Medium
test,08_015,0,0.591046,08,0.591046,True,6,1.0,0.6,0.715523,Medium
test,08_015,0,0.6921933,08,0.6921933,True,7,1.0,0.6,0.76609665,Medium
test,08_015,0,0.8127714,08,0.8127714,True,8,1.0,0.6,0.8263857,Medium
test,08_015,0,0.82468474,08,0.82468474,True,9,1.0,0.6,0.83234237,High
test,08_015,0,0.78042674,08,0.78042674,True,10,1.0,0.6,0.8102133699999999,Medium
test,08_015,0,0.87058836,08,0.87058836,True,11,1.0,0.6,0.8552941799999999,High
train,08_0156,0,0.105929546,08,0.105929546,False,0,0.0,0.6,0.172964773,Normal
train,08_0156,0,0.27265093,08,0.27265093,False,0,0.0,0.6,0.256325465,Normal
train,08_0156,0,0.7388315,08,0.7388315,True,1,0.2,0.6,0.54941575,Low
train,08_0156,1,0.79185003,08,0.79185003,True,2,0.4,0.6,0.635925015,Low
train,08_0156,1,0.8937483,08,0.8937483,True,3,0.6,0.6,0.74687415,Medium
train,08_0156,1,0.89192444,08,0.89192444,True,4,0.8,0.6,0.80596222,Medium
train,08_0156,0,0.65082085,08,0.65082085,True,5,1.0,0.6,0.745410425,Medium
train,08_0156,0,0.13208307,08,0.13208307,False,0,0.0,0.6,0.18604153499999998,Normal
train,08_0156,0,0.03547581,08,0.03547581,False,0,0.0,0.6,0.137737905,Normal
val,08_0157,0,0.009630587,08,0.009630587,False,0,0.0,0.6,0.1248152935,Normal
val,08_0157,0,0.01023843,08,0.01023843,False,0,0.0,0.6,0.125119215,Normal
val,08_0157,0,0.011403638,08,0.011403638,False,0,0.0,0.6,0.125701819,Normal
val,08_0157,0,0.03977518,08,0.03977518,False,0,0.0,0.6,0.13988759,Normal
val,08_0157,1,0.073700964,08,0.073700964,False,0,0.0,0.6,0.15685048199999999,Normal
val,08_0157,1,0.02131346,08,0.02131346,False,0,0.0,0.6,0.13065673,Normal
val,08_0157,1,0.010399468,08,0.010399468,False,0,0.0,0.6,0.125199734,Normal
val,08_0157,1,0.007262403,08,0.007262403,False,0,0.0,0.6,0.1236312015,Normal
train,08_0158,0,0.76757455,08,0.76757455,True,1,0.2,0.6,0.5637872749999999,Low
train,08_0158,0,0.93692434,08,0.93692434,True,2,0.4,0.6,0.70846217,Medium
train,08_0158,1,0.92234504,08,0.92234504,True,3,0.6,0.6,0.76117252,Medium
train,08_0158,1,0.9606086,08,0.9606086,True,4,0.8,0.6,0.8403043,High
train,08_0158,1,0.9056965,08,0.9056965,True,5,1.0,0.6,0.87284825,High
train,08_0158,1,0.8890122,08,0.8890122,True,6,1.0,0.6,0.8645060999999999,High
train,08_0158,1,0.85538155,08,0.85538155,True,7,1.0,0.6,0.847690775,High
train,08_0158,1,0.7510495,08,0.7510495,True,8,1.0,0.6,0.79552475,Medium
train,08_0158,0,0.6438047,08,0.6438047,True,9,1.0,0.6,0.74190235,Medium
train,08_0159,0,0.8475996,08,0.8475996,True,1,0.2,0.6,0.6037998,Low
train,08_0159,0,0.88052326,08,0.88052326,True,2,0.4,0.6,0.6802616300000001,Medium
train,08_0159,0,0.9268636,08,0.9268636,True,3,0.6,0.6,0.7634318,Medium
train,08_0159,1,0.944158,08,0.944158,True,4,0.8,0.6,0.832079,High
train,08_0159,1,0.9309356,08,0.9309356,True,5,1.0,0.6,0.8854677999999999,High
train,08_0159,1,0.92514294,08,0.92514294,True,6,1.0,0.6,0.8825714699999999,High
train,08_0159,1,0.9056892,08,0.9056892,True,7,1.0,0.6,0.8728446,High
val,08_016,0,0.6960571,08,0.6960571,True,1,0.2,0.6,0.5280285499999999,Low
val,08_016,0,0.7070039,08,0.7070039,True,2,0.4,0.6,0.5935019500000001,Low
val,08_016,0,0.6957963,08,0.6957963,True,3,0.6,0.6,0.64789815,Low
val,08_016,0,0.6634025,08,0.6634025,True,4,0.8,0.6,0.69170125,Medium
val,08_016,0,0.77432525,08,0.77432525,True,5,1.0,0.6,0.807162625,Medium
val,08_016,0,0.8816567,08,0.8816567,True,6,1.0,0.6,0.8608283499999999,High
val,08_016,0,0.8815914,08,0.8815914,True,7,1.0,0.6,0.8607957,High
val,08_016,0,0.90672433,08,0.90672433,True,8,1.0,0.6,0.873362165,High
val,08_016,0,0.88495064,08,0.88495064,True,9,1.0,0.6,0.86247532,High
val,08_016,0,0.8674911,08,0.8674911,True,10,1.0,0.6,0.85374555,High
val,08_016,0,0.8211475,08,0.8211475,True,11,1.0,0.6,0.83057375,High
val,08_016,0,0.67105204,08,0.67105204,True,12,1.0,0.6,0.7555260199999999,Medium
val,08_016,0,0.7087951,08,0.7087951,True,13,1.0,0.6,0.77439755,Medium
val,08_016,0,0.74368393,08,0.74368393,True,14,1.0,0.6,0.791841965,Medium
val,08_016,0,0.5515828,08,0.5515828,True,15,1.0,0.6,0.6957914,Medium
val,08_016,0,0.5569042,08,0.5569042,True,16,1.0,0.6,0.6984521,Medium
val,08_016,0,0.56566775,08,0.56566775,True,17,1.0,0.6,0.7028338749999999,Medium
val,08_016,0,0.7657274,08,0.7657274,True,18,1.0,0.6,0.8028637,Medium
val,08_016,0,0.7975693,08,0.7975693,True,19,1.0,0.6,0.81878465,Medium
val,08_016,0,0.8479598,08,0.8479598,True,20,1.0,0.6,0.8439799,High
val,08_016,0,0.8519917,08,0.8519917,True,21,1.0,0.6,0.84599585,High
val,08_016,0,0.82752544,08,0.82752544,True,22,1.0,0.6,0.83376272,High
val,08_016,0,0.77302706,08,0.77302706,True,23,1.0,0.6,0.80651353,Medium
val,08_016,0,0.6236836,08,0.6236836,True,24,1.0,0.6,0.7318418,Medium
val,08_016,0,0.624768,08,0.624768,True,25,1.0,0.6,0.732384,Medium
val,08_016,0,0.6541921,08,0.6541921,True,26,1.0,0.6,0.74709605,Medium
val,08_016,0,0.6347768,08,0.6347768,True,27,1.0,0.6,0.7373884,Medium
val,08_016,0,0.6416204,08,0.6416204,True,28,1.0,0.6,0.7408102,Medium
train,08_017,0,0.7197277,08,0.7197277,True,1,0.2,0.6,0.5398638499999999,Low
train,08_017,0,0.7423012,08,0.7423012,True,2,0.4,0.6,0.6111506,Low
train,08_017,0,0.68499917,08,0.68499917,True,3,0.6,0.6,0.642499585,Low
train,08_017,0,0.4691419,08,0.4691419,False,0,0.0,0.6,0.35457095,Normal
train,08_017,0,0.08436159,08,0.08436159,False,0,0.0,0.6,0.162180795,Normal
train,08_017,0,0.06982784,08,0.06982784,False,0,0.0,0.6,0.15491391999999998,Normal
train,08_017,0,0.056932554,08,0.056932554,False,0,0.0,0.6,0.148466277,Normal
train,08_017,0,0.039481994,08,0.039481994,False,0,0.0,0.6,0.139740997,Normal
train,08_017,0,0.023892254,08,0.023892254,False,0,0.0,0.6,0.131946127,Normal
train,08_017,0,0.01720435,08,0.01720435,False,0,0.0,0.6,0.12860217499999999,Normal
train,08_017,0,0.076644085,08,0.076644085,False,0,0.0,0.6,0.15832204249999998,Normal
train,08_017,0,0.18638504,08,0.18638504,False,0,0.0,0.6,0.21319252,Normal
train,08_017,0,0.3015857,08,0.3015857,False,0,0.0,0.6,0.27079285,Normal
train,08_017,0,0.43199903,08,0.43199903,False,0,0.0,0.6,0.335999515,Normal
train,08_017,0,0.48074493,08,0.48074493,False,0,0.0,0.6,0.360372465,Normal
train,08_017,0,0.5643142,08,0.5643142,True,1,0.2,0.6,0.4621571,Low
train,08_017,0,0.51038945,08,0.51038945,True,2,0.4,0.6,0.495194725,Low
train,08_017,0,0.45136493,08,0.45136493,False,0,0.0,0.6,0.345682465,Normal
train,08_017,0,0.6919637,08,0.6919637,True,1,0.2,0.6,0.52598185,Low
train,08_017,0,0.81170017,08,0.81170017,True,2,0.4,0.6,0.6458500850000001,Low
train,08_017,0,0.8487093,08,0.8487093,True,3,0.6,0.6,0.72435465,Medium
train,08_017,0,0.65071046,08,0.65071046,True,4,0.8,0.6,0.68535523,Medium
train,08_017,0,0.38732362,08,0.38732362,False,0,0.0,0.6,0.31366181,Normal
train,08_017,0,0.25450194,08,0.25450194,False,0,0.0,0.6,0.24725097,Normal
train,08_017,0,0.28716338,08,0.28716338,False,0,0.0,0.6,0.26358169,Normal
train,08_017,0,0.6015378,08,0.6015378,True,1,0.2,0.6,0.4807689,Low
train,08_017,0,0.69386446,08,0.69386446,True,2,0.4,0.6,0.5869322299999999,Low
train,08_017,0,0.4168112,08,0.4168112,False,0,0.0,0.6,0.32840559999999996,Normal
train,08_0178,0,0.7746528,08,0.7746528,True,1,0.2,0.6,0.5673264,Low
train,08_0178,1,0.85055023,08,0.85055023,True,2,0.4,0.6,0.6652751149999999,Low
train,08_0178,1,0.8360421,08,0.8360421,True,3,0.6,0.6,0.71802105,Medium
train,08_0178,1,0.8922516,08,0.8922516,True,4,0.8,0.6,0.8061258,Medium
train,08_0178,1,0.8295058,08,0.8295058,True,5,1.0,0.6,0.8347528999999999,High
train,08_0178,0,0.7010117,08,0.7010117,True,6,1.0,0.6,0.77050585,Medium
train,08_0178,0,0.602446,08,0.602446,True,7,1.0,0.6,0.7212230000000001,Medium
val,08_0179,1,0.030644445,08,0.030644445,False,0,0.0,0.6,0.1353222225,Normal
val,08_0179,1,0.056653045,08,0.056653045,False,0,0.0,0.6,0.1483265225,Normal
val,08_0179,1,0.18920343,08,0.18920343,False,0,0.0,0.6,0.214601715,Normal
val,08_0179,1,0.57486826,08,0.57486826,True,1,0.2,0.6,0.46743413,Low
val,08_0179,1,0.8421717,08,0.8421717,True,2,0.4,0.6,0.66108585,Low
val,08_0179,1,0.8879382,08,0.8879382,True,3,0.6,0.6,0.7439691,Medium
val,08_0179,1,0.9395895,08,0.9395895,True,4,0.8,0.6,0.8297947499999999,High
val,08_0179,0,0.91719663,08,0.91719663,True,5,1.0,0.6,0.878598315,High
val,08_0179,0,0.8322727,08,0.8322727,True,6,1.0,0.6,0.83613635,High
test,08_018,0,0.13920891,08,0.13920891,False,0,0.0,0.6,0.189604455,Normal
test,08_018,0,0.18155289,08,0.18155289,False,0,0.0,0.6,0.21077644499999998,Normal
test,08_018,0,0.1567994,08,0.1567994,False,0,0.0,0.6,0.1983997,Normal
test,08_018,0,0.35562235,08,0.35562235,False,0,0.0,0.6,0.297811175,Normal
test,08_018,0,0.3674645,08,0.3674645,False,0,0.0,0.6,0.30373225000000004,Normal
test,08_018,0,0.23047505,08,0.23047505,False,0,0.0,0.6,0.235237525,Normal
test,08_018,0,0.10130263,08,0.10130263,False,0,0.0,0.6,0.170651315,Normal
test,08_018,0,0.10234925,08,0.10234925,False,0,0.0,0.6,0.171174625,Normal
test,08_018,0,0.042517565,08,0.042517565,False,0,0.0,0.6,0.14125878249999999,Normal
test,08_018,0,0.023671515,08,0.023671515,False,0,0.0,0.6,0.13183575749999998,Normal
test,08_018,0,0.03197106,08,0.03197106,False,0,0.0,0.6,0.13598553,Normal
test,08_018,0,0.01794818,08,0.01794818,False,0,0.0,0.6,0.12897408999999999,Normal
test,08_018,0,0.038755767,08,0.038755767,False,0,0.0,0.6,0.1393778835,Normal
test,08_018,0,0.10003348,08,0.10003348,False,0,0.0,0.6,0.17001674,Normal
test,08_018,0,0.33582497,08,0.33582497,False,0,0.0,0.6,0.287912485,Normal
test,08_018,0,0.6264207,08,0.6264207,True,1,0.2,0.6,0.49321035,Low
test,08_018,0,0.51171464,08,0.51171464,True,2,0.4,0.6,0.49585732,Low
test,08_018,0,0.45940095,08,0.45940095,False,0,0.0,0.6,0.349700475,Normal
test,08_018,0,0.20519462,08,0.20519462,False,0,0.0,0.6,0.22259731,Normal
test,08_018,0,0.03208647,08,0.03208647,False,0,0.0,0.6,0.13604323499999998,Normal
test,08_018,0,0.026965262,08,0.026965262,False,0,0.0,0.6,0.133482631,Normal
test,08_018,0,0.033102855,08,0.033102855,False,0,0.0,0.6,0.1365514275,Normal
test,08_018,0,0.061008558,08,0.061008558,False,0,0.0,0.6,0.150504279,Normal
test,08_018,0,0.10356911,08,0.10356911,False,0,0.0,0.6,0.171784555,Normal
test,08_018,0,0.17006433,08,0.17006433,False,0,0.0,0.6,0.205032165,Normal
test,08_018,0,0.07998021,08,0.07998021,False,0,0.0,0.6,0.159990105,Normal
test,08_018,0,0.073236056,08,0.073236056,False,0,0.0,0.6,0.156618028,Normal
test,08_018,0,0.0528343,08,0.0528343,False,0,0.0,0.6,0.14641715,Normal
train,08_019,0,0.27623922,08,0.27623922,False,0,0.0,0.6,0.25811961,Normal
train,08_019,0,0.17053369,08,0.17053369,False,0,0.0,0.6,0.20526684499999998,Normal
train,08_019,0,0.109342314,08,0.109342314,False,0,0.0,0.6,0.174671157,Normal
train,08_019,0,0.2896981,08,0.2896981,False,0,0.0,0.6,0.26484905000000003,Normal
train,08_019,0,0.4974837,08,0.4974837,False,0,0.0,0.6,0.36874185,Normal
train,08_019,0,0.39994806,08,0.39994806,False,0,0.0,0.6,0.31997403,Normal
train,08_019,0,0.11435946,08,0.11435946,False,0,0.0,0.6,0.17717972999999998,Normal
train,08_019,0,0.41331714,08,0.41331714,False,0,0.0,0.6,0.32665857,Normal
train,08_019,0,0.7138629,08,0.7138629,True,1,0.2,0.6,0.53693145,Low
train,08_019,0,0.37756544,08,0.37756544,False,0,0.0,0.6,0.30878271999999996,Normal
train,08_019,0,0.23948136,08,0.23948136,False,0,0.0,0.6,0.23974067999999998,Normal
train,08_019,0,0.23580293,08,0.23580293,False,0,0.0,0.6,0.23790146499999998,Normal
train,08_019,0,0.16953205,08,0.16953205,False,0,0.0,0.6,0.204766025,Normal
train,08_019,0,0.22937913,08,0.22937913,False,0,0.0,0.6,0.234689565,Normal
train,08_019,0,0.2679999,08,0.2679999,False,0,0.0,0.6,0.25399995,Normal
train,08_019,0,0.31469142,08,0.31469142,False,0,0.0,0.6,0.27734570999999997,Normal
train,08_019,0,0.28872117,08,0.28872117,False,0,0.0,0.6,0.26436058500000004,Normal
train,08_019,0,0.08464323,08,0.08464323,False,0,0.0,0.6,0.162321615,Normal
train,08_019,0,0.029332642,08,0.029332642,False,0,0.0,0.6,0.134666321,Normal
train,08_019,0,0.037556313,08,0.037556313,False,0,0.0,0.6,0.1387781565,Normal
train,08_019,0,0.026950724,08,0.026950724,False,0,0.0,0.6,0.133475362,Normal
train,08_019,0,0.04569698,08,0.04569698,False,0,0.0,0.6,0.14284849,Normal
train,08_019,0,0.0970687,08,0.0970687,False,0,0.0,0.6,0.16853435,Normal
train,08_019,0,0.48959795,08,0.48959795,False,0,0.0,0.6,0.364798975,Normal
train,08_019,0,0.67480177,08,0.67480177,True,1,0.2,0.6,0.517400885,Low
train,08_019,0,0.74725133,08,0.74725133,True,2,0.4,0.6,0.613625665,Low
train,08_020,0,0.8261362,08,0.8261362,True,1,0.2,0.6,0.5930681,Low
train,08_020,0,0.7382291,08,0.7382291,True,2,0.4,0.6,0.6091145499999999,Low
train,08_020,0,0.10036642,08,0.10036642,False,0,0.0,0.6,0.17018321,Normal
train,08_020,0,0.04411407,08,0.04411407,False,0,0.0,0.6,0.142057035,Normal
train,08_020,0,0.18268621,08,0.18268621,False,0,0.0,0.6,0.21134310499999998,Normal
train,08_020,0,0.46385527,08,0.46385527,False,0,0.0,0.6,0.351927635,Normal
train,08_020,0,0.64969987,08,0.64969987,True,1,0.2,0.6,0.504849935,Low
train,08_020,0,0.38193998,08,0.38193998,False,0,0.0,0.6,0.31096999000000003,Normal
train,08_020,0,0.17916456,08,0.17916456,False,0,0.0,0.6,0.20958228,Normal
train,08_020,0,0.3087037,08,0.3087037,False,0,0.0,0.6,0.27435185,Normal
train,08_020,0,0.42388085,08,0.42388085,False,0,0.0,0.6,0.331940425,Normal
train,08_020,0,0.32315287,08,0.32315287,False,0,0.0,0.6,0.28157643499999996,Normal
train,08_020,0,0.21913503,08,0.21913503,False,0,0.0,0.6,0.229567515,Normal
train,08_020,0,0.37465,08,0.37465,False,0,0.0,0.6,0.30732499999999996,Normal
train,08_020,0,0.2613572,08,0.2613572,False,0,0.0,0.6,0.2506786,Normal
train,08_020,0,0.26410756,08,0.26410756,False,0,0.0,0.6,0.25205378,Normal
train,08_020,0,0.12101406,08,0.12101406,False,0,0.0,0.6,0.18050703,Normal
train,08_020,0,0.06595982,08,0.06595982,False,0,0.0,0.6,0.15297991,Normal
train,08_020,0,0.0373568,08,0.0373568,False,0,0.0,0.6,0.1386784,Normal
train,08_020,0,0.045072474,08,0.045072474,False,0,0.0,0.6,0.142536237,Normal
train,08_020,0,0.13100511,08,0.13100511,False,0,0.0,0.6,0.185502555,Normal
train,08_020,0,0.11609957,08,0.11609957,False,0,0.0,0.6,0.178049785,Normal
train,08_020,0,0.055269822,08,0.055269822,False,0,0.0,0.6,0.147634911,Normal
train,08_020,0,0.031978704,08,0.031978704,False,0,0.0,0.6,0.135989352,Normal
train,08_020,0,0.018387474,08,0.018387474,False,0,0.0,0.6,0.129193737,Normal
train,08_020,0,0.018391788,08,0.018391788,False,0,0.0,0.6,0.129195894,Normal
train,08_021,0,0.01373529,08,0.01373529,False,0,0.0,0.6,0.126867645,Normal
train,08_021,0,0.012910752,08,0.012910752,False,0,0.0,0.6,0.126455376,Normal
train,08_021,0,0.018690286,08,0.018690286,False,0,0.0,0.6,0.129345143,Normal
train,08_021,0,0.021466129,08,0.021466129,False,0,0.0,0.6,0.1307330645,Normal
train,08_021,0,0.031222362,08,0.031222362,False,0,0.0,0.6,0.135611181,Normal
train,08_021,0,0.026967956,08,0.026967956,False,0,0.0,0.6,0.133483978,Normal
train,08_021,0,0.015330197,08,0.015330197,False,0,0.0,0.6,0.1276650985,Normal
train,08_021,0,0.020649865,08,0.020649865,False,0,0.0,0.6,0.1303249325,Normal
train,08_021,0,0.14014748,08,0.14014748,False,0,0.0,0.6,0.19007374,Normal
train,08_021,0,0.1887794,08,0.1887794,False,0,0.0,0.6,0.21438970000000002,Normal
train,08_021,0,0.058156263,08,0.058156263,False,0,0.0,0.6,0.1490781315,Normal
train,08_021,0,0.018950181,08,0.018950181,False,0,0.0,0.6,0.1294750905,Normal
train,08_021,0,0.02753478,08,0.02753478,False,0,0.0,0.6,0.13376738999999999,Normal
train,08_021,0,0.03592899,08,0.03592899,False,0,0.0,0.6,0.137964495,Normal
train,08_021,0,0.027333394,08,0.027333394,False,0,0.0,0.6,0.133666697,Normal
train,08_021,0,0.014127108,08,0.014127108,False,0,0.0,0.6,0.127063554,Normal
train,08_021,0,0.01210302,08,0.01210302,False,0,0.0,0.6,0.12605151,Normal
train,08_021,0,0.025659654,08,0.025659654,False,0,0.0,0.6,0.13282982699999998,Normal
train,08_021,0,0.09746973,08,0.09746973,False,0,0.0,0.6,0.168734865,Normal
train,08_021,0,0.59595376,08,0.59595376,True,1,0.2,0.6,0.47797688,Low
train,08_021,0,0.8181201,08,0.8181201,True,2,0.4,0.6,0.64906005,Low
train,08_021,0,0.70528895,08,0.70528895,True,3,0.6,0.6,0.652644475,Low
train,08_021,0,0.30873564,08,0.30873564,False,0,0.0,0.6,0.27436782,Normal
train,08_021,0,0.03743074,08,0.03743074,False,0,0.0,0.6,0.13871537,Normal
train,08_021,0,0.013866139,08,0.013866139,False,0,0.0,0.6,0.1269330695,Normal
train,08_021,0,0.01092968,08,0.01092968,False,0,0.0,0.6,0.12546484,Normal
train,08_021,0,0.012081897,08,0.012081897,False,0,0.0,0.6,0.1260409485,Normal
train,08_021,0,0.008425505,08,0.008425505,False,0,0.0,0.6,0.1242127525,Normal
train,08_021,0,0.006121374,08,0.006121374,False,0,0.0,0.6,0.123060687,Normal
train,08_021,0,0.004966768,08,0.004966768,False,0,0.0,0.6,0.122483384,Normal
train,08_021,0,0.0048016636,08,0.0048016636,False,0,0.0,0.6,0.1224008318,Normal
train,08_021,0,0.007509376,08,0.007509376,False,0,0.0,0.6,0.123754688,Normal
train,08_021,0,0.010349293,08,0.010349293,False,0,0.0,0.6,0.1251746465,Normal
train,08_021,0,0.022357272,08,0.022357272,False,0,0.0,0.6,0.131178636,Normal
train,08_021,0,0.033778142,08,0.033778142,False,0,0.0,0.6,0.136889071,Normal
train,08_021,0,0.022160977,08,0.022160977,False,0,0.0,0.6,0.13108048849999998,Normal
train,08_021,0,0.00789415,08,0.00789415,False,0,0.0,0.6,0.12394707499999999,Normal
train,08_021,0,0.005125285,08,0.005125285,False,0,0.0,0.6,0.1225626425,Normal
train,08_021,0,0.0069486336,08,0.0069486336,False,0,0.0,0.6,0.1234743168,Normal
train,08_021,0,0.047104307,08,0.047104307,False,0,0.0,0.6,0.1435521535,Normal
test,08_022,0,0.19508415,08,0.19508415,False,0,0.0,0.6,0.217542075,Normal
test,08_022,0,0.2889779,08,0.2889779,False,0,0.0,0.6,0.26448895,Normal
test,08_022,0,0.20022658,08,0.20022658,False,0,0.0,0.6,0.22011329,Normal
test,08_022,0,0.095931605,08,0.095931605,False,0,0.0,0.6,0.16796580249999998,Normal
test,08_022,0,0.02719031,08,0.02719031,False,0,0.0,0.6,0.133595155,Normal
test,08_022,0,0.025698557,08,0.025698557,False,0,0.0,0.6,0.1328492785,Normal
test,08_022,0,0.020110805,08,0.020110805,False,0,0.0,0.6,0.1300554025,Normal
test,08_022,0,0.03222278,08,0.03222278,False,0,0.0,0.6,0.13611139,Normal
test,08_022,0,0.45596758,08,0.45596758,False,0,0.0,0.6,0.34798379,Normal
test,08_022,0,0.7306559,08,0.7306559,True,1,0.2,0.6,0.54532795,Low
test,08_022,0,0.83905494,08,0.83905494,True,2,0.4,0.6,0.65952747,Low
test,08_022,0,0.74965954,08,0.74965954,True,3,0.6,0.6,0.67482977,Medium
test,08_022,0,0.8372898,08,0.8372898,True,4,0.8,0.6,0.7786449,Medium
test,08_022,0,0.821715,08,0.821715,True,5,1.0,0.6,0.8308574999999999,High
test,08_022,0,0.85952955,08,0.85952955,True,6,1.0,0.6,0.849764775,High
test,08_022,0,0.87913275,08,0.87913275,True,7,1.0,0.6,0.859566375,High
test,08_022,0,0.914968,08,0.914968,True,8,1.0,0.6,0.877484,High
test,08_022,0,0.93468344,08,0.93468344,True,9,1.0,0.6,0.88734172,High
test,08_022,0,0.87944216,08,0.87944216,True,10,1.0,0.6,0.85972108,High
test,08_022,0,0.70275295,08,0.70275295,True,11,1.0,0.6,0.771376475,Medium
test,08_022,0,0.6040827,08,0.6040827,True,12,1.0,0.6,0.7220413499999999,Medium
test,08_022,0,0.32965672,08,0.32965672,False,0,0.0,0.6,0.28482836,Normal
test,08_022,0,0.24714528,08,0.24714528,False,0,0.0,0.6,0.24357264,Normal
test,08_022,0,0.123505816,08,0.123505816,False,0,0.0,0.6,0.181752908,Normal
train,08_023,0,0.2972104,08,0.2972104,False,0,0.0,0.6,0.2686052,Normal
train,08_023,0,0.12670672,08,0.12670672,False,0,0.0,0.6,0.18335336,Normal
train,08_023,0,0.3400938,08,0.3400938,False,0,0.0,0.6,0.2900469,Normal
train,08_023,0,0.2836673,08,0.2836673,False,0,0.0,0.6,0.26183365000000003,Normal
train,08_023,0,0.3806182,08,0.3806182,False,0,0.0,0.6,0.3103091,Normal
train,08_023,0,0.54242635,08,0.54242635,True,1,0.2,0.6,0.45121317499999997,Low
train,08_023,0,0.32421476,08,0.32421476,False,0,0.0,0.6,0.28210738,Normal
train,08_023,0,0.30167258,08,0.30167258,False,0,0.0,0.6,0.27083629,Normal
train,08_023,0,0.2353659,08,0.2353659,False,0,0.0,0.6,0.23768295,Normal
train,08_023,0,0.24871898,08,0.24871898,False,0,0.0,0.6,0.24435949,Normal
train,08_023,0,0.30113873,08,0.30113873,False,0,0.0,0.6,0.270569365,Normal
train,08_023,0,0.1531953,08,0.1531953,False,0,0.0,0.6,0.19659765,Normal
train,08_023,0,0.14830224,08,0.14830224,False,0,0.0,0.6,0.19415112,Normal
train,08_023,0,0.06196683,08,0.06196683,False,0,0.0,0.6,0.150983415,Normal
train,08_023,0,0.039583094,08,0.039583094,False,0,0.0,0.6,0.139791547,Normal
train,08_023,0,0.28778103,08,0.28778103,False,0,0.0,0.6,0.263890515,Normal
train,08_023,0,0.7482386,08,0.7482386,True,1,0.2,0.6,0.5541193,Low
train,08_023,0,0.6177477,08,0.6177477,True,2,0.4,0.6,0.54887385,Low
train,08_023,0,0.5778321,08,0.5778321,True,3,0.6,0.6,0.5889160499999999,Low
train,08_023,0,0.613804,08,0.613804,True,4,0.8,0.6,0.666902,Low
train,08_023,0,0.7666109,08,0.7666109,True,5,1.0,0.6,0.80330545,Medium
train,08_023,0,0.82007784,08,0.82007784,True,6,1.0,0.6,0.8300389199999999,High
train,08_023,0,0.8580376,08,0.8580376,True,7,1.0,0.6,0.8490188,High
train,08_023,0,0.7847968,08,0.7847968,True,8,1.0,0.6,0.8123984,Medium
val,08_024,0,0.00703668,08,0.00703668,False,0,0.0,0.6,0.12351833999999999,Normal
val,08_024,0,0.0077129994,08,0.0077129994,False,0,0.0,0.6,0.1238564997,Normal
val,08_024,0,0.007911921,08,0.007911921,False,0,0.0,0.6,0.12395596049999999,Normal
val,08_024,0,0.0070520923,08,0.0070520923,False,0,0.0,0.6,0.12352604615,Normal
val,08_024,0,0.0053173574,08,0.0053173574,False,0,0.0,0.6,0.1226586787,Normal
val,08_024,0,0.005565318,08,0.005565318,False,0,0.0,0.6,0.12278265899999999,Normal
val,08_024,0,0.005751329,08,0.005751329,False,0,0.0,0.6,0.1228756645,Normal
val,08_024,0,0.0048120883,08,0.0048120883,False,0,0.0,0.6,0.12240604414999999,Normal
val,08_024,0,0.006771476,08,0.006771476,False,0,0.0,0.6,0.123385738,Normal
val,08_024,0,0.0067277797,08,0.0067277797,False,0,0.0,0.6,0.12336388984999999,Normal
val,08_024,0,0.008575726,08,0.008575726,False,0,0.0,0.6,0.124287863,Normal
val,08_024,0,0.013275387,08,0.013275387,False,0,0.0,0.6,0.12663769349999998,Normal
val,08_024,0,0.011687931,08,0.011687931,False,0,0.0,0.6,0.1258439655,Normal
val,08_024,0,0.0145548,08,0.0145548,False,0,0.0,0.6,0.12727739999999998,Normal
val,08_024,0,0.027815964,08,0.027815964,False,0,0.0,0.6,0.13390798199999998,Normal
val,08_024,0,0.043799356,08,0.043799356,False,0,0.0,0.6,0.141899678,Normal
val,08_024,0,0.13116525,08,0.13116525,False,0,0.0,0.6,0.185582625,Normal
val,08_024,0,0.2526598,08,0.2526598,False,0,0.0,0.6,0.2463299,Normal
val,08_024,0,0.037016165,08,0.037016165,False,0,0.0,0.6,0.1385080825,Normal
val,08_024,0,0.015624417,08,0.015624417,False,0,0.0,0.6,0.1278122085,Normal
val,08_024,0,0.03145956,08,0.03145956,False,0,0.0,0.6,0.13572978,Normal
val,08_024,0,0.13497129,08,0.13497129,False,0,0.0,0.6,0.18748564499999998,Normal
val,08_025,0,0.091214605,08,0.091214605,False,0,0.0,0.6,0.1656073025,Normal
val,08_025,0,0.0451155,08,0.0451155,False,0,0.0,0.6,0.14255774999999998,Normal
val,08_025,0,0.05478558,08,0.05478558,False,0,0.0,0.6,0.14739279,Normal
val,08_025,0,0.03421604,08,0.03421604,False,0,0.0,0.6,0.13710802,Normal
val,08_025,0,0.024144601,08,0.024144601,False,0,0.0,0.6,0.1320723005,Normal
val,08_025,0,0.0099849,08,0.0099849,False,0,0.0,0.6,0.12499244999999999,Normal
val,08_025,0,0.009008349,08,0.009008349,False,0,0.0,0.6,0.1245041745,Normal
val,08_025,0,0.006165523,08,0.006165523,False,0,0.0,0.6,0.1230827615,Normal
val,08_025,0,0.0045575113,08,0.0045575113,False,0,0.0,0.6,0.12227875565,Normal
val,08_025,0,0.0044408157,08,0.0044408157,False,0,0.0,0.6,0.12222040784999999,Normal
val,08_025,0,0.0049961032,08,0.0049961032,False,0,0.0,0.6,0.12249805159999999,Normal
val,08_025,0,0.005422755,08,0.005422755,False,0,0.0,0.6,0.1227113775,Normal
val,08_025,0,0.005155327,08,0.005155327,False,0,0.0,0.6,0.12257766349999999,Normal
val,08_025,0,0.0056703542,08,0.0056703542,False,0,0.0,0.6,0.1228351771,Normal
val,08_025,0,0.006609635,08,0.006609635,False,0,0.0,0.6,0.1233048175,Normal
val,08_025,0,0.007148262,08,0.007148262,False,0,0.0,0.6,0.12357413099999999,Normal
val,08_025,0,0.009081501,08,0.009081501,False,0,0.0,0.6,0.12454075049999999,Normal
val,08_025,0,0.013844463,08,0.013844463,False,0,0.0,0.6,0.12692223149999998,Normal
val,08_025,0,0.009630978,08,0.009630978,False,0,0.0,0.6,0.124815489,Normal
val,08_025,0,0.006582172,08,0.006582172,False,0,0.0,0.6,0.123291086,Normal
val,08_025,0,0.005574535,08,0.005574535,False,0,0.0,0.6,0.12278726749999999,Normal
val,08_025,0,0.0049890447,08,0.0049890447,False,0,0.0,0.6,0.12249452235,Normal
train,08_026,0,0.03652138,08,0.03652138,False,0,0.0,0.6,0.13826069,Normal
train,08_026,0,0.07230311,08,0.07230311,False,0,0.0,0.6,0.156151555,Normal
train,08_026,0,0.1183679,08,0.1183679,False,0,0.0,0.6,0.17918394999999998,Normal
train,08_026,0,0.06230313,08,0.06230313,False,0,0.0,0.6,0.151151565,Normal
train,08_026,0,0.04300859,08,0.04300859,False,0,0.0,0.6,0.141504295,Normal
train,08_026,0,0.050539147,08,0.050539147,False,0,0.0,0.6,0.1452695735,Normal
train,08_026,0,0.07048728,08,0.07048728,False,0,0.0,0.6,0.15524364,Normal
train,08_026,0,0.06786606,08,0.06786606,False,0,0.0,0.6,0.15393303,Normal
train,08_026,0,0.1103868,08,0.1103868,False,0,0.0,0.6,0.1751934,Normal
train,08_026,0,0.14082904,08,0.14082904,False,0,0.0,0.6,0.19041451999999998,Normal
train,08_026,0,0.5171369,08,0.5171369,True,1,0.2,0.6,0.43856845,Low
train,08_026,0,0.84203064,08,0.84203064,True,2,0.4,0.6,0.6610153200000001,Low
train,08_026,0,0.85404694,08,0.85404694,True,3,0.6,0.6,0.72702347,Medium
train,08_026,0,0.89050806,08,0.89050806,True,4,0.8,0.6,0.8052540300000001,Medium
train,08_026,0,0.6872333,08,0.6872333,True,5,1.0,0.6,0.76361665,Medium
train,08_026,0,0.2979675,08,0.2979675,False,0,0.0,0.6,0.26898374999999997,Normal
train,08_026,0,0.12153892,08,0.12153892,False,0,0.0,0.6,0.18076946,Normal
train,08_026,0,0.03166902,08,0.03166902,False,0,0.0,0.6,0.13583451,Normal
train,08_026,0,0.012183454,08,0.012183454,False,0,0.0,0.6,0.126091727,Normal
train,08_026,0,0.012600531,08,0.012600531,False,0,0.0,0.6,0.1263002655,Normal
train,08_026,0,0.024723098,08,0.024723098,False,0,0.0,0.6,0.132361549,Normal
train,08_026,0,0.026270244,08,0.026270244,False,0,0.0,0.6,0.133135122,Normal
train,08_026,0,0.04936701,08,0.04936701,False,0,0.0,0.6,0.144683505,Normal
train,08_026,0,0.0666775,08,0.0666775,False,0,0.0,0.6,0.15333875,Normal
train,08_026,0,0.06887145,08,0.06887145,False,0,0.0,0.6,0.154435725,Normal
train,08_026,0,0.090129234,08,0.090129234,False,0,0.0,0.6,0.165064617,Normal
train,08_026,0,0.11495276,08,0.11495276,False,0,0.0,0.6,0.17747638,Normal
train,08_026,0,0.09269776,08,0.09269776,False,0,0.0,0.6,0.16634888,Normal
train,08_026,0,0.038213853,08,0.038213853,False,0,0.0,0.6,0.1391069265,Normal
train,08_026,0,0.030051904,08,0.030051904,False,0,0.0,0.6,0.135025952,Normal
train,08_026,0,0.085437246,08,0.085437246,False,0,0.0,0.6,0.162718623,Normal
train,08_026,0,0.22307266,08,0.22307266,False,0,0.0,0.6,0.23153633,Normal
train,08_027,0,0.0068408838,08,0.0068408838,False,0,0.0,0.6,0.1234204419,Normal
train,08_027,0,0.005157548,08,0.005157548,False,0,0.0,0.6,0.122578774,Normal
train,08_027,0,0.006140929,08,0.006140929,False,0,0.0,0.6,0.12307046449999999,Normal
train,08_027,0,0.0061546625,08,0.0061546625,False,0,0.0,0.6,0.12307733124999999,Normal
train,08_027,0,0.0078165615,08,0.0078165615,False,0,0.0,0.6,0.12390828074999999,Normal
train,08_027,0,0.007388935,08,0.007388935,False,0,0.0,0.6,0.1236944675,Normal
train,08_027,0,0.008091445,08,0.008091445,False,0,0.0,0.6,0.1240457225,Normal
train,08_027,0,0.007709271,08,0.007709271,False,0,0.0,0.6,0.12385463549999999,Normal
train,08_027,0,0.012056778,08,0.012056778,False,0,0.0,0.6,0.126028389,Normal
train,08_027,0,0.027720504,08,0.027720504,False,0,0.0,0.6,0.13386025199999999,Normal
train,08_027,0,0.035603065,08,0.035603065,False,0,0.0,0.6,0.1378015325,Normal
train,08_027,0,0.055703834,08,0.055703834,False,0,0.0,0.6,0.147851917,Normal
train,08_027,0,0.044677023,08,0.044677023,False,0,0.0,0.6,0.1423385115,Normal
train,08_027,0,0.033553474,08,0.033553474,False,0,0.0,0.6,0.13677673699999998,Normal
train,08_027,0,0.009128224,08,0.009128224,False,0,0.0,0.6,0.12456411199999999,Normal
train,08_027,0,0.006933084,08,0.006933084,False,0,0.0,0.6,0.123466542,Normal
train,08_027,0,0.006182255,08,0.006182255,False,0,0.0,0.6,0.1230911275,Normal
train,08_027,0,0.0065853624,08,0.0065853624,False,0,0.0,0.6,0.12329268119999999,Normal
train,08_027,0,0.00619341,08,0.00619341,False,0,0.0,0.6,0.123096705,Normal
train,08_027,0,0.005944072,08,0.005944072,False,0,0.0,0.6,0.12297203599999999,Normal
train,08_027,0,0.005454345,08,0.005454345,False,0,0.0,0.6,0.1227271725,Normal
train,08_027,0,0.005377957,08,0.005377957,False,0,0.0,0.6,0.12268897849999999,Normal
train,08_027,0,0.006502036,08,0.006502036,False,0,0.0,0.6,0.12325101799999999,Normal
train,08_027,0,0.0066706184,08,0.0066706184,False,0,0.0,0.6,0.12333530919999999,Normal
train,08_027,0,0.0059154923,08,0.0059154923,False,0,0.0,0.6,0.12295774614999999,Normal
train,08_027,0,0.006579273,08,0.006579273,False,0,0.0,0.6,0.1232896365,Normal
train,08_027,0,0.016737122,08,0.016737122,False,0,0.0,0.6,0.128368561,Normal
train,08_027,0,0.012184901,08,0.012184901,False,0,0.0,0.6,0.1260924505,Normal
train,08_027,0,0.018683096,08,0.018683096,False,0,0.0,0.6,0.129341548,Normal
train,08_027,0,0.021244438,08,0.021244438,False,0,0.0,0.6,0.13062221899999998,Normal
train,08_027,0,0.026074765,08,0.026074765,False,0,0.0,0.6,0.1330373825,Normal
train,08_027,0,0.028426576,08,0.028426576,False,0,0.0,0.6,0.134213288,Normal
train,08_027,0,0.033687774,08,0.033687774,False,0,0.0,0.6,0.136843887,Normal
train,08_027,0,0.027913705,08,0.027913705,False,0,0.0,0.6,0.1339568525,Normal
train,08_027,0,0.030595377,08,0.030595377,False,0,0.0,0.6,0.13529768849999999,Normal
train,08_027,0,0.024189617,08,0.024189617,False,0,0.0,0.6,0.1320948085,Normal
train,08_027,0,0.011613088,08,0.011613088,False,0,0.0,0.6,0.125806544,Normal
train,08_027,0,0.006941688,08,0.006941688,False,0,0.0,0.6,0.123470844,Normal
train,08_027,0,0.0062078405,08,0.0062078405,False,0,0.0,0.6,0.12310392025,Normal
train,08_027,0,0.0055449745,08,0.0055449745,False,0,0.0,0.6,0.12277248724999999,Normal
train,08_027,0,0.00504288,08,0.00504288,False,0,0.0,0.6,0.12252144,Normal
train,08_028,0,0.0106922,08,0.0106922,False,0,0.0,0.6,0.1253461,Normal
train,08_028,0,0.010351496,08,0.010351496,False,0,0.0,0.6,0.125175748,Normal
train,08_028,0,0.008680408,08,0.008680408,False,0,0.0,0.6,0.124340204,Normal
train,08_028,0,0.008662246,08,0.008662246,False,0,0.0,0.6,0.124331123,Normal
train,08_028,0,0.006286791,08,0.006286791,False,0,0.0,0.6,0.1231433955,Normal
train,08_028,0,0.0058396203,08,0.0058396203,False,0,0.0,0.6,0.12291981014999999,Normal
train,08_028,0,0.005451924,08,0.005451924,False,0,0.0,0.6,0.122725962,Normal
train,08_028,0,0.0061535668,08,0.0061535668,False,0,0.0,0.6,0.1230767834,Normal
train,08_028,0,0.0063484916,08,0.0063484916,False,0,0.0,0.6,0.1231742458,Normal
train,08_028,0,0.01770198,08,0.01770198,False,0,0.0,0.6,0.12885099,Normal
train,08_028,0,0.06280153,08,0.06280153,False,0,0.0,0.6,0.151400765,Normal
train,08_028,0,0.10128867,08,0.10128867,False,0,0.0,0.6,0.17064433499999998,Normal
train,08_028,0,0.071160205,08,0.071160205,False,0,0.0,0.6,0.15558010249999998,Normal
train,08_028,0,0.038389474,08,0.038389474,False,0,0.0,0.6,0.13919473699999999,Normal
train,08_028,0,0.1360578,08,0.1360578,False,0,0.0,0.6,0.1880289,Normal
train,08_028,0,0.059655048,08,0.059655048,False,0,0.0,0.6,0.149827524,Normal
train,08_028,0,0.023635184,08,0.023635184,False,0,0.0,0.6,0.13181759199999998,Normal
train,08_028,0,0.094248645,08,0.094248645,False,0,0.0,0.6,0.1671243225,Normal
train,08_028,0,0.040598154,08,0.040598154,False,0,0.0,0.6,0.140299077,Normal
train,08_028,0,0.01527584,08,0.01527584,False,0,0.0,0.6,0.12763792,Normal
train,08_028,0,0.010133567,08,0.010133567,False,0,0.0,0.6,0.1250667835,Normal
train,08_028,0,0.010960704,08,0.010960704,False,0,0.0,0.6,0.125480352,Normal
train,08_028,0,0.0073253615,08,0.0073253615,False,0,0.0,0.6,0.12366268074999999,Normal
train,08_028,0,0.009413924,08,0.009413924,False,0,0.0,0.6,0.12470696199999999,Normal
train,08_028,0,0.007914574,08,0.007914574,False,0,0.0,0.6,0.123957287,Normal
train,08_028,0,0.011267673,08,0.011267673,False,0,0.0,0.6,0.12563383649999998,Normal
train,08_028,0,0.013277117,08,0.013277117,False,0,0.0,0.6,0.1266385585,Normal
train,08_028,0,0.010773097,08,0.010773097,False,0,0.0,0.6,0.1253865485,Normal
train,08_028,0,0.007951531,08,0.007951531,False,0,0.0,0.6,0.1239757655,Normal
train,08_028,0,0.0063243234,08,0.0063243234,False,0,0.0,0.6,0.1231621617,Normal
train,08_028,0,0.005467755,08,0.005467755,False,0,0.0,0.6,0.12273387749999999,Normal
train,08_028,0,0.006877215,08,0.006877215,False,0,0.0,0.6,0.12343860749999999,Normal
train,08_029,0,0.020163586,08,0.020163586,False,0,0.0,0.6,0.130081793,Normal
train,08_029,0,0.062238015,08,0.062238015,False,0,0.0,0.6,0.15111900749999999,Normal
train,08_029,0,0.086353235,08,0.086353235,False,0,0.0,0.6,0.1631766175,Normal
train,08_029,0,0.027337208,08,0.027337208,False,0,0.0,0.6,0.133668604,Normal
train,08_029,0,0.01489697,08,0.01489697,False,0,0.0,0.6,0.127448485,Normal
train,08_029,0,0.02382985,08,0.02382985,False,0,0.0,0.6,0.131914925,Normal
train,08_029,0,0.025112929,08,0.025112929,False,0,0.0,0.6,0.1325564645,Normal
train,08_029,0,0.010584163,08,0.010584163,False,0,0.0,0.6,0.12529208149999999,Normal
train,08_029,0,0.0072629014,08,0.0072629014,False,0,0.0,0.6,0.12363145069999999,Normal
train,08_029,0,0.0076488955,08,0.0076488955,False,0,0.0,0.6,0.12382444775,Normal
train,08_029,0,0.015095737,08,0.015095737,False,0,0.0,0.6,0.1275478685,Normal
train,08_029,0,0.010921853,08,0.010921853,False,0,0.0,0.6,0.1254609265,Normal
train,08_029,0,0.014766444,08,0.014766444,False,0,0.0,0.6,0.127383222,Normal
train,08_029,0,0.020827517,08,0.020827517,False,0,0.0,0.6,0.1304137585,Normal
train,08_029,0,0.036969572,08,0.036969572,False,0,0.0,0.6,0.138484786,Normal
train,08_029,0,0.021433549,08,0.021433549,False,0,0.0,0.6,0.1307167745,Normal
train,08_029,0,0.022078177,08,0.022078177,False,0,0.0,0.6,0.13103908849999998,Normal
train,08_029,0,0.013331563,08,0.013331563,False,0,0.0,0.6,0.1266657815,Normal
train,08_029,0,0.00875476,08,0.00875476,False,0,0.0,0.6,0.12437738,Normal
train,08_029,0,0.01072426,08,0.01072426,False,0,0.0,0.6,0.12536213,Normal
train,08_029,0,0.0069720075,08,0.0069720075,False,0,0.0,0.6,0.12348600374999999,Normal
train,08_029,0,0.0054882905,08,0.0054882905,False,0,0.0,0.6,0.12274414524999999,Normal
train,08_029,0,0.0061786384,08,0.0061786384,False,0,0.0,0.6,0.12308931919999999,Normal
train,08_029,0,0.006817669,08,0.006817669,False,0,0.0,0.6,0.1234088345,Normal
train,08_029,0,0.0057408786,08,0.0057408786,False,0,0.0,0.6,0.1228704393,Normal
train,08_029,0,0.0055090524,08,0.0055090524,False,0,0.0,0.6,0.12275452619999999,Normal
train,08_029,0,0.0046323123,08,0.0046323123,False,0,0.0,0.6,0.12231615615,Normal
test,08_030,0,0.006090642,08,0.006090642,False,0,0.0,0.6,0.123045321,Normal
test,08_030,0,0.005616195,08,0.005616195,False,0,0.0,0.6,0.12280809749999999,Normal
test,08_030,0,0.0063635376,08,0.0063635376,False,0,0.0,0.6,0.1231817688,Normal
test,08_030,0,0.005729193,08,0.005729193,False,0,0.0,0.6,0.12286459649999999,Normal
test,08_030,0,0.0059379893,08,0.0059379893,False,0,0.0,0.6,0.12296899465,Normal
test,08_030,0,0.0069169044,08,0.0069169044,False,0,0.0,0.6,0.1234584522,Normal
test,08_030,0,0.009335058,08,0.009335058,False,0,0.0,0.6,0.124667529,Normal
test,08_030,0,0.0145677645,08,0.0145677645,False,0,0.0,0.6,0.12728388225,Normal
test,08_030,0,0.017377326,08,0.017377326,False,0,0.0,0.6,0.12868866299999998,Normal
test,08_030,0,0.030851718,08,0.030851718,False,0,0.0,0.6,0.13542585899999998,Normal
test,08_030,0,0.020565731,08,0.020565731,False,0,0.0,0.6,0.13028286549999998,Normal
test,08_030,0,0.01291406,08,0.01291406,False,0,0.0,0.6,0.12645703,Normal
test,08_030,0,0.008150919,08,0.008150919,False,0,0.0,0.6,0.1240754595,Normal
test,08_030,0,0.010535413,08,0.010535413,False,0,0.0,0.6,0.1252677065,Normal
test,08_030,0,0.008869611,08,0.008869611,False,0,0.0,0.6,0.1244348055,Normal
test,08_030,0,0.0066093793,08,0.0066093793,False,0,0.0,0.6,0.12330468965,Normal
test,08_030,0,0.0070370096,08,0.0070370096,False,0,0.0,0.6,0.1235185048,Normal
test,08_030,0,0.006596605,08,0.006596605,False,0,0.0,0.6,0.1232983025,Normal
test,08_030,0,0.009151951,08,0.009151951,False,0,0.0,0.6,0.12457597549999999,Normal
test,08_030,0,0.015813507,08,0.015813507,False,0,0.0,0.6,0.1279067535,Normal
test,08_030,0,0.02957485,08,0.02957485,False,0,0.0,0.6,0.134787425,Normal
test,08_030,0,0.038419038,08,0.038419038,False,0,0.0,0.6,0.139209519,Normal
test,08_030,0,0.029978754,08,0.029978754,False,0,0.0,0.6,0.134989377,Normal
test,08_030,0,0.016655829,08,0.016655829,False,0,0.0,0.6,0.1283279145,Normal
test,08_030,0,0.0069201346,08,0.0069201346,False,0,0.0,0.6,0.12346006729999999,Normal
test,08_030,0,0.0053907232,08,0.0053907232,False,0,0.0,0.6,0.1226953616,Normal
test,08_030,0,0.0063954135,08,0.0063954135,False,0,0.0,0.6,0.12319770675,Normal
train,08_031,0,0.0079141995,08,0.0079141995,False,0,0.0,0.6,0.12395709975,Normal
train,08_031,0,0.0090550585,08,0.0090550585,False,0,0.0,0.6,0.12452752924999999,Normal
train,08_031,0,0.015522634,08,0.015522634,False,0,0.0,0.6,0.12776131699999999,Normal
train,08_031,0,0.021456975,08,0.021456975,False,0,0.0,0.6,0.1307284875,Normal
train,08_031,0,0.035678845,08,0.035678845,False,0,0.0,0.6,0.1378394225,Normal
train,08_031,0,0.023615297,08,0.023615297,False,0,0.0,0.6,0.13180764849999999,Normal
train,08_031,0,0.017569177,08,0.017569177,False,0,0.0,0.6,0.1287845885,Normal
train,08_031,0,0.012189241,08,0.012189241,False,0,0.0,0.6,0.1260946205,Normal
train,08_031,0,0.012068153,08,0.012068153,False,0,0.0,0.6,0.1260340765,Normal
train,08_031,0,0.014620974,08,0.014620974,False,0,0.0,0.6,0.127310487,Normal
train,08_031,0,0.03998104,08,0.03998104,False,0,0.0,0.6,0.13999052,Normal
train,08_031,0,0.05050418,08,0.05050418,False,0,0.0,0.6,0.14525209,Normal
train,08_031,0,0.03955525,08,0.03955525,False,0,0.0,0.6,0.139777625,Normal
train,08_031,0,0.018625349,08,0.018625349,False,0,0.0,0.6,0.1293126745,Normal
train,08_031,0,0.01134377,08,0.01134377,False,0,0.0,0.6,0.12567188499999998,Normal
train,08_031,0,0.0068903463,08,0.0068903463,False,0,0.0,0.6,0.12344517314999999,Normal
train,08_031,0,0.0068290946,08,0.0068290946,False,0,0.0,0.6,0.1234145473,Normal
train,08_031,0,0.006765949,08,0.006765949,False,0,0.0,0.6,0.12338297449999999,Normal
train,08_031,0,0.007189301,08,0.007189301,False,0,0.0,0.6,0.1235946505,Normal
train,08_031,0,0.011660131,08,0.011660131,False,0,0.0,0.6,0.1258300655,Normal
train,08_031,0,0.025494104,08,0.025494104,False,0,0.0,0.6,0.132747052,Normal
train,08_031,0,0.038138554,08,0.038138554,False,0,0.0,0.6,0.139069277,Normal
train,08_031,0,0.018545765,08,0.018545765,False,0,0.0,0.6,0.1292728825,Normal
train,08_031,0,0.012712004,08,0.012712004,False,0,0.0,0.6,0.126356002,Normal
val,08_032,0,0.0076397625,08,0.0076397625,False,0,0.0,0.6,0.12381988125,Normal
val,08_032,0,0.009099589,08,0.009099589,False,0,0.0,0.6,0.12454979449999999,Normal
val,08_032,0,0.008767225,08,0.008767225,False,0,0.0,0.6,0.12438361249999999,Normal
val,08_032,0,0.006828617,08,0.006828617,False,0,0.0,0.6,0.1234143085,Normal
val,08_032,0,0.0063741137,08,0.0063741137,False,0,0.0,0.6,0.12318705684999999,Normal
val,08_032,0,0.0077477028,08,0.0077477028,False,0,0.0,0.6,0.1238738514,Normal
val,08_032,0,0.009406144,08,0.009406144,False,0,0.0,0.6,0.124703072,Normal
val,08_032,0,0.009766494,08,0.009766494,False,0,0.0,0.6,0.124883247,Normal
val,08_032,0,0.016828055,08,0.016828055,False,0,0.0,0.6,0.1284140275,Normal
val,08_032,0,0.033715025,08,0.033715025,False,0,0.0,0.6,0.1368575125,Normal
val,08_032,0,0.058279358,08,0.058279358,False,0,0.0,0.6,0.149139679,Normal
val,08_032,0,0.029523093,08,0.029523093,False,0,0.0,0.6,0.1347615465,Normal
val,08_032,0,0.013499418,08,0.013499418,False,0,0.0,0.6,0.126749709,Normal
val,08_032,0,0.009289825,08,0.009289825,False,0,0.0,0.6,0.1246449125,Normal
val,08_032,0,0.009190332,08,0.009190332,False,0,0.0,0.6,0.124595166,Normal
val,08_032,0,0.008926672,08,0.008926672,False,0,0.0,0.6,0.124463336,Normal
val,08_032,0,0.0108032115,08,0.0108032115,False,0,0.0,0.6,0.12540160575,Normal
val,08_032,0,0.012653548,08,0.012653548,False,0,0.0,0.6,0.126326774,Normal
val,08_032,0,0.014789478,08,0.014789478,False,0,0.0,0.6,0.127394739,Normal
val,08_032,0,0.007740865,08,0.007740865,False,0,0.0,0.6,0.1238704325,Normal
val,08_032,0,0.006955375,08,0.006955375,False,0,0.0,0.6,0.12347768749999999,Normal
val,08_032,0,0.007820593,08,0.007820593,False,0,0.0,0.6,0.12391029649999999,Normal
val,08_032,0,0.007733434,08,0.007733434,False,0,0.0,0.6,0.123866717,Normal
val,08_032,0,0.007321472,08,0.007321472,False,0,0.0,0.6,0.123660736,Normal
train,08_033,0,0.0068574646,08,0.0068574646,False,0,0.0,0.6,0.1234287323,Normal
train,08_033,0,0.0063766185,08,0.0063766185,False,0,0.0,0.6,0.12318830924999999,Normal
train,08_033,0,0.008694576,08,0.008694576,False,0,0.0,0.6,0.124347288,Normal
train,08_033,0,0.020796526,08,0.020796526,False,0,0.0,0.6,0.130398263,Normal
train,08_033,0,0.041134678,08,0.041134678,False,0,0.0,0.6,0.14056733899999999,Normal
train,08_033,0,0.06270783,08,0.06270783,False,0,0.0,0.6,0.151353915,Normal
train,08_033,0,0.049178123,08,0.049178123,False,0,0.0,0.6,0.1445890615,Normal
train,08_033,0,0.031234358,08,0.031234358,False,0,0.0,0.6,0.135617179,Normal
train,08_033,0,0.0778596,08,0.0778596,False,0,0.0,0.6,0.1589298,Normal
train,08_033,0,0.012023631,08,0.012023631,False,0,0.0,0.6,0.12601181549999999,Normal
train,08_033,0,0.0067230784,08,0.0067230784,False,0,0.0,0.6,0.1233615392,Normal
train,08_033,0,0.006292579,08,0.006292579,False,0,0.0,0.6,0.12314628949999999,Normal
train,08_033,0,0.008451635,08,0.008451635,False,0,0.0,0.6,0.1242258175,Normal
train,08_033,0,0.01008125,08,0.01008125,False,0,0.0,0.6,0.125040625,Normal
train,08_033,0,0.035485946,08,0.035485946,False,0,0.0,0.6,0.137742973,Normal
train,08_033,0,0.04009576,08,0.04009576,False,0,0.0,0.6,0.14004787999999999,Normal
train,08_033,0,0.03378292,08,0.03378292,False,0,0.0,0.6,0.13689146,Normal
train,08_033,0,0.062429015,08,0.062429015,False,0,0.0,0.6,0.15121450749999998,Normal
train,08_033,0,0.026254825,08,0.026254825,False,0,0.0,0.6,0.1331274125,Normal
train,08_033,0,0.023968503,08,0.023968503,False,0,0.0,0.6,0.13198425149999998,Normal
train,08_033,0,0.03645983,08,0.03645983,False,0,0.0,0.6,0.13822991499999998,Normal
train,08_033,0,0.045406416,08,0.045406416,False,0,0.0,0.6,0.142703208,Normal
train,08_033,0,0.035242695,08,0.035242695,False,0,0.0,0.6,0.1376213475,Normal
train,08_033,0,0.014741214,08,0.014741214,False,0,0.0,0.6,0.127370607,Normal
train,08_034,0,0.07002347,08,0.07002347,False,0,0.0,0.6,0.15501173499999998,Normal
train,08_034,0,0.014142192,08,0.014142192,False,0,0.0,0.6,0.127071096,Normal
train,08_034,0,0.005266185,08,0.005266185,False,0,0.0,0.6,0.1226330925,Normal
train,08_034,0,0.005503947,08,0.005503947,False,0,0.0,0.6,0.1227519735,Normal
train,08_034,0,0.005722943,08,0.005722943,False,0,0.0,0.6,0.1228614715,Normal
train,08_034,0,0.0066445926,08,0.0066445926,False,0,0.0,0.6,0.1233222963,Normal
train,08_034,0,0.007011623,08,0.007011623,False,0,0.0,0.6,0.12350581149999999,Normal
train,08_034,0,0.006712251,08,0.006712251,False,0,0.0,0.6,0.1233561255,Normal
train,08_034,0,0.0076813605,08,0.0076813605,False,0,0.0,0.6,0.12384068025,Normal
train,08_034,0,0.0055989656,08,0.0055989656,False,0,0.0,0.6,0.1227994828,Normal
train,08_034,0,0.0059291865,08,0.0059291865,False,0,0.0,0.6,0.12296459324999999,Normal
train,08_034,0,0.005803432,08,0.005803432,False,0,0.0,0.6,0.122901716,Normal
train,08_034,0,0.010198214,08,0.010198214,False,0,0.0,0.6,0.125099107,Normal
train,08_034,0,0.015236111,08,0.015236111,False,0,0.0,0.6,0.1276180555,Normal
train,08_034,0,0.010158191,08,0.010158191,False,0,0.0,0.6,0.1250790955,Normal
train,08_034,0,0.029061086,08,0.029061086,False,0,0.0,0.6,0.134530543,Normal
train,08_034,0,0.023038141,08,0.023038141,False,0,0.0,0.6,0.1315190705,Normal
train,08_034,0,0.017293174,08,0.017293174,False,0,0.0,0.6,0.128646587,Normal
train,08_034,0,0.008964273,08,0.008964273,False,0,0.0,0.6,0.12448213649999999,Normal
train,08_034,0,0.0074288547,08,0.0074288547,False,0,0.0,0.6,0.12371442734999999,Normal
train,08_034,0,0.008340162,08,0.008340162,False,0,0.0,0.6,0.124170081,Normal
train,08_034,0,0.006743233,08,0.006743233,False,0,0.0,0.6,0.12337161649999999,Normal
train,08_034,0,0.0077434117,08,0.0077434117,False,0,0.0,0.6,0.12387170585,Normal
train,08_034,0,0.0076972647,08,0.0076972647,False,0,0.0,0.6,0.12384863235,Normal
train,08_035,0,0.00973059,08,0.00973059,False,0,0.0,0.6,0.124865295,Normal
train,08_035,0,0.010352542,08,0.010352542,False,0,0.0,0.6,0.125176271,Normal
train,08_035,0,0.006873286,08,0.006873286,False,0,0.0,0.6,0.123436643,Normal
train,08_035,0,0.006719927,08,0.006719927,False,0,0.0,0.6,0.12335996349999999,Normal
train,08_035,0,0.0072622076,08,0.0072622076,False,0,0.0,0.6,0.12363110379999999,Normal
train,08_035,0,0.006433382,08,0.006433382,False,0,0.0,0.6,0.12321669099999999,Normal
train,08_035,0,0.007133874,08,0.007133874,False,0,0.0,0.6,0.123566937,Normal
train,08_035,0,0.008074837,08,0.008074837,False,0,0.0,0.6,0.1240374185,Normal
train,08_035,0,0.007809649,08,0.007809649,False,0,0.0,0.6,0.1239048245,Normal
train,08_035,0,0.00722317,08,0.00722317,False,0,0.0,0.6,0.123611585,Normal
train,08_035,0,0.0064107794,08,0.0064107794,False,0,0.0,0.6,0.1232053897,Normal
train,08_035,0,0.007473903,08,0.007473903,False,0,0.0,0.6,0.1237369515,Normal
train,08_035,0,0.006237702,08,0.006237702,False,0,0.0,0.6,0.123118851,Normal
train,08_035,0,0.0061205793,08,0.0061205793,False,0,0.0,0.6,0.12306028965,Normal
train,08_035,0,0.007093298,08,0.007093298,False,0,0.0,0.6,0.123546649,Normal
train,08_035,0,0.00689742,08,0.00689742,False,0,0.0,0.6,0.12344870999999999,Normal
train,08_035,0,0.008981486,08,0.008981486,False,0,0.0,0.6,0.124490743,Normal
train,08_035,0,0.011728904,08,0.011728904,False,0,0.0,0.6,0.125864452,Normal
train,08_035,0,0.010816235,08,0.010816235,False,0,0.0,0.6,0.1254081175,Normal
train,08_035,0,0.0127549125,08,0.0127549125,False,0,0.0,0.6,0.12637745625,Normal
train,08_035,0,0.01635834,08,0.01635834,False,0,0.0,0.6,0.12817917,Normal
train,08_035,0,0.058341935,08,0.058341935,False,0,0.0,0.6,0.1491709675,Normal
train,08_035,0,0.060743656,08,0.060743656,False,0,0.0,0.6,0.15037182799999999,Normal
train,08_035,0,0.05166893,08,0.05166893,False,0,0.0,0.6,0.145834465,Normal
test,08_036,0,0.09478465,08,0.09478465,False,0,0.0,0.6,0.167392325,Normal
test,08_036,0,0.18303257,08,0.18303257,False,0,0.0,0.6,0.211516285,Normal
test,08_036,0,0.25349963,08,0.25349963,False,0,0.0,0.6,0.24674981499999998,Normal
test,08_036,0,0.7752082,08,0.7752082,True,1,0.2,0.6,0.5676041000000001,Low
test,08_036,0,0.5530538,08,0.5530538,True,2,0.4,0.6,0.5165269,Low
test,08_036,0,0.19448227,08,0.19448227,False,0,0.0,0.6,0.217241135,Normal
test,08_036,0,0.3007732,08,0.3007732,False,0,0.0,0.6,0.27038660000000003,Normal
test,08_036,0,0.39024463,08,0.39024463,False,0,0.0,0.6,0.315122315,Normal
test,08_036,0,0.47055602,08,0.47055602,False,0,0.0,0.6,0.35527801000000003,Normal
test,08_036,0,0.34299502,08,0.34299502,False,0,0.0,0.6,0.29149751,Normal
test,08_036,0,0.107528,08,0.107528,False,0,0.0,0.6,0.173764,Normal
test,08_036,0,0.12678468,08,0.12678468,False,0,0.0,0.6,0.18339234,Normal
test,08_036,0,0.084376894,08,0.084376894,False,0,0.0,0.6,0.16218844699999999,Normal
test,08_036,0,0.15865904,08,0.15865904,False,0,0.0,0.6,0.19932951999999998,Normal
test,08_036,0,0.118240446,08,0.118240446,False,0,0.0,0.6,0.179120223,Normal
test,08_036,0,0.042746484,08,0.042746484,False,0,0.0,0.6,0.141373242,Normal
test,08_036,0,0.013233441,08,0.013233441,False,0,0.0,0.6,0.1266167205,Normal
test,08_036,0,0.018459354,08,0.018459354,False,0,0.0,0.6,0.129229677,Normal
test,08_036,0,0.016135879,08,0.016135879,False,0,0.0,0.6,0.1280679395,Normal
test,08_036,0,0.021174982,08,0.021174982,False,0,0.0,0.6,0.130587491,Normal
test,08_036,0,0.029002631,08,0.029002631,False,0,0.0,0.6,0.1345013155,Normal
test,08_036,0,0.116918,08,0.116918,False,0,0.0,0.6,0.17845899999999998,Normal
test,08_036,0,0.22184587,08,0.22184587,False,0,0.0,0.6,0.230922935,Normal
test,08_036,0,0.13121404,08,0.13121404,False,0,0.0,0.6,0.18560702,Normal
test,08_036,0,0.24396591,08,0.24396591,False,0,0.0,0.6,0.241982955,Normal
test,08_036,0,0.4054009,08,0.4054009,False,0,0.0,0.6,0.32270045,Normal
test,08_036,0,0.103761606,08,0.103761606,False,0,0.0,0.6,0.171880803,Normal
test,08_036,0,0.021981735,08,0.021981735,False,0,0.0,0.6,0.1309908675,Normal
test,08_036,0,0.01999611,08,0.01999611,False,0,0.0,0.6,0.129998055,Normal
test,08_036,0,0.01910443,08,0.01910443,False,0,0.0,0.6,0.129552215,Normal
test,08_036,0,0.02305555,08,0.02305555,False,0,0.0,0.6,0.13152777499999999,Normal
test,08_036,0,0.029597301,08,0.029597301,False,0,0.0,0.6,0.1347986505,Normal
test,08_036,0,0.049063,08,0.049063,False,0,0.0,0.6,0.1445315,Normal
test,08_036,0,0.039153952,08,0.039153952,False,0,0.0,0.6,0.139576976,Normal
test,08_036,0,0.021233872,08,0.021233872,False,0,0.0,0.6,0.130616936,Normal
test,08_037,0,0.117331296,08,0.117331296,False,0,0.0,0.6,0.178665648,Normal
test,08_037,0,0.19719005,08,0.19719005,False,0,0.0,0.6,0.218595025,Normal
test,08_037,0,0.18297644,08,0.18297644,False,0,0.0,0.6,0.21148822,Normal
test,08_037,0,0.1481488,08,0.1481488,False,0,0.0,0.6,0.19407439999999998,Normal
test,08_037,0,0.14923757,08,0.14923757,False,0,0.0,0.6,0.19461878500000002,Normal
test,08_037,0,0.0742269,08,0.0742269,False,0,0.0,0.6,0.15711345,Normal
test,08_037,0,0.013565563,08,0.013565563,False,0,0.0,0.6,0.1267827815,Normal
test,08_037,0,0.009722348,08,0.009722348,False,0,0.0,0.6,0.12486117399999999,Normal
test,08_037,0,0.021247402,08,0.021247402,False,0,0.0,0.6,0.13062370099999998,Normal
test,08_037,0,0.0416506,08,0.0416506,False,0,0.0,0.6,0.1408253,Normal
test,08_037,0,0.12967698,08,0.12967698,False,0,0.0,0.6,0.18483849,Normal
test,08_037,0,0.0961636,08,0.0961636,False,0,0.0,0.6,0.1680818,Normal
test,08_037,0,0.07368377,08,0.07368377,False,0,0.0,0.6,0.156841885,Normal
test,08_037,0,0.037943482,08,0.037943482,False,0,0.0,0.6,0.13897174099999998,Normal
test,08_037,0,0.015960284,08,0.015960284,False,0,0.0,0.6,0.127980142,Normal
test,08_037,0,0.013569182,08,0.013569182,False,0,0.0,0.6,0.126784591,Normal
test,08_037,0,0.02064665,08,0.02064665,False,0,0.0,0.6,0.130323325,Normal
test,08_037,0,0.03415333,08,0.03415333,False,0,0.0,0.6,0.137076665,Normal
test,08_037,0,0.02374377,08,0.02374377,False,0,0.0,0.6,0.131871885,Normal
test,08_037,0,0.028557695,08,0.028557695,False,0,0.0,0.6,0.1342788475,Normal
test,08_037,0,0.04736955,08,0.04736955,False,0,0.0,0.6,0.143684775,Normal
test,08_037,0,0.12406568,08,0.12406568,False,0,0.0,0.6,0.18203284,Normal
test,08_037,0,0.061508793,08,0.061508793,False,0,0.0,0.6,0.1507543965,Normal
test,08_037,0,0.04473932,08,0.04473932,False,0,0.0,0.6,0.14236966,Normal
test,08_037,0,0.07216445,08,0.07216445,False,0,0.0,0.6,0.156082225,Normal
test,08_037,0,0.10608262,08,0.10608262,False,0,0.0,0.6,0.17304131,Normal
test,08_037,0,0.07727133,08,0.07727133,False,0,0.0,0.6,0.15863566499999998,Normal
test,08_037,0,0.029603425,08,0.029603425,False,0,0.0,0.6,0.1348017125,Normal
test,08_037,0,0.010190035,08,0.010190035,False,0,0.0,0.6,0.1250950175,Normal
test,08_037,0,0.017339425,08,0.017339425,False,0,0.0,0.6,0.1286697125,Normal
test,08_037,0,0.027098265,08,0.027098265,False,0,0.0,0.6,0.1335491325,Normal
test,08_037,0,0.014669842,08,0.014669842,False,0,0.0,0.6,0.127334921,Normal
test,08_037,0,0.008532398,08,0.008532398,False,0,0.0,0.6,0.124266199,Normal
train,08_038,0,0.011339417,08,0.011339417,False,0,0.0,0.6,0.1256697085,Normal
train,08_038,0,0.011538163,08,0.011538163,False,0,0.0,0.6,0.1257690815,Normal
train,08_038,0,0.012970338,08,0.012970338,False,0,0.0,0.6,0.126485169,Normal
train,08_038,0,0.010038552,08,0.010038552,False,0,0.0,0.6,0.12501927599999998,Normal
train,08_038,0,0.012483014,08,0.012483014,False,0,0.0,0.6,0.126241507,Normal
train,08_038,0,0.01180032,08,0.01180032,False,0,0.0,0.6,0.12590015999999998,Normal
train,08_038,0,0.014248864,08,0.014248864,False,0,0.0,0.6,0.127124432,Normal
train,08_038,0,0.023616122,08,0.023616122,False,0,0.0,0.6,0.131808061,Normal
train,08_038,0,0.045181032,08,0.045181032,False,0,0.0,0.6,0.142590516,Normal
train,08_038,0,0.04842964,08,0.04842964,False,0,0.0,0.6,0.14421482,Normal
train,08_038,0,0.07393296,08,0.07393296,False,0,0.0,0.6,0.15696648,Normal
train,08_038,0,0.09504925,08,0.09504925,False,0,0.0,0.6,0.16752462499999998,Normal
train,08_038,0,0.15644775,08,0.15644775,False,0,0.0,0.6,0.198223875,Normal
train,08_038,0,0.11037638,08,0.11037638,False,0,0.0,0.6,0.17518819,Normal
train,08_038,0,0.023345709,08,0.023345709,False,0,0.0,0.6,0.1316728545,Normal
train,08_038,0,0.012102985,08,0.012102985,False,0,0.0,0.6,0.1260514925,Normal
train,08_038,0,0.010557093,08,0.010557093,False,0,0.0,0.6,0.1252785465,Normal
train,08_038,0,0.009550528,08,0.009550528,False,0,0.0,0.6,0.124775264,Normal
train,08_038,0,0.012682045,08,0.012682045,False,0,0.0,0.6,0.12634102249999998,Normal
train,08_038,0,0.017857315,08,0.017857315,False,0,0.0,0.6,0.1289286575,Normal
train,08_038,0,0.02048057,08,0.02048057,False,0,0.0,0.6,0.13024028499999998,Normal
train,08_039,0,0.010137448,08,0.010137448,False,0,0.0,0.6,0.125068724,Normal
train,08_039,0,0.015837518,08,0.015837518,False,0,0.0,0.6,0.127918759,Normal
train,08_039,0,0.10843852,08,0.10843852,False,0,0.0,0.6,0.17421926,Normal
train,08_039,0,0.27222094,08,0.27222094,False,0,0.0,0.6,0.25611047,Normal
train,08_039,0,0.27699924,08,0.27699924,False,0,0.0,0.6,0.25849962,Normal
train,08_039,0,0.14096357,08,0.14096357,False,0,0.0,0.6,0.19048178500000001,Normal
train,08_039,0,0.1019398,08,0.1019398,False,0,0.0,0.6,0.1709699,Normal
train,08_039,0,0.017976988,08,0.017976988,False,0,0.0,0.6,0.128988494,Normal
train,08_039,0,0.008094316,08,0.008094316,False,0,0.0,0.6,0.12404715799999999,Normal
train,08_039,0,0.00938174,08,0.00938174,False,0,0.0,0.6,0.12469087,Normal
train,08_039,0,0.017259462,08,0.017259462,False,0,0.0,0.6,0.128629731,Normal
train,08_039,0,0.014957649,08,0.014957649,False,0,0.0,0.6,0.1274788245,Normal
train,08_039,0,0.008658725,08,0.008658725,False,0,0.0,0.6,0.1243293625,Normal
train,08_039,0,0.0074270433,08,0.0074270433,False,0,0.0,0.6,0.12371352164999999,Normal
train,08_039,0,0.0066639706,08,0.0066639706,False,0,0.0,0.6,0.1233319853,Normal
train,08_039,0,0.0063243653,08,0.0063243653,False,0,0.0,0.6,0.12316218265,Normal
train,08_039,0,0.009911269,08,0.009911269,False,0,0.0,0.6,0.1249556345,Normal
train,08_039,0,0.010640186,08,0.010640186,False,0,0.0,0.6,0.125320093,Normal
train,08_039,0,0.012833098,08,0.012833098,False,0,0.0,0.6,0.126416549,Normal
train,08_039,0,0.010879188,08,0.010879188,False,0,0.0,0.6,0.125439594,Normal
train,08_039,0,0.01143563,08,0.01143563,False,0,0.0,0.6,0.12571781499999998,Normal
train,08_040,0,0.020928089,08,0.020928089,False,0,0.0,0.6,0.1304640445,Normal
train,08_040,0,0.022025496,08,0.022025496,False,0,0.0,0.6,0.13101274799999998,Normal
train,08_040,0,0.014451967,08,0.014451967,False,0,0.0,0.6,0.1272259835,Normal
train,08_040,0,0.010791137,08,0.010791137,False,0,0.0,0.6,0.1253955685,Normal
train,08_040,0,0.01078061,08,0.01078061,False,0,0.0,0.6,0.125390305,Normal
train,08_040,0,0.011552432,08,0.011552432,False,0,0.0,0.6,0.125776216,Normal
train,08_040,0,0.009360863,08,0.009360863,False,0,0.0,0.6,0.1246804315,Normal
train,08_040,0,0.008788442,08,0.008788442,False,0,0.0,0.6,0.124394221,Normal
train,08_040,0,0.00721423,08,0.00721423,False,0,0.0,0.6,0.12360711499999999,Normal
train,08_040,0,0.006241792,08,0.006241792,False,0,0.0,0.6,0.123120896,Normal
train,08_040,0,0.006844941,08,0.006844941,False,0,0.0,0.6,0.12342247049999999,Normal
train,08_040,0,0.007340571,08,0.007340571,False,0,0.0,0.6,0.12367028549999999,Normal
train,08_040,0,0.008107381,08,0.008107381,False,0,0.0,0.6,0.1240536905,Normal
train,08_040,0,0.009380512,08,0.009380512,False,0,0.0,0.6,0.124690256,Normal
train,08_040,0,0.008109222,08,0.008109222,False,0,0.0,0.6,0.124054611,Normal
train,08_040,0,0.009099752,08,0.009099752,False,0,0.0,0.6,0.12454987599999999,Normal
train,08_040,0,0.01904544,08,0.01904544,False,0,0.0,0.6,0.12952272,Normal
train,08_040,0,0.04181542,08,0.04181542,False,0,0.0,0.6,0.14090771,Normal
train,08_040,0,0.13534717,08,0.13534717,False,0,0.0,0.6,0.18767358499999998,Normal
train,08_040,0,0.1458555,08,0.1458555,False,0,0.0,0.6,0.19292775,Normal
train,08_040,0,0.34759262,08,0.34759262,False,0,0.0,0.6,0.29379631,Normal
test,08_041,0,0.047069468,08,0.047069468,False,0,0.0,0.6,0.143534734,Normal
test,08_041,0,0.08871437,08,0.08871437,False,0,0.0,0.6,0.164357185,Normal
test,08_041,0,0.05661745,08,0.05661745,False,0,0.0,0.6,0.148308725,Normal
test,08_041,0,0.05709323,08,0.05709323,False,0,0.0,0.6,0.148546615,Normal
test,08_041,0,0.34228802,08,0.34228802,False,0,0.0,0.6,0.29114401,Normal
test,08_041,0,0.51191217,08,0.51191217,True,1,0.2,0.6,0.435956085,Low
test,08_041,0,0.21917018,08,0.21917018,False,0,0.0,0.6,0.22958509,Normal
test,08_041,0,0.13630992,08,0.13630992,False,0,0.0,0.6,0.18815495999999998,Normal
test,08_041,0,0.045330264,08,0.045330264,False,0,0.0,0.6,0.142665132,Normal
test,08_041,0,0.0138396,08,0.0138396,False,0,0.0,0.6,0.1269198,Normal
test,08_041,0,0.014163542,08,0.014163542,False,0,0.0,0.6,0.12708177099999998,Normal
test,08_041,0,0.019514278,08,0.019514278,False,0,0.0,0.6,0.129757139,Normal
test,08_041,0,0.023279194,08,0.023279194,False,0,0.0,0.6,0.131639597,Normal
test,08_041,0,0.37799582,08,0.37799582,False,0,0.0,0.6,0.30899791,Normal
test,08_041,0,0.741302,08,0.741302,True,1,0.2,0.6,0.550651,Low
test,08_041,0,0.55915225,08,0.55915225,True,2,0.4,0.6,0.5195761249999999,Low
test,08_041,0,0.6361786,08,0.6361786,True,3,0.6,0.6,0.6180893000000001,Low
test,08_041,0,0.68916804,08,0.68916804,True,4,0.8,0.6,0.70458402,Medium
test,08_041,0,0.69676006,08,0.69676006,True,5,1.0,0.6,0.76838003,Medium
test,08_041,0,0.73125684,08,0.73125684,True,6,1.0,0.6,0.78562842,Medium
test,08_041,0,0.7441838,08,0.7441838,True,7,1.0,0.6,0.7920919,Medium
test,08_042,0,0.07158145,08,0.07158145,False,0,0.0,0.6,0.155790725,Normal
test,08_042,0,0.054056235,08,0.054056235,False,0,0.0,0.6,0.1470281175,Normal
test,08_042,0,0.0577034,08,0.0577034,False,0,0.0,0.6,0.1488517,Normal
test,08_042,0,0.10457024,08,0.10457024,False,0,0.0,0.6,0.17228511999999999,Normal
test,08_042,0,0.1834384,08,0.1834384,False,0,0.0,0.6,0.2117192,Normal
test,08_042,0,0.27249676,08,0.27249676,False,0,0.0,0.6,0.25624838,Normal
test,08_042,0,0.17068128,08,0.17068128,False,0,0.0,0.6,0.20534064,Normal
test,08_042,0,0.23283814,08,0.23283814,False,0,0.0,0.6,0.23641907,Normal
test,08_042,0,0.22018164,08,0.22018164,False,0,0.0,0.6,0.23009082,Normal
test,08_042,0,0.07290106,08,0.07290106,False,0,0.0,0.6,0.15645053,Normal
test,08_042,0,0.009069361,08,0.009069361,False,0,0.0,0.6,0.1245346805,Normal
test,08_042,0,0.00874753,08,0.00874753,False,0,0.0,0.6,0.124373765,Normal
test,08_042,0,0.012970313,08,0.012970313,False,0,0.0,0.6,0.1264851565,Normal
test,08_042,0,0.017372057,08,0.017372057,False,0,0.0,0.6,0.1286860285,Normal
test,08_042,0,0.013937525,08,0.013937525,False,0,0.0,0.6,0.1269687625,Normal
test,08_042,0,0.009318747,08,0.009318747,False,0,0.0,0.6,0.12465937349999999,Normal
test,08_042,0,0.0093797725,08,0.0093797725,False,0,0.0,0.6,0.12468988624999999,Normal
test,08_042,0,0.011934895,08,0.011934895,False,0,0.0,0.6,0.1259674475,Normal
test,08_042,0,0.011922839,08,0.011922839,False,0,0.0,0.6,0.1259614195,Normal
test,08_042,0,0.019583972,08,0.019583972,False,0,0.0,0.6,0.129791986,Normal
test,08_042,0,0.10831876,08,0.10831876,False,0,0.0,0.6,0.17415938,Normal
val,08_043,0,0.018672092,08,0.018672092,False,0,0.0,0.6,0.12933604599999998,Normal
val,08_043,0,0.021605406,08,0.021605406,False,0,0.0,0.6,0.130802703,Normal
val,08_043,0,0.014625714,08,0.014625714,False,0,0.0,0.6,0.127312857,Normal
val,08_043,0,0.009434614,08,0.009434614,False,0,0.0,0.6,0.124717307,Normal
val,08_043,0,0.008513002,08,0.008513002,False,0,0.0,0.6,0.12425650099999999,Normal
val,08_043,0,0.008132148,08,0.008132148,False,0,0.0,0.6,0.124066074,Normal
val,08_043,0,0.011067597,08,0.011067597,False,0,0.0,0.6,0.1255337985,Normal
val,08_043,0,0.020045465,08,0.020045465,False,0,0.0,0.6,0.1300227325,Normal
val,08_043,0,0.03554623,08,0.03554623,False,0,0.0,0.6,0.137773115,Normal
val,08_043,0,0.027534982,08,0.027534982,False,0,0.0,0.6,0.133767491,Normal
val,08_043,0,0.075102836,08,0.075102836,False,0,0.0,0.6,0.157551418,Normal
val,08_043,0,0.12321463,08,0.12321463,False,0,0.0,0.6,0.181607315,Normal
val,08_043,0,0.023539037,08,0.023539037,False,0,0.0,0.6,0.1317695185,Normal
val,08_043,0,0.018725574,08,0.018725574,False,0,0.0,0.6,0.129362787,Normal
val,08_043,0,0.01786159,08,0.01786159,False,0,0.0,0.6,0.128930795,Normal
val,08_043,0,0.013936865,08,0.013936865,False,0,0.0,0.6,0.1269684325,Normal
val,08_043,0,0.010055939,08,0.010055939,False,0,0.0,0.6,0.1250279695,Normal
val,08_043,0,0.008715587,08,0.008715587,False,0,0.0,0.6,0.1243577935,Normal
val,08_043,0,0.008107819,08,0.008107819,False,0,0.0,0.6,0.12405390949999999,Normal
val,08_043,0,0.00789923,08,0.00789923,False,0,0.0,0.6,0.123949615,Normal
val,08_043,0,0.010392952,08,0.010392952,False,0,0.0,0.6,0.125196476,Normal
val,08_043,0,0.0067994446,08,0.0067994446,False,0,0.0,0.6,0.1233997223,Normal
val,08_043,0,0.026739921,08,0.026739921,False,0,0.0,0.6,0.1333699605,Normal
val,08_043,0,0.06901985,08,0.06901985,False,0,0.0,0.6,0.154509925,Normal
val,08_043,0,0.12173104,08,0.12173104,False,0,0.0,0.6,0.18086552,Normal
val,08_043,0,0.101642765,08,0.101642765,False,0,0.0,0.6,0.1708213825,Normal
val,08_043,0,0.040646367,08,0.040646367,False,0,0.0,0.6,0.1403231835,Normal
val,08_043,0,0.020905122,08,0.020905122,False,0,0.0,0.6,0.130452561,Normal
val,08_043,0,0.07178588,08,0.07178588,False,0,0.0,0.6,0.15589293999999998,Normal
val,08_043,0,0.13936795,08,0.13936795,False,0,0.0,0.6,0.189683975,Normal
val,08_043,0,0.13754202,08,0.13754202,False,0,0.0,0.6,0.18877101,Normal
val,08_043,0,0.16870281,08,0.16870281,False,0,0.0,0.6,0.20435140499999999,Normal
val,08_043,0,0.20235822,08,0.20235822,False,0,0.0,0.6,0.22117911,Normal
val,08_043,0,0.16830628,08,0.16830628,False,0,0.0,0.6,0.20415314,Normal
val,08_043,0,0.1578255,08,0.1578255,False,0,0.0,0.6,0.19891275,Normal
train,08_044,0,0.13088527,08,0.13088527,False,0,0.0,0.6,0.185442635,Normal
train,08_044,0,0.17080636,08,0.17080636,False,0,0.0,0.6,0.20540318,Normal
train,08_044,0,0.26380733,08,0.26380733,False,0,0.0,0.6,0.251903665,Normal
train,08_044,0,0.5615691,08,0.5615691,True,1,0.2,0.6,0.46078455,Low
train,08_044,0,0.24793568,08,0.24793568,False,0,0.0,0.6,0.24396784,Normal
train,08_044,0,0.026572738,08,0.026572738,False,0,0.0,0.6,0.133286369,Normal
train,08_044,0,0.011790537,08,0.011790537,False,0,0.0,0.6,0.1258952685,Normal
train,08_044,0,0.012001734,08,0.012001734,False,0,0.0,0.6,0.126000867,Normal
train,08_044,0,0.013992978,08,0.013992978,False,0,0.0,0.6,0.126996489,Normal
train,08_044,0,0.020549342,08,0.020549342,False,0,0.0,0.6,0.130274671,Normal
train,08_044,0,0.040348835,08,0.040348835,False,0,0.0,0.6,0.14017441749999998,Normal
train,08_044,0,0.035182588,08,0.035182588,False,0,0.0,0.6,0.137591294,Normal
train,08_044,0,0.022775419,08,0.022775419,False,0,0.0,0.6,0.1313877095,Normal
train,08_044,0,0.022463901,08,0.022463901,False,0,0.0,0.6,0.1312319505,Normal
train,08_044,0,0.047773212,08,0.047773212,False,0,0.0,0.6,0.143886606,Normal
train,08_044,0,0.07128879,08,0.07128879,False,0,0.0,0.6,0.155644395,Normal
train,08_044,0,0.13706836,08,0.13706836,False,0,0.0,0.6,0.18853418,Normal
train,08_044,0,0.21284214,08,0.21284214,False,0,0.0,0.6,0.22642107,Normal
train,08_044,0,0.20716561,08,0.20716561,False,0,0.0,0.6,0.223582805,Normal
train,08_044,0,0.2328531,08,0.2328531,False,0,0.0,0.6,0.23642655,Normal
train,08_044,0,0.043285,08,0.043285,False,0,0.0,0.6,0.1416425,Normal
train,08_044,0,0.017462641,08,0.017462641,False,0,0.0,0.6,0.1287313205,Normal
train,08_044,0,0.020709824,08,0.020709824,False,0,0.0,0.6,0.130354912,Normal
train,08_044,0,0.04489358,08,0.04489358,False,0,0.0,0.6,0.14244679,Normal
train,08_045,0,0.03120598,08,0.03120598,False,0,0.0,0.6,0.13560299,Normal
train,08_045,0,0.015454677,08,0.015454677,False,0,0.0,0.6,0.1277273385,Normal
train,08_045,0,0.02870589,08,0.02870589,False,0,0.0,0.6,0.134352945,Normal
train,08_045,0,0.020255532,08,0.020255532,False,0,0.0,0.6,0.130127766,Normal
train,08_045,0,0.094045766,08,0.094045766,False,0,0.0,0.6,0.167022883,Normal
train,08_045,0,0.055137586,08,0.055137586,False,0,0.0,0.6,0.147568793,Normal
train,08_045,0,0.019420622,08,0.019420622,False,0,0.0,0.6,0.129710311,Normal
train,08_045,0,0.01816121,08,0.01816121,False,0,0.0,0.6,0.129080605,Normal
train,08_045,0,0.02742946,08,0.02742946,False,0,0.0,0.6,0.13371473,Normal
train,08_045,0,0.025740571,08,0.025740571,False,0,0.0,0.6,0.1328702855,Normal
train,08_045,0,0.032034744,08,0.032034744,False,0,0.0,0.6,0.136017372,Normal
train,08_045,0,0.06916074,08,0.06916074,False,0,0.0,0.6,0.15458037,Normal
train,08_045,0,0.04783211,08,0.04783211,False,0,0.0,0.6,0.143916055,Normal
train,08_045,0,0.033440176,08,0.033440176,False,0,0.0,0.6,0.136720088,Normal
train,08_045,0,0.038072888,08,0.038072888,False,0,0.0,0.6,0.13903644399999998,Normal
train,08_045,0,0.016534347,08,0.016534347,False,0,0.0,0.6,0.1282671735,Normal
train,08_045,0,0.022677056,08,0.022677056,False,0,0.0,0.6,0.131338528,Normal
train,08_045,0,0.013313812,08,0.013313812,False,0,0.0,0.6,0.12665690599999999,Normal
train,08_045,0,0.0070818416,08,0.0070818416,False,0,0.0,0.6,0.1235409208,Normal
train,08_045,0,0.0093178395,08,0.0093178395,False,0,0.0,0.6,0.12465891975,Normal
train,08_045,0,0.017427087,08,0.017427087,False,0,0.0,0.6,0.1287135435,Normal
train,08_045,0,0.021026358,08,0.021026358,False,0,0.0,0.6,0.130513179,Normal
train,08_045,0,0.022541106,08,0.022541106,False,0,0.0,0.6,0.13127055299999998,Normal
train,08_045,0,0.012916935,08,0.012916935,False,0,0.0,0.6,0.1264584675,Normal
val,08_046,0,0.013937658,08,0.013937658,False,0,0.0,0.6,0.126968829,Normal
val,08_046,0,0.024163304,08,0.024163304,False,0,0.0,0.6,0.132081652,Normal
val,08_046,0,0.03076676,08,0.03076676,False,0,0.0,0.6,0.13538338,Normal
val,08_046,0,0.05271795,08,0.05271795,False,0,0.0,0.6,0.146358975,Normal
val,08_046,0,0.028183741,08,0.028183741,False,0,0.0,0.6,0.1340918705,Normal
val,08_046,0,0.016401924,08,0.016401924,False,0,0.0,0.6,0.128200962,Normal
val,08_046,0,0.010453843,08,0.010453843,False,0,0.0,0.6,0.1252269215,Normal
val,08_046,0,0.010478742,08,0.010478742,False,0,0.0,0.6,0.125239371,Normal
val,08_046,0,0.009706372,08,0.009706372,False,0,0.0,0.6,0.12485318599999999,Normal
val,08_046,0,0.010268441,08,0.010268441,False,0,0.0,0.6,0.1251342205,Normal
val,08_046,0,0.016095556,08,0.016095556,False,0,0.0,0.6,0.128047778,Normal
val,08_046,0,0.043961797,08,0.043961797,False,0,0.0,0.6,0.1419808985,Normal
val,08_046,0,0.078937426,08,0.078937426,False,0,0.0,0.6,0.15946871299999998,Normal
val,08_046,0,0.1312718,08,0.1312718,False,0,0.0,0.6,0.1856359,Normal
val,08_046,0,0.14682692,08,0.14682692,False,0,0.0,0.6,0.19341345999999998,Normal
val,08_046,0,0.09065169,08,0.09065169,False,0,0.0,0.6,0.165325845,Normal
val,08_046,0,0.044625808,08,0.044625808,False,0,0.0,0.6,0.142312904,Normal
val,08_046,0,0.0251445,08,0.0251445,False,0,0.0,0.6,0.13257225,Normal
val,08_046,0,0.019807568,08,0.019807568,False,0,0.0,0.6,0.129903784,Normal
val,08_046,0,0.011166126,08,0.011166126,False,0,0.0,0.6,0.125583063,Normal
val,08_046,0,0.013086615,08,0.013086615,False,0,0.0,0.6,0.1265433075,Normal
val,08_046,0,0.012549605,08,0.012549605,False,0,0.0,0.6,0.1262748025,Normal
val,08_046,0,0.01079989,08,0.01079989,False,0,0.0,0.6,0.12539994499999998,Normal
val,08_046,0,0.011871202,08,0.011871202,False,0,0.0,0.6,0.125935601,Normal
train,08_047,0,0.01269304,08,0.01269304,False,0,0.0,0.6,0.12634652,Normal
train,08_047,0,0.023307052,08,0.023307052,False,0,0.0,0.6,0.131653526,Normal
train,08_047,0,0.027108725,08,0.027108725,False,0,0.0,0.6,0.1335543625,Normal
train,08_047,0,0.037469275,08,0.037469275,False,0,0.0,0.6,0.1387346375,Normal
train,08_047,0,0.039042335,08,0.039042335,False,0,0.0,0.6,0.1395211675,Normal
train,08_047,0,0.01583161,08,0.01583161,False,0,0.0,0.6,0.127915805,Normal
train,08_047,0,0.021077577,08,0.021077577,False,0,0.0,0.6,0.1305387885,Normal
train,08_047,0,0.05051433,08,0.05051433,False,0,0.0,0.6,0.145257165,Normal
train,08_047,0,0.14233015,08,0.14233015,False,0,0.0,0.6,0.191165075,Normal
train,08_047,0,0.09298716,08,0.09298716,False,0,0.0,0.6,0.16649358,Normal
train,08_047,0,0.024953777,08,0.024953777,False,0,0.0,0.6,0.1324768885,Normal
train,08_047,0,0.011747579,08,0.011747579,False,0,0.0,0.6,0.1258737895,Normal
train,08_047,0,0.0098548485,08,0.0098548485,False,0,0.0,0.6,0.12492742425,Normal
train,08_047,0,0.012316677,08,0.012316677,False,0,0.0,0.6,0.1261583385,Normal
train,08_047,0,0.009515642,08,0.009515642,False,0,0.0,0.6,0.12475782099999999,Normal
train,08_047,0,0.0075199706,08,0.0075199706,False,0,0.0,0.6,0.1237599853,Normal
train,08_047,0,0.013481815,08,0.013481815,False,0,0.0,0.6,0.1267409075,Normal
train,08_047,0,0.011952283,08,0.011952283,False,0,0.0,0.6,0.1259761415,Normal
train,08_047,0,0.01068067,08,0.01068067,False,0,0.0,0.6,0.125340335,Normal
train,08_047,0,0.024063652,08,0.024063652,False,0,0.0,0.6,0.132031826,Normal
train,08_047,0,0.06806882,08,0.06806882,False,0,0.0,0.6,0.15403441,Normal
train,08_047,0,0.09490978,08,0.09490978,False,0,0.0,0.6,0.16745489,Normal
train,08_047,0,0.34558925,08,0.34558925,False,0,0.0,0.6,0.292794625,Normal
train,08_047,0,0.21771939,08,0.21771939,False,0,0.0,0.6,0.228859695,Normal
train,08_048,0,0.10575448,08,0.10575448,False,0,0.0,0.6,0.17287724,Normal
train,08_048,0,0.11403092,08,0.11403092,False,0,0.0,0.6,0.17701545999999999,Normal
train,08_048,0,0.060383175,08,0.060383175,False,0,0.0,0.6,0.1501915875,Normal
train,08_048,0,0.0446804,08,0.0446804,False,0,0.0,0.6,0.1423402,Normal
train,08_048,0,0.01331616,08,0.01331616,False,0,0.0,0.6,0.12665808,Normal
train,08_048,0,0.009480607,08,0.009480607,False,0,0.0,0.6,0.1247403035,Normal
train,08_048,0,0.008288815,08,0.008288815,False,0,0.0,0.6,0.1241444075,Normal
train,08_048,0,0.007334896,08,0.007334896,False,0,0.0,0.6,0.123667448,Normal
train,08_048,0,0.008837041,08,0.008837041,False,0,0.0,0.6,0.12441852049999999,Normal
train,08_048,0,0.00863023,08,0.00863023,False,0,0.0,0.6,0.12431511499999999,Normal
train,08_048,0,0.010267949,08,0.010267949,False,0,0.0,0.6,0.1251339745,Normal
train,08_048,0,0.012341923,08,0.012341923,False,0,0.0,0.6,0.12617096149999998,Normal
train,08_048,0,0.024431987,08,0.024431987,False,0,0.0,0.6,0.1322159935,Normal
train,08_048,0,0.02002869,08,0.02002869,False,0,0.0,0.6,0.130014345,Normal
train,08_048,0,0.018237919,08,0.018237919,False,0,0.0,0.6,0.1291189595,Normal
train,08_048,0,0.018185103,08,0.018185103,False,0,0.0,0.6,0.12909255149999999,Normal
train,08_048,0,0.011485303,08,0.011485303,False,0,0.0,0.6,0.1257426515,Normal
train,08_048,0,0.012059447,08,0.012059447,False,0,0.0,0.6,0.1260297235,Normal
train,08_048,0,0.013590759,08,0.013590759,False,0,0.0,0.6,0.1267953795,Normal
train,08_048,0,0.030702773,08,0.030702773,False,0,0.0,0.6,0.1353513865,Normal
train,08_048,0,0.03932206,08,0.03932206,False,0,0.0,0.6,0.13966103,Normal
train,08_048,0,0.019556046,08,0.019556046,False,0,0.0,0.6,0.129778023,Normal
train,08_048,0,0.011665963,08,0.011665963,False,0,0.0,0.6,0.1258329815,Normal
train,08_048,0,0.008569582,08,0.008569582,False,0,0.0,0.6,0.12428479099999999,Normal
test,08_049,0,0.020291485,08,0.020291485,False,0,0.0,0.6,0.1301457425,Normal
test,08_049,0,0.01493841,08,0.01493841,False,0,0.0,0.6,0.127469205,Normal
test,08_049,0,0.007414221,08,0.007414221,False,0,0.0,0.6,0.1237071105,Normal
test,08_049,0,0.006700482,08,0.006700482,False,0,0.0,0.6,0.123350241,Normal
test,08_049,0,0.0085094515,08,0.0085094515,False,0,0.0,0.6,0.12425472574999999,Normal
test,08_049,0,0.009605991,08,0.009605991,False,0,0.0,0.6,0.1248029955,Normal
test,08_049,0,0.0084118955,08,0.0084118955,False,0,0.0,0.6,0.12420594774999999,Normal
test,08_049,0,0.015234822,08,0.015234822,False,0,0.0,0.6,0.127617411,Normal
test,08_049,0,0.04291129,08,0.04291129,False,0,0.0,0.6,0.141455645,Normal
test,08_049,0,0.059621405,08,0.059621405,False,0,0.0,0.6,0.1498107025,Normal
test,08_049,0,0.10786944,08,0.10786944,False,0,0.0,0.6,0.17393472,Normal
test,08_049,0,0.08797032,08,0.08797032,False,0,0.0,0.6,0.16398516,Normal
test,08_049,0,0.07280951,08,0.07280951,False,0,0.0,0.6,0.156404755,Normal
test,08_049,0,0.16595577,08,0.16595577,False,0,0.0,0.6,0.202977885,Normal
test,08_049,0,0.2162988,08,0.2162988,False,0,0.0,0.6,0.2281494,Normal
test,08_049,0,0.3337969,08,0.3337969,False,0,0.0,0.6,0.28689845,Normal
test,08_049,0,0.5955576,08,0.5955576,True,1,0.2,0.6,0.4777788,Low
test,08_049,0,0.8595906,08,0.8595906,True,2,0.4,0.6,0.6697953,Low
test,08_049,0,0.889625,08,0.889625,True,3,0.6,0.6,0.7448125,Medium
test,08_049,0,0.85740143,08,0.85740143,True,4,0.8,0.6,0.7887007149999999,Medium
test,08_049,0,0.82695824,08,0.82695824,True,5,1.0,0.6,0.8334791199999999,High
test,08_049,0,0.28199756,08,0.28199756,False,0,0.0,0.6,0.26099878,Normal
test,08_049,0,0.37424484,08,0.37424484,False,0,0.0,0.6,0.30712242,Normal
test,08_049,0,0.7118563,08,0.7118563,True,1,0.2,0.6,0.5359281499999999,Low
test,08_049,0,0.6522845,08,0.6522845,True,2,0.4,0.6,0.56614225,Low
test,08_049,0,0.5655593,08,0.5655593,True,3,0.6,0.6,0.58277965,Low
test,08_049,0,0.5324686,08,0.5324686,True,4,0.8,0.6,0.6262343,Low
test,08_049,0,0.41497475,08,0.41497475,False,0,0.0,0.6,0.327487375,Normal
test,08_049,0,0.59462017,08,0.59462017,True,1,0.2,0.6,0.477310085,Low
test,08_049,0,0.6500486,08,0.6500486,True,2,0.4,0.6,0.5650242999999999,Low
test,08_049,0,0.68910843,08,0.68910843,True,3,0.6,0.6,0.644554215,Low
test,08_049,0,0.82868046,08,0.82868046,True,4,0.8,0.6,0.77434023,Medium
test,08_049,0,0.59402615,08,0.59402615,True,5,1.0,0.6,0.717013075,Medium
test,08_049,0,0.62047195,08,0.62047195,True,6,1.0,0.6,0.7302359749999999,Medium
test,08_049,0,0.54866403,08,0.54866403,True,7,1.0,0.6,0.694332015,Medium
test,08_049,0,0.35955423,08,0.35955423,False,0,0.0,0.6,0.299777115,Normal
test,08_049,0,0.14514343,08,0.14514343,False,0,0.0,0.6,0.19257171499999998,Normal
test,08_049,0,0.08612496,08,0.08612496,False,0,0.0,0.6,0.16306248,Normal
test,08_049,0,0.4898804,08,0.4898804,False,0,0.0,0.6,0.3649402,Normal
test,08_049,0,0.86464787,08,0.86464787,True,1,0.2,0.6,0.612323935,Low
test,08_049,0,0.71316755,08,0.71316755,True,2,0.4,0.6,0.596583775,Low
test,08_049,0,0.46526852,08,0.46526852,False,0,0.0,0.6,0.35263426,Normal
test,08_049,0,0.2158681,08,0.2158681,False,0,0.0,0.6,0.22793405,Normal
test,09_001,0,0.040264793,09,0.040264793,False,0,0.0,0.6,0.1401323965,Normal
test,09_001,0,0.05112919,09,0.05112919,False,0,0.0,0.6,0.145564595,Normal
test,09_001,0,0.058238104,09,0.058238104,False,0,0.0,0.6,0.149119052,Normal
test,09_001,0,0.07064948,09,0.07064948,False,0,0.0,0.6,0.15532474,Normal
test,09_001,0,0.061904613,09,0.061904613,False,0,0.0,0.6,0.1509523065,Normal
test,09_001,0,0.02146581,09,0.02146581,False,0,0.0,0.6,0.13073290499999998,Normal
test,09_001,0,0.026614005,09,0.026614005,False,0,0.0,0.6,0.1333070025,Normal
test,09_001,0,0.040601805,09,0.040601805,False,0,0.0,0.6,0.1403009025,Normal
test,09_001,0,0.05225861,09,0.05225861,False,0,0.0,0.6,0.146129305,Normal
test,09_001,0,0.016778227,09,0.016778227,False,0,0.0,0.6,0.12838911349999999,Normal
test,09_001,0,0.018292759,09,0.018292759,False,0,0.0,0.6,0.1291463795,Normal
test,09_001,0,0.04440969,09,0.04440969,False,0,0.0,0.6,0.142204845,Normal
test,09_001,0,0.048753712,09,0.048753712,False,0,0.0,0.6,0.144376856,Normal
test,09_001,0,0.068706505,09,0.068706505,False,0,0.0,0.6,0.15435325249999998,Normal
test,09_001,0,0.1464592,09,0.1464592,False,0,0.0,0.6,0.1932296,Normal
test,09_001,0,0.20949826,09,0.20949826,False,0,0.0,0.6,0.22474913,Normal
test,09_001,0,0.13036275,09,0.13036275,False,0,0.0,0.6,0.18518137499999998,Normal
test,09_001,0,0.09346016,09,0.09346016,False,0,0.0,0.6,0.16673008,Normal
test,09_001,0,0.01875717,09,0.01875717,False,0,0.0,0.6,0.129378585,Normal
test,09_001,0,0.029927768,09,0.029927768,False,0,0.0,0.6,0.134963884,Normal
test,09_001,0,0.034977987,09,0.034977987,False,0,0.0,0.6,0.1374889935,Normal
test,09_001,0,0.03307531,09,0.03307531,False,0,0.0,0.6,0.13653765499999998,Normal
test,09_001,0,0.018851722,09,0.018851722,False,0,0.0,0.6,0.129425861,Normal
test,09_001,0,0.019092022,09,0.019092022,False,0,0.0,0.6,0.129546011,Normal
test,09_001,0,0.018231824,09,0.018231824,False,0,0.0,0.6,0.129115912,Normal
test,09_001,0,0.013496886,09,0.013496886,False,0,0.0,0.6,0.126748443,Normal
test,09_001,0,0.012502511,09,0.012502511,False,0,0.0,0.6,0.1262512555,Normal
test,09_001,0,0.014477595,09,0.014477595,False,0,0.0,0.6,0.1272387975,Normal
test,09_001,0,0.0446304,09,0.0446304,False,0,0.0,0.6,0.1423152,Normal
test,09_001,0,0.041786555,09,0.041786555,False,0,0.0,0.6,0.1408932775,Normal
test,09_001,0,0.05388984,09,0.05388984,False,0,0.0,0.6,0.14694492,Normal
test,09_001,0,0.21890412,09,0.21890412,False,0,0.0,0.6,0.22945206,Normal
test,09_001,0,0.35499358,09,0.35499358,False,0,0.0,0.6,0.29749678999999996,Normal
test,09_001,0,0.1822047,09,0.1822047,False,0,0.0,0.6,0.21110235,Normal
test,09_001,0,0.07167403,09,0.07167403,False,0,0.0,0.6,0.155837015,Normal
test,09_001,0,0.21454199,09,0.21454199,False,0,0.0,0.6,0.22727099499999998,Normal
test,09_001,0,0.39603636,09,0.39603636,False,0,0.0,0.6,0.31801818,Normal
test,09_001,0,0.14561333,09,0.14561333,False,0,0.0,0.6,0.192806665,Normal
test,09_001,0,0.086468555,09,0.086468555,False,0,0.0,0.6,0.1632342775,Normal
test,09_001,0,0.059032302,09,0.059032302,False,0,0.0,0.6,0.14951615099999999,Normal
test,09_001,0,0.04104138,09,0.04104138,False,0,0.0,0.6,0.14052069,Normal
test,09_001,0,0.023502577,09,0.023502577,False,0,0.0,0.6,0.1317512885,Normal
test,09_001,0,0.029665979,09,0.029665979,False,0,0.0,0.6,0.1348329895,Normal
train,09_002,0,0.013647774,09,0.013647774,False,0,0.0,0.6,0.126823887,Normal
train,09_002,0,0.009676813,09,0.009676813,False,0,0.0,0.6,0.1248384065,Normal
train,09_002,0,0.013670498,09,0.013670498,False,0,0.0,0.6,0.12683524899999998,Normal
train,09_002,0,0.037563458,09,0.037563458,False,0,0.0,0.6,0.138781729,Normal
train,09_002,0,0.04776304,09,0.04776304,False,0,0.0,0.6,0.14388151999999998,Normal
train,09_002,0,0.039606377,09,0.039606377,False,0,0.0,0.6,0.1398031885,Normal
train,09_002,0,0.057224885,09,0.057224885,False,0,0.0,0.6,0.1486124425,Normal
train,09_002,0,0.038941015,09,0.038941015,False,0,0.0,0.6,0.1394705075,Normal
train,09_002,0,0.03439104,09,0.03439104,False,0,0.0,0.6,0.13719552,Normal
train,09_002,0,0.04271797,09,0.04271797,False,0,0.0,0.6,0.141358985,Normal
train,09_002,0,0.07846401,09,0.07846401,False,0,0.0,0.6,0.159232005,Normal
train,09_002,0,0.050557837,09,0.050557837,False,0,0.0,0.6,0.1452789185,Normal
train,09_002,0,0.03429725,09,0.03429725,False,0,0.0,0.6,0.137148625,Normal
train,09_002,0,0.025623213,09,0.025623213,False,0,0.0,0.6,0.13281160649999998,Normal
train,09_002,0,0.013174256,09,0.013174256,False,0,0.0,0.6,0.126587128,Normal
train,09_002,0,0.012757008,09,0.012757008,False,0,0.0,0.6,0.126378504,Normal
train,09_002,0,0.031488135,09,0.031488135,False,0,0.0,0.6,0.1357440675,Normal
train,09_002,0,0.022628441,09,0.022628441,False,0,0.0,0.6,0.1313142205,Normal
train,09_002,0,0.01561854,09,0.01561854,False,0,0.0,0.6,0.12780927,Normal
train,09_002,0,0.01707412,09,0.01707412,False,0,0.0,0.6,0.12853706,Normal
train,09_002,0,0.013150237,09,0.013150237,False,0,0.0,0.6,0.1265751185,Normal
train,09_002,0,0.010474571,09,0.010474571,False,0,0.0,0.6,0.1252372855,Normal
train,09_002,0,0.0092592435,09,0.0092592435,False,0,0.0,0.6,0.12462962175,Normal
train,09_002,0,0.008297216,09,0.008297216,False,0,0.0,0.6,0.124148608,Normal
train,09_002,0,0.0081838295,09,0.0081838295,False,0,0.0,0.6,0.12409191474999999,Normal
train,09_003,0,0.01888918,09,0.01888918,False,0,0.0,0.6,0.12944459,Normal
train,09_003,0,0.05653465,09,0.05653465,False,0,0.0,0.6,0.148267325,Normal
train,09_003,0,0.13526791,09,0.13526791,False,0,0.0,0.6,0.187633955,Normal
train,09_003,0,0.08214018,09,0.08214018,False,0,0.0,0.6,0.16107009,Normal
train,09_003,0,0.037085906,09,0.037085906,False,0,0.0,0.6,0.138542953,Normal
train,09_003,0,0.03370624,09,0.03370624,False,0,0.0,0.6,0.13685312,Normal
train,09_003,0,0.03640927,09,0.03640927,False,0,0.0,0.6,0.138204635,Normal
train,09_003,0,0.043604057,09,0.043604057,False,0,0.0,0.6,0.1418020285,Normal
train,09_003,0,0.065085895,09,0.065085895,False,0,0.0,0.6,0.1525429475,Normal
train,09_003,0,0.20541997,09,0.20541997,False,0,0.0,0.6,0.222709985,Normal
train,09_003,0,0.15676855,09,0.15676855,False,0,0.0,0.6,0.198384275,Normal
train,09_003,0,0.054949198,09,0.054949198,False,0,0.0,0.6,0.14747459899999998,Normal
train,09_003,0,0.047154173,09,0.047154173,False,0,0.0,0.6,0.1435770865,Normal
train,09_003,0,0.07270775,09,0.07270775,False,0,0.0,0.6,0.156353875,Normal
train,09_003,0,0.060172103,09,0.060172103,False,0,0.0,0.6,0.15008605149999998,Normal
train,09_004,0,0.019326758,09,0.019326758,False,0,0.0,0.6,0.129663379,Normal
train,09_004,0,0.016456641,09,0.016456641,False,0,0.0,0.6,0.1282283205,Normal
train,09_004,0,0.016262045,09,0.016262045,False,0,0.0,0.6,0.1281310225,Normal
train,09_004,0,0.012155206,09,0.012155206,False,0,0.0,0.6,0.12607760299999998,Normal
train,09_004,0,0.023390986,09,0.023390986,False,0,0.0,0.6,0.131695493,Normal
train,09_004,0,0.07413538,09,0.07413538,False,0,0.0,0.6,0.15706768999999998,Normal
train,09_004,0,0.2306628,09,0.2306628,False,0,0.0,0.6,0.2353314,Normal
train,09_004,0,0.29902804,09,0.29902804,False,0,0.0,0.6,0.26951402,Normal
train,09_004,0,0.17671356,09,0.17671356,False,0,0.0,0.6,0.20835678,Normal
train,09_004,0,0.144618,09,0.144618,False,0,0.0,0.6,0.192309,Normal
train,09_004,0,0.10913168,09,0.10913168,False,0,0.0,0.6,0.17456584,Normal
train,09_004,0,0.052107234,09,0.052107234,False,0,0.0,0.6,0.146053617,Normal
train,09_004,0,0.05799136,09,0.05799136,False,0,0.0,0.6,0.14899568,Normal
train,09_004,0,0.06348291,09,0.06348291,False,0,0.0,0.6,0.151741455,Normal
train,09_004,0,0.17208461,09,0.17208461,False,0,0.0,0.6,0.20604230499999998,Normal
train,09_004,0,0.30670378,09,0.30670378,False,0,0.0,0.6,0.27335189,Normal
train,09_004,0,0.30713585,09,0.30713585,False,0,0.0,0.6,0.273567925,Normal
train,09_004,0,0.21569104,09,0.21569104,False,0,0.0,0.6,0.22784552,Normal
train,09_004,0,0.0707332,09,0.0707332,False,0,0.0,0.6,0.1553666,Normal
train,09_004,0,0.027834902,09,0.027834902,False,0,0.0,0.6,0.133917451,Normal
train,09_004,0,0.010193724,09,0.010193724,False,0,0.0,0.6,0.125096862,Normal
train,09_004,0,0.010399247,09,0.010399247,False,0,0.0,0.6,0.1251996235,Normal
train,09_004,0,0.008530672,09,0.008530672,False,0,0.0,0.6,0.12426533599999999,Normal
train,09_004,0,0.009126155,09,0.009126155,False,0,0.0,0.6,0.1245630775,Normal
train,09_004,0,0.0108362725,09,0.0108362725,False,0,0.0,0.6,0.12541813625,Normal
train,09_004,0,0.009763806,09,0.009763806,False,0,0.0,0.6,0.12488190299999999,Normal
train,09_004,0,0.010132697,09,0.010132697,False,0,0.0,0.6,0.1250663485,Normal
train,09_004,0,0.009752631,09,0.009752631,False,0,0.0,0.6,0.1248763155,Normal
train,09_004,0,0.010152153,09,0.010152153,False,0,0.0,0.6,0.1250760765,Normal
train,09_004,0,0.010350246,09,0.010350246,False,0,0.0,0.6,0.125175123,Normal
train,09_004,0,0.012033411,09,0.012033411,False,0,0.0,0.6,0.1260167055,Normal
train,09_004,0,0.02000974,09,0.02000974,False,0,0.0,0.6,0.13000487,Normal
train,09_004,0,0.025107207,09,0.025107207,False,0,0.0,0.6,0.1325536035,Normal
train,09_004,0,0.0200581,09,0.0200581,False,0,0.0,0.6,0.13002905,Normal
train,09_004,0,0.013191451,09,0.013191451,False,0,0.0,0.6,0.1265957255,Normal
train,09_005,0,0.008445835,09,0.008445835,False,0,0.0,0.6,0.1242229175,Normal
train,09_005,0,0.011335051,09,0.011335051,False,0,0.0,0.6,0.1256675255,Normal
train,09_005,0,0.012440646,09,0.012440646,False,0,0.0,0.6,0.126220323,Normal
train,09_005,0,0.067491695,09,0.067491695,False,0,0.0,0.6,0.1537458475,Normal
train,09_005,0,0.14755094,09,0.14755094,False,0,0.0,0.6,0.19377547,Normal
train,09_005,0,0.053593114,09,0.053593114,False,0,0.0,0.6,0.146796557,Normal
train,09_005,0,0.029139128,09,0.029139128,False,0,0.0,0.6,0.134569564,Normal
train,09_005,0,0.022507375,09,0.022507375,False,0,0.0,0.6,0.1312536875,Normal
train,09_005,0,0.009561608,09,0.009561608,False,0,0.0,0.6,0.124780804,Normal
train,09_005,0,0.0049564852,09,0.0049564852,False,0,0.0,0.6,0.1224782426,Normal
train,09_005,0,0.0043680416,09,0.0043680416,False,0,0.0,0.6,0.1221840208,Normal
train,09_005,0,0.004650627,09,0.004650627,False,0,0.0,0.6,0.12232531349999999,Normal
train,09_005,0,0.004846403,09,0.004846403,False,0,0.0,0.6,0.1224232015,Normal
train,09_005,0,0.0047209184,09,0.0047209184,False,0,0.0,0.6,0.1223604592,Normal
train,09_0057,0,0.020151919,09,0.020151919,False,0,0.0,0.6,0.1300759595,Normal
train,09_0057,0,0.02955262,09,0.02955262,False,0,0.0,0.6,0.13477631,Normal
train,09_0057,0,0.3475987,09,0.3475987,False,0,0.0,0.6,0.29379935,Normal
train,09_0057,0,0.6406541,09,0.6406541,True,1,0.2,0.6,0.50032705,Low
train,09_0057,1,0.64737105,09,0.64737105,True,2,0.4,0.6,0.5636855249999999,Low
train,09_0057,1,0.5530595,09,0.5530595,True,3,0.6,0.6,0.57652975,Low
train,09_0057,1,0.55444145,09,0.55444145,True,4,0.8,0.6,0.637220725,Low
train,09_0057,0,0.4421988,09,0.4421988,False,0,0.0,0.6,0.3410994,Normal
train,09_0057,0,0.42729616,09,0.42729616,False,0,0.0,0.6,0.33364808,Normal
train,09_0057,0,0.4550286,09,0.4550286,False,0,0.0,0.6,0.3475143,Normal
val,09_006,0,0.011833984,09,0.011833984,False,0,0.0,0.6,0.125916992,Normal
val,09_006,0,0.019455502,09,0.019455502,False,0,0.0,0.6,0.129727751,Normal
val,09_006,0,0.024850158,09,0.024850158,False,0,0.0,0.6,0.132425079,Normal
val,09_006,0,0.022120632,09,0.022120632,False,0,0.0,0.6,0.131060316,Normal
val,09_006,0,0.031030625,09,0.031030625,False,0,0.0,0.6,0.13551531249999998,Normal
val,09_006,0,0.035979614,09,0.035979614,False,0,0.0,0.6,0.137989807,Normal
val,09_006,0,0.029383354,09,0.029383354,False,0,0.0,0.6,0.134691677,Normal
val,09_006,0,0.019010343,09,0.019010343,False,0,0.0,0.6,0.1295051715,Normal
val,09_006,0,0.027915439,09,0.027915439,False,0,0.0,0.6,0.1339577195,Normal
val,09_006,0,0.018802676,09,0.018802676,False,0,0.0,0.6,0.129401338,Normal
val,09_006,0,0.019390965,09,0.019390965,False,0,0.0,0.6,0.1296954825,Normal
val,09_006,0,0.02286231,09,0.02286231,False,0,0.0,0.6,0.131431155,Normal
val,09_006,0,0.012116032,09,0.012116032,False,0,0.0,0.6,0.126058016,Normal
val,09_006,0,0.0081004435,09,0.0081004435,False,0,0.0,0.6,0.12405022175,Normal
val,09_006,0,0.008721058,09,0.008721058,False,0,0.0,0.6,0.124360529,Normal
val,09_006,0,0.009460987,09,0.009460987,False,0,0.0,0.6,0.1247304935,Normal
val,09_006,0,0.008685083,09,0.008685083,False,0,0.0,0.6,0.1243425415,Normal
val,09_006,0,0.009789089,09,0.009789089,False,0,0.0,0.6,0.1248945445,Normal
val,09_006,0,0.013554892,09,0.013554892,False,0,0.0,0.6,0.126777446,Normal
val,09_006,0,0.012906858,09,0.012906858,False,0,0.0,0.6,0.126453429,Normal
val,09_006,0,0.011860792,09,0.011860792,False,0,0.0,0.6,0.125930396,Normal
val,09_006,0,0.025142936,09,0.025142936,False,0,0.0,0.6,0.132571468,Normal
val,09_006,0,0.02234137,09,0.02234137,False,0,0.0,0.6,0.131170685,Normal
val,09_006,0,0.0128601985,09,0.0128601985,False,0,0.0,0.6,0.12643009924999998,Normal
train,09_007,0,0.011949022,09,0.011949022,False,0,0.0,0.6,0.12597451099999998,Normal
train,09_007,0,0.010216626,09,0.010216626,False,0,0.0,0.6,0.125108313,Normal
train,09_007,0,0.028280681,09,0.028280681,False,0,0.0,0.6,0.13414034049999998,Normal
train,09_007,0,0.029487213,09,0.029487213,False,0,0.0,0.6,0.1347436065,Normal
train,09_007,0,0.024692038,09,0.024692038,False,0,0.0,0.6,0.13234601899999998,Normal
train,09_007,0,0.044592995,09,0.044592995,False,0,0.0,0.6,0.1422964975,Normal
train,09_007,0,0.03562176,09,0.03562176,False,0,0.0,0.6,0.13781088,Normal
train,09_007,0,0.024391629,09,0.024391629,False,0,0.0,0.6,0.1321958145,Normal
train,09_007,0,0.023642436,09,0.023642436,False,0,0.0,0.6,0.131821218,Normal
train,09_007,0,0.016371965,09,0.016371965,False,0,0.0,0.6,0.1281859825,Normal
train,09_007,0,0.027947454,09,0.027947454,False,0,0.0,0.6,0.133973727,Normal
train,09_007,0,0.02491661,09,0.02491661,False,0,0.0,0.6,0.132458305,Normal
train,09_007,0,0.031205587,09,0.031205587,False,0,0.0,0.6,0.13560279349999999,Normal
train,09_007,0,0.014865066,09,0.014865066,False,0,0.0,0.6,0.127432533,Normal
train,09_007,0,0.013847816,09,0.013847816,False,0,0.0,0.6,0.126923908,Normal
train,09_007,0,0.026279937,09,0.026279937,False,0,0.0,0.6,0.13313996849999998,Normal
train,09_007,0,0.049910404,09,0.049910404,False,0,0.0,0.6,0.144955202,Normal
train,09_007,0,0.09800267,09,0.09800267,False,0,0.0,0.6,0.169001335,Normal
train,09_007,0,0.23952146,09,0.23952146,False,0,0.0,0.6,0.23976072999999998,Normal
train,09_007,0,0.16010669,09,0.16010669,False,0,0.0,0.6,0.200053345,Normal
train,09_007,0,0.21622327,09,0.21622327,False,0,0.0,0.6,0.22811163499999998,Normal
train,09_007,0,0.15550613,09,0.15550613,False,0,0.0,0.6,0.197753065,Normal
train,09_007,0,0.022920243,09,0.022920243,False,0,0.0,0.6,0.1314601215,Normal
train,09_007,0,0.0233811,09,0.0233811,False,0,0.0,0.6,0.13169055,Normal
train,09_007,0,0.022473963,09,0.022473963,False,0,0.0,0.6,0.1312369815,Normal
train,09_007,0,0.027071413,09,0.027071413,False,0,0.0,0.6,0.1335357065,Normal
train,09_007,0,0.021397986,09,0.021397986,False,0,0.0,0.6,0.13069899299999999,Normal
train,09_007,0,0.024309143,09,0.024309143,False,0,0.0,0.6,0.13215457149999998,Normal
train,09_007,0,0.017673945,09,0.017673945,False,0,0.0,0.6,0.1288369725,Normal
train,09_007,0,0.010746726,09,0.010746726,False,0,0.0,0.6,0.125373363,Normal
train,09_007,0,0.010989917,09,0.010989917,False,0,0.0,0.6,0.1254949585,Normal
train,09_007,0,0.009923986,09,0.009923986,False,0,0.0,0.6,0.124961993,Normal
train,09_007,0,0.011272624,09,0.011272624,False,0,0.0,0.6,0.125636312,Normal
train,09_007,0,0.023348434,09,0.023348434,False,0,0.0,0.6,0.13167421699999998,Normal
train,09_007,0,0.037238013,09,0.037238013,False,0,0.0,0.6,0.1386190065,Normal
train,09_007,0,0.057531264,09,0.057531264,False,0,0.0,0.6,0.14876563199999998,Normal
train,09_007,0,0.187163,09,0.187163,False,0,0.0,0.6,0.21358149999999998,Normal
train,09_007,0,0.34173462,09,0.34173462,False,0,0.0,0.6,0.29086731,Normal
train,09_007,0,0.17633355,09,0.17633355,False,0,0.0,0.6,0.208166775,Normal
train,09_007,0,0.12847057,09,0.12847057,False,0,0.0,0.6,0.184235285,Normal
train,09_007,0,0.21182337,09,0.21182337,False,0,0.0,0.6,0.225911685,Normal
train,09_007,0,0.3944618,09,0.3944618,False,0,0.0,0.6,0.3172309,Normal
train,09_007,0,0.31199753,09,0.31199753,False,0,0.0,0.6,0.275998765,Normal
train,09_007,0,0.065205,09,0.065205,False,0,0.0,0.6,0.1526025,Normal
train,09_007,0,0.057207435,09,0.057207435,False,0,0.0,0.6,0.1486037175,Normal
train,09_007,0,0.025426067,09,0.025426067,False,0,0.0,0.6,0.1327130335,Normal
train,09_007,0,0.026451671,09,0.026451671,False,0,0.0,0.6,0.1332258355,Normal
train,09_007,0,0.015132747,09,0.015132747,False,0,0.0,0.6,0.1275663735,Normal
train,09_008,0,0.024339223,09,0.024339223,False,0,0.0,0.6,0.1321696115,Normal
train,09_008,0,0.024492383,09,0.024492383,False,0,0.0,0.6,0.1322461915,Normal
train,09_008,0,0.015385742,09,0.015385742,False,0,0.0,0.6,0.12769287099999999,Normal
train,09_008,0,0.010625528,09,0.010625528,False,0,0.0,0.6,0.125312764,Normal
train,09_008,0,0.010443209,09,0.010443209,False,0,0.0,0.6,0.1252216045,Normal
train,09_008,0,0.02344182,09,0.02344182,False,0,0.0,0.6,0.13172091,Normal
train,09_008,0,0.035357576,09,0.035357576,False,0,0.0,0.6,0.137678788,Normal
train,09_008,0,0.052152578,09,0.052152578,False,0,0.0,0.6,0.146076289,Normal
train,09_008,0,0.11319665,09,0.11319665,False,0,0.0,0.6,0.176598325,Normal
train,09_008,0,0.30720735,09,0.30720735,False,0,0.0,0.6,0.273603675,Normal
train,09_008,0,0.28037652,09,0.28037652,False,0,0.0,0.6,0.26018826,Normal
train,09_008,0,0.26395088,09,0.26395088,False,0,0.0,0.6,0.25197544,Normal
train,09_008,0,0.13086967,09,0.13086967,False,0,0.0,0.6,0.185434835,Normal
train,09_008,0,0.1768246,09,0.1768246,False,0,0.0,0.6,0.2084123,Normal
train,09_008,0,0.329035,09,0.329035,False,0,0.0,0.6,0.2845175,Normal
train,09_008,0,0.16578226,09,0.16578226,False,0,0.0,0.6,0.20289112999999998,Normal
train,09_008,0,0.03542156,09,0.03542156,False,0,0.0,0.6,0.13771078,Normal
train,09_008,0,0.039069325,09,0.039069325,False,0,0.0,0.6,0.1395346625,Normal
train,09_008,0,0.018101135,09,0.018101135,False,0,0.0,0.6,0.1290505675,Normal
train,09_008,0,0.011913804,09,0.011913804,False,0,0.0,0.6,0.12595690199999998,Normal
train,09_008,0,0.013597344,09,0.013597344,False,0,0.0,0.6,0.126798672,Normal
train,09_008,0,0.008368416,09,0.008368416,False,0,0.0,0.6,0.12418420799999999,Normal
train,09_009,0,0.039035734,09,0.039035734,False,0,0.0,0.6,0.139517867,Normal
train,09_009,0,0.017686708,09,0.017686708,False,0,0.0,0.6,0.128843354,Normal
train,09_009,0,0.030372139,09,0.030372139,False,0,0.0,0.6,0.1351860695,Normal
train,09_009,0,0.012351209,09,0.012351209,False,0,0.0,0.6,0.12617560449999998,Normal
train,09_009,0,0.013353703,09,0.013353703,False,0,0.0,0.6,0.1266768515,Normal
train,09_009,0,0.015269056,09,0.015269056,False,0,0.0,0.6,0.127634528,Normal
train,09_009,0,0.020196663,09,0.020196663,False,0,0.0,0.6,0.1300983315,Normal
train,09_009,0,0.06681045,09,0.06681045,False,0,0.0,0.6,0.15340522499999998,Normal
train,09_009,0,0.20439471,09,0.20439471,False,0,0.0,0.6,0.22219735499999999,Normal
train,09_009,0,0.22090414,09,0.22090414,False,0,0.0,0.6,0.23045207,Normal
train,09_009,0,0.32195356,09,0.32195356,False,0,0.0,0.6,0.28097678000000004,Normal
train,09_009,0,0.5862607,09,0.5862607,True,1,0.2,0.6,0.47313035,Low
train,09_009,0,0.56729305,09,0.56729305,True,2,0.4,0.6,0.523646525,Low
train,09_009,0,0.399453,09,0.399453,False,0,0.0,0.6,0.3197265,Normal
train,09_009,0,0.11052857,09,0.11052857,False,0,0.0,0.6,0.175264285,Normal
train,09_009,0,0.028245138,09,0.028245138,False,0,0.0,0.6,0.134122569,Normal
train,09_009,0,0.010259612,09,0.010259612,False,0,0.0,0.6,0.12512980599999998,Normal
train,09_009,0,0.007179763,09,0.007179763,False,0,0.0,0.6,0.1235898815,Normal
train,09_009,0,0.007317169,09,0.007317169,False,0,0.0,0.6,0.1236585845,Normal
train,09_009,0,0.013359076,09,0.013359076,False,0,0.0,0.6,0.126679538,Normal
train,09_009,0,0.022883177,09,0.022883177,False,0,0.0,0.6,0.13144158849999998,Normal
train,09_009,0,0.02799383,09,0.02799383,False,0,0.0,0.6,0.133996915,Normal
train,09_009,0,0.050785575,09,0.050785575,False,0,0.0,0.6,0.1453927875,Normal
train,09_009,0,0.039886095,09,0.039886095,False,0,0.0,0.6,0.1399430475,Normal
train,09_009,0,0.027421521,09,0.027421521,False,0,0.0,0.6,0.1337107605,Normal
train,09_009,0,0.037813574,09,0.037813574,False,0,0.0,0.6,0.138906787,Normal
train,09_009,0,0.058768585,09,0.058768585,False,0,0.0,0.6,0.1493842925,Normal
train,09_009,0,0.047209885,09,0.047209885,False,0,0.0,0.6,0.1436049425,Normal
train,09_009,0,0.035418022,09,0.035418022,False,0,0.0,0.6,0.137709011,Normal
train,09_009,0,0.035803646,09,0.035803646,False,0,0.0,0.6,0.137901823,Normal
train,09_010,0,0.005220121,09,0.005220121,False,0,0.0,0.6,0.12261006049999999,Normal
train,09_010,0,0.0065413723,09,0.0065413723,False,0,0.0,0.6,0.12327068614999999,Normal
train,09_010,0,0.016778085,09,0.016778085,False,0,0.0,0.6,0.1283890425,Normal
train,09_010,0,0.01661272,09,0.01661272,False,0,0.0,0.6,0.12830636,Normal
train,09_010,0,0.015925735,09,0.015925735,False,0,0.0,0.6,0.1279628675,Normal
train,09_010,0,0.010711287,09,0.010711287,False,0,0.0,0.6,0.1253556435,Normal
train,09_010,0,0.0066239405,09,0.0066239405,False,0,0.0,0.6,0.12331197025,Normal
train,09_010,0,0.005614752,09,0.005614752,False,0,0.0,0.6,0.122807376,Normal
train,09_010,0,0.0049009155,09,0.0049009155,False,0,0.0,0.6,0.12245045774999999,Normal
train,09_010,0,0.0056738933,09,0.0056738933,False,0,0.0,0.6,0.12283694665,Normal
train,09_010,0,0.006528289,09,0.006528289,False,0,0.0,0.6,0.12326414449999999,Normal
train,09_010,0,0.008024221,09,0.008024221,False,0,0.0,0.6,0.1240121105,Normal
train,09_010,0,0.013717835,09,0.013717835,False,0,0.0,0.6,0.1268589175,Normal
train,09_010,0,0.023166874,09,0.023166874,False,0,0.0,0.6,0.131583437,Normal
train,09_010,0,0.011230139,09,0.011230139,False,0,0.0,0.6,0.1256150695,Normal
train,09_010,0,0.008931705,09,0.008931705,False,0,0.0,0.6,0.1244658525,Normal
train,09_010,0,0.0067918194,09,0.0067918194,False,0,0.0,0.6,0.1233959097,Normal
train,09_010,0,0.0068287975,09,0.0068287975,False,0,0.0,0.6,0.12341439875,Normal
train,09_010,0,0.005559299,09,0.005559299,False,0,0.0,0.6,0.12277964949999999,Normal
val,10_001,0,0.9109863,10,0.9109863,True,1,0.2,0.6,0.63549315,Low
val,10_001,0,0.8584093,10,0.8584093,True,2,0.4,0.6,0.6692046500000001,Low
val,10_001,0,0.7294983,10,0.7294983,True,3,0.6,0.6,0.66474915,Low
val,10_001,0,0.80543786,10,0.80543786,True,4,0.8,0.6,0.76271893,Medium
val,10_001,0,0.82432055,10,0.82432055,True,5,1.0,0.6,0.832160275,High
val,10_001,0,0.6153014,10,0.6153014,True,6,1.0,0.6,0.7276507,Medium
val,10_001,0,0.2897924,10,0.2897924,False,0,0.0,0.6,0.2648962,Normal
val,10_001,0,0.08512092,10,0.08512092,False,0,0.0,0.6,0.16256046,Normal
val,10_001,0,0.48519728,10,0.48519728,False,0,0.0,0.6,0.36259863999999997,Normal
val,10_001,0,0.18409975,10,0.18409975,False,0,0.0,0.6,0.212049875,Normal
val,10_001,0,0.09828822,10,0.09828822,False,0,0.0,0.6,0.16914411,Normal
val,10_001,0,0.35812977,10,0.35812977,False,0,0.0,0.6,0.299064885,Normal
val,10_001,0,0.6081258,10,0.6081258,True,1,0.2,0.6,0.4840629,Low
train,10_002,0,0.039202966,10,0.039202966,False,0,0.0,0.6,0.139601483,Normal
train,10_002,0,0.062913485,10,0.062913485,False,0,0.0,0.6,0.1514567425,Normal
train,10_002,0,0.0350677,10,0.0350677,False,0,0.0,0.6,0.13753384999999999,Normal
train,10_002,0,0.09694169,10,0.09694169,False,0,0.0,0.6,0.16847084499999998,Normal
train,10_002,0,0.048317794,10,0.048317794,False,0,0.0,0.6,0.144158897,Normal
train,10_002,0,0.031688824,10,0.031688824,False,0,0.0,0.6,0.135844412,Normal
train,10_002,0,0.03528214,10,0.03528214,False,0,0.0,0.6,0.13764107,Normal
train,10_002,0,0.055311497,10,0.055311497,False,0,0.0,0.6,0.1476557485,Normal
train,10_002,0,0.0321968,10,0.0321968,False,0,0.0,0.6,0.1360984,Normal
train,10_002,0,0.028076246,10,0.028076246,False,0,0.0,0.6,0.134038123,Normal
train,10_002,0,0.0789685,10,0.0789685,False,0,0.0,0.6,0.15948425,Normal
train,10_002,0,0.12785287,10,0.12785287,False,0,0.0,0.6,0.183926435,Normal
train,10_002,0,0.08651046,10,0.08651046,False,0,0.0,0.6,0.16325523,Normal
train,10_002,0,0.11631925,10,0.11631925,False,0,0.0,0.6,0.178159625,Normal
train,10_002,0,0.23709573,10,0.23709573,False,0,0.0,0.6,0.238547865,Normal
train,10_002,0,0.43296343,10,0.43296343,False,0,0.0,0.6,0.336481715,Normal
train,10_002,0,0.19992632,10,0.19992632,False,0,0.0,0.6,0.21996316,Normal
train,10_002,0,0.19008145,10,0.19008145,False,0,0.0,0.6,0.215040725,Normal
train,10_002,0,0.15635781,10,0.15635781,False,0,0.0,0.6,0.19817890500000002,Normal
train,10_002,0,0.06375864,10,0.06375864,False,0,0.0,0.6,0.15187931999999998,Normal
train,10_002,0,0.02067252,10,0.02067252,False,0,0.0,0.6,0.13033625999999998,Normal
train,10_002,0,0.045360196,10,0.045360196,False,0,0.0,0.6,0.142680098,Normal
train,10_002,0,0.102019526,10,0.102019526,False,0,0.0,0.6,0.17100976299999998,Normal
train,10_002,0,0.23569539,10,0.23569539,False,0,0.0,0.6,0.237847695,Normal
train,10_002,0,0.2536754,10,0.2536754,False,0,0.0,0.6,0.2468377,Normal
train,10_002,0,0.7319722,10,0.7319722,True,1,0.2,0.6,0.5459860999999999,Low
train,10_003,0,0.69014776,10,0.69014776,True,1,0.2,0.6,0.52507388,Low
train,10_003,0,0.88517296,10,0.88517296,True,2,0.4,0.6,0.68258648,Medium
train,10_003,0,0.86020756,10,0.86020756,True,3,0.6,0.6,0.73010378,Medium
train,10_003,0,0.62039584,10,0.62039584,True,4,0.8,0.6,0.67019792,Low
train,10_003,0,0.48824465,10,0.48824465,False,0,0.0,0.6,0.36412232499999997,Normal
train,10_003,0,0.5687961,10,0.5687961,True,1,0.2,0.6,0.46439805,Low
train,10_003,0,0.66864175,10,0.66864175,True,2,0.4,0.6,0.574320875,Low
train,10_003,0,0.25692844,10,0.25692844,False,0,0.0,0.6,0.24846421999999999,Normal
train,10_003,0,0.14488713,10,0.14488713,False,0,0.0,0.6,0.19244356499999998,Normal
train,10_003,0,0.34152034,10,0.34152034,False,0,0.0,0.6,0.29076017,Normal
train,10_003,0,0.40021136,10,0.40021136,False,0,0.0,0.6,0.32010568,Normal
train,10_003,0,0.12468071,10,0.12468071,False,0,0.0,0.6,0.182340355,Normal
train,10_003,0,0.05383412,10,0.05383412,False,0,0.0,0.6,0.14691706,Normal
train,10_003,0,0.030459004,10,0.030459004,False,0,0.0,0.6,0.135229502,Normal
train,10_003,0,0.03352666,10,0.03352666,False,0,0.0,0.6,0.13676333,Normal
train,10_003,0,0.024454428,10,0.024454428,False,0,0.0,0.6,0.13222721399999998,Normal
train,10_003,0,0.031371973,10,0.031371973,False,0,0.0,0.6,0.1356859865,Normal
train,10_003,0,0.02218486,10,0.02218486,False,0,0.0,0.6,0.13109242999999998,Normal
train,10_003,0,0.12312274,10,0.12312274,False,0,0.0,0.6,0.18156137,Normal
train,10_003,0,0.08507557,10,0.08507557,False,0,0.0,0.6,0.162537785,Normal
train,10_003,0,0.31718546,10,0.31718546,False,0,0.0,0.6,0.27859272999999996,Normal
train,10_003,0,0.3682269,10,0.3682269,False,0,0.0,0.6,0.30411345,Normal
train,10_003,0,0.45595214,10,0.45595214,False,0,0.0,0.6,0.34797606999999997,Normal
train,10_003,0,0.23754488,10,0.23754488,False,0,0.0,0.6,0.23877244,Normal
train,10_003,0,0.098633535,10,0.098633535,False,0,0.0,0.6,0.1693167675,Normal
train,10_003,0,0.0327564,10,0.0327564,False,0,0.0,0.6,0.1363782,Normal
train,10_003,0,0.03265234,10,0.03265234,False,0,0.0,0.6,0.13632617,Normal
train,10_003,0,0.055336393,10,0.055336393,False,0,0.0,0.6,0.1476681965,Normal
train,10_003,0,0.072535105,10,0.072535105,False,0,0.0,0.6,0.1562675525,Normal
train,10_003,0,0.05429081,10,0.05429081,False,0,0.0,0.6,0.147145405,Normal
train,10_003,0,0.052716102,10,0.052716102,False,0,0.0,0.6,0.146358051,Normal
train,10_003,0,0.036967013,10,0.036967013,False,0,0.0,0.6,0.1384835065,Normal
train,10_003,0,0.030512616,10,0.030512616,False,0,0.0,0.6,0.135256308,Normal
train,10_003,0,0.024569182,10,0.024569182,False,0,0.0,0.6,0.132284591,Normal
train,10_003,0,0.017595073,10,0.017595073,False,0,0.0,0.6,0.1287975365,Normal
train,10_003,0,0.019945843,10,0.019945843,False,0,0.0,0.6,0.1299729215,Normal
train,10_003,0,0.040950786,10,0.040950786,False,0,0.0,0.6,0.140475393,Normal
train,10_003,0,0.07074817,10,0.07074817,False,0,0.0,0.6,0.155374085,Normal
train,10_003,0,0.101453744,10,0.101453744,False,0,0.0,0.6,0.170726872,Normal
train,10_003,0,0.2121379,10,0.2121379,False,0,0.0,0.6,0.22606895,Normal
train,10_003,0,0.20490454,10,0.20490454,False,0,0.0,0.6,0.22245227,Normal
train,10_003,0,0.06672473,10,0.06672473,False,0,0.0,0.6,0.153362365,Normal
train,10_003,0,0.027630616,10,0.027630616,False,0,0.0,0.6,0.133815308,Normal
train,10_003,0,0.024482941,10,0.024482941,False,0,0.0,0.6,0.13224147049999999,Normal
train,10_0037,0,0.42814755,10,0.42814755,False,0,0.0,0.6,0.334073775,Normal
train,10_0037,0,0.5646665,10,0.5646665,True,1,0.2,0.6,0.46233325,Low
train,10_0037,0,0.8502474,10,0.8502474,True,2,0.4,0.6,0.6651237,Low
train,10_0037,1,0.9385453,10,0.9385453,True,3,0.6,0.6,0.76927265,Medium
train,10_0037,1,0.95611304,10,0.95611304,True,4,0.8,0.6,0.83805652,High
train,10_0037,1,0.95096177,10,0.95096177,True,5,1.0,0.6,0.895480885,High
train,10_0037,1,0.952671,10,0.952671,True,6,1.0,0.6,0.8963355000000001,High
train,10_0037,1,0.95318604,10,0.95318604,True,7,1.0,0.6,0.89659302,High
train,10_0037,1,0.95656663,10,0.95656663,True,8,1.0,0.6,0.8982833149999999,High
train,10_0037,1,0.98614085,10,0.98614085,True,9,1.0,0.6,0.913070425,Critical
train,10_0037,1,0.9750241,10,0.9750241,True,10,1.0,0.6,0.9075120499999999,Critical
train,10_0037,1,0.973434,10,0.973434,True,11,1.0,0.6,0.906717,Critical
train,10_0038,1,0.9453986,10,0.9453986,True,1,0.2,0.6,0.6526993,Low
train,10_0038,1,0.9469671,10,0.9469671,True,2,0.4,0.6,0.71348355,Medium
train,10_0038,1,0.9506244,10,0.9506244,True,3,0.6,0.6,0.7753122,Medium
train,10_0038,1,0.9586391,10,0.9586391,True,4,0.8,0.6,0.83931955,High
train,10_0038,1,0.9711103,10,0.9711103,True,5,1.0,0.6,0.90555515,High
train,10_0038,1,0.9847801,10,0.9847801,True,6,1.0,0.6,0.9123900500000001,Critical
train,10_004,0,0.04583582,10,0.04583582,False,0,0.0,0.6,0.14291790999999998,Normal
train,10_004,0,0.05168638,10,0.05168638,False,0,0.0,0.6,0.14584318999999998,Normal
train,10_004,0,0.039827857,10,0.039827857,False,0,0.0,0.6,0.1399139285,Normal
train,10_004,0,0.13483861,10,0.13483861,False,0,0.0,0.6,0.18741930499999998,Normal
train,10_004,0,0.36176792,10,0.36176792,False,0,0.0,0.6,0.30088396,Normal
train,10_004,0,0.57603997,10,0.57603997,True,1,0.2,0.6,0.46801998499999997,Low
train,10_004,0,0.427123,10,0.427123,False,0,0.0,0.6,0.33356149999999996,Normal
train,10_004,0,0.15134144,10,0.15134144,False,0,0.0,0.6,0.19567072,Normal
train,10_004,0,0.124536105,10,0.124536105,False,0,0.0,0.6,0.1822680525,Normal
train,10_004,0,0.044511553,10,0.044511553,False,0,0.0,0.6,0.1422557765,Normal
train,10_004,0,0.01654111,10,0.01654111,False,0,0.0,0.6,0.128270555,Normal
train,10_004,0,0.012054587,10,0.012054587,False,0,0.0,0.6,0.1260272935,Normal
train,10_004,0,0.013210433,10,0.013210433,False,0,0.0,0.6,0.1266052165,Normal
train,10_004,0,0.011666793,10,0.011666793,False,0,0.0,0.6,0.1258333965,Normal
train,10_004,0,0.01887049,10,0.01887049,False,0,0.0,0.6,0.129435245,Normal
train,10_004,0,0.039762147,10,0.039762147,False,0,0.0,0.6,0.1398810735,Normal
train,10_004,0,0.056051534,10,0.056051534,False,0,0.0,0.6,0.148025767,Normal
train,10_004,0,0.09147915,10,0.09147915,False,0,0.0,0.6,0.165739575,Normal
train,10_004,0,0.15361796,10,0.15361796,False,0,0.0,0.6,0.19680898,Normal
train,10_004,0,0.10818596,10,0.10818596,False,0,0.0,0.6,0.17409298,Normal
train,10_004,0,0.120053284,10,0.120053284,False,0,0.0,0.6,0.180026642,Normal
train,10_004,0,0.21896742,10,0.21896742,False,0,0.0,0.6,0.22948371,Normal
train,10_004,0,0.08323442,10,0.08323442,False,0,0.0,0.6,0.16161721,Normal
train,10_004,0,0.026312085,10,0.026312085,False,0,0.0,0.6,0.1331560425,Normal
train,10_004,0,0.028746191,10,0.028746191,False,0,0.0,0.6,0.13437309549999998,Normal
train,10_004,0,0.019999273,10,0.019999273,False,0,0.0,0.6,0.1299996365,Normal
train,10_004,0,0.01654536,10,0.01654536,False,0,0.0,0.6,0.12827268,Normal
train,10_004,0,0.020050745,10,0.020050745,False,0,0.0,0.6,0.13002537249999999,Normal
train,10_004,0,0.019794075,10,0.019794075,False,0,0.0,0.6,0.1298970375,Normal
train,10_004,0,0.020332254,10,0.020332254,False,0,0.0,0.6,0.130166127,Normal
train,10_004,0,0.02136156,10,0.02136156,False,0,0.0,0.6,0.13068078,Normal
train,10_004,0,0.021239739,10,0.021239739,False,0,0.0,0.6,0.13061986949999999,Normal
train,10_004,0,0.019726882,10,0.019726882,False,0,0.0,0.6,0.129863441,Normal
train,10_004,0,0.0140485475,10,0.0140485475,False,0,0.0,0.6,0.12702427375,Normal
train,10_004,0,0.013010127,10,0.013010127,False,0,0.0,0.6,0.1265050635,Normal
train,10_004,0,0.016615322,10,0.016615322,False,0,0.0,0.6,0.128307661,Normal
train,10_004,0,0.017473664,10,0.017473664,False,0,0.0,0.6,0.128736832,Normal
train,10_004,0,0.026371166,10,0.026371166,False,0,0.0,0.6,0.133185583,Normal
train,10_004,0,0.048299473,10,0.048299473,False,0,0.0,0.6,0.1441497365,Normal
train,10_004,0,0.055811346,10,0.055811346,False,0,0.0,0.6,0.147905673,Normal
train,10_004,0,0.2261391,10,0.2261391,False,0,0.0,0.6,0.23306955000000001,Normal
train,10_004,0,0.37003258,10,0.37003258,False,0,0.0,0.6,0.30501628999999997,Normal
train,10_004,0,0.42633906,10,0.42633906,False,0,0.0,0.6,0.33316953,Normal
train,10_004,0,0.13889156,10,0.13889156,False,0,0.0,0.6,0.18944578,Normal
train,10_004,0,0.09939114,10,0.09939114,False,0,0.0,0.6,0.16969557,Normal
train,10_004,0,0.14563209,10,0.14563209,False,0,0.0,0.6,0.192816045,Normal
train,10_004,0,0.593073,10,0.593073,True,1,0.2,0.6,0.4765365,Low
train,10_004,0,0.7940585,10,0.7940585,True,2,0.4,0.6,0.63702925,Low
train,10_004,0,0.8357722,10,0.8357722,True,3,0.6,0.6,0.7178861,Medium
train,10_004,0,0.7329765,10,0.7329765,True,4,0.8,0.6,0.72648825,Medium
train,10_004,0,0.24044606,10,0.24044606,False,0,0.0,0.6,0.24022303,Normal
train,10_004,0,0.06907774,10,0.06907774,False,0,0.0,0.6,0.15453887,Normal
train,10_004,0,0.043885306,10,0.043885306,False,0,0.0,0.6,0.141942653,Normal
train,10_004,0,0.05021312,10,0.05021312,False,0,0.0,0.6,0.14510656,Normal
train,10_004,0,0.038616735,10,0.038616735,False,0,0.0,0.6,0.1393083675,Normal
train,10_004,0,0.02546044,10,0.02546044,False,0,0.0,0.6,0.13273022,Normal
train,10_0042,1,0.86506265,10,0.86506265,True,1,0.2,0.6,0.612531325,Low
train,10_0042,1,0.9403967,10,0.9403967,True,2,0.4,0.6,0.71019835,Medium
train,10_0042,1,0.9501222,10,0.9501222,True,3,0.6,0.6,0.7750611,Medium
train,10_0042,1,0.95423585,10,0.95423585,True,4,0.8,0.6,0.8371179249999999,High
train,10_0042,1,0.94495624,10,0.94495624,True,5,1.0,0.6,0.8924781199999999,High
train,10_0042,1,0.9149388,10,0.9149388,True,6,1.0,0.6,0.8774694,High
train,10_0042,1,0.93023705,10,0.93023705,True,7,1.0,0.6,0.885118525,High
train,10_0042,1,0.88270336,10,0.88270336,True,8,1.0,0.6,0.86135168,High
train,10_0042,1,0.805005,10,0.805005,True,9,1.0,0.6,0.8225025,Medium
train,10_0042,1,0.9271155,10,0.9271155,True,10,1.0,0.6,0.8835577499999999,High
train,10_0042,1,0.9449668,10,0.9449668,True,11,1.0,0.6,0.8924834,High
train,10_0042,0,0.63946855,10,0.63946855,True,12,1.0,0.6,0.739734275,Medium
test,10_005,0,0.22978574,10,0.22978574,False,0,0.0,0.6,0.23489286999999998,Normal
test,10_005,0,0.27466494,10,0.27466494,False,0,0.0,0.6,0.25733247000000004,Normal
test,10_005,0,0.09204968,10,0.09204968,False,0,0.0,0.6,0.16602484,Normal
test,10_005,0,0.07315331,10,0.07315331,False,0,0.0,0.6,0.156576655,Normal
test,10_005,0,0.041879218,10,0.041879218,False,0,0.0,0.6,0.140939609,Normal
test,10_005,0,0.053878818,10,0.053878818,False,0,0.0,0.6,0.146939409,Normal
test,10_005,0,0.05503348,10,0.05503348,False,0,0.0,0.6,0.14751674,Normal
test,10_005,0,0.12691374,10,0.12691374,False,0,0.0,0.6,0.18345687,Normal
test,10_005,0,0.33828276,10,0.33828276,False,0,0.0,0.6,0.28914138,Normal
test,10_005,0,0.2178704,10,0.2178704,False,0,0.0,0.6,0.2289352,Normal
test,10_005,0,0.14869358,10,0.14869358,False,0,0.0,0.6,0.19434679,Normal
test,10_005,0,0.027608879,10,0.027608879,False,0,0.0,0.6,0.13380443949999998,Normal
test,10_005,0,0.01174178,10,0.01174178,False,0,0.0,0.6,0.12587088999999999,Normal
test,10_005,0,0.016841123,10,0.016841123,False,0,0.0,0.6,0.1284205615,Normal
test,10_005,0,0.01989389,10,0.01989389,False,0,0.0,0.6,0.129946945,Normal
test,10_005,0,0.03467433,10,0.03467433,False,0,0.0,0.6,0.13733716499999998,Normal
test,10_005,0,0.049305785,10,0.049305785,False,0,0.0,0.6,0.1446528925,Normal
test,10_005,0,0.12270535,10,0.12270535,False,0,0.0,0.6,0.181352675,Normal
test,10_005,0,0.12381248,10,0.12381248,False,0,0.0,0.6,0.18190624,Normal
test,10_005,0,0.04798099,10,0.04798099,False,0,0.0,0.6,0.143990495,Normal
test,10_005,0,0.054784495,10,0.054784495,False,0,0.0,0.6,0.1473922475,Normal
test,10_005,0,0.055546887,10,0.055546887,False,0,0.0,0.6,0.1477734435,Normal
test,10_005,0,0.073832184,10,0.073832184,False,0,0.0,0.6,0.156916092,Normal
test,10_005,0,0.13181402,10,0.13181402,False,0,0.0,0.6,0.18590700999999998,Normal
test,10_005,0,0.09282917,10,0.09282917,False,0,0.0,0.6,0.166414585,Normal
test,10_005,0,0.20716296,10,0.20716296,False,0,0.0,0.6,0.22358148,Normal
test,10_005,0,0.4106737,10,0.4106737,False,0,0.0,0.6,0.32533685,Normal
test,10_005,0,0.3706467,10,0.3706467,False,0,0.0,0.6,0.30532335,Normal
test,10_005,0,0.5121759,10,0.5121759,True,1,0.2,0.6,0.43608795,Low
test,10_005,0,0.15266393,10,0.15266393,False,0,0.0,0.6,0.196331965,Normal
test,10_005,0,0.03224144,10,0.03224144,False,0,0.0,0.6,0.13612072,Normal
test,10_005,0,0.047613442,10,0.047613442,False,0,0.0,0.6,0.143806721,Normal
test,10_005,0,0.080530055,10,0.080530055,False,0,0.0,0.6,0.1602650275,Normal
test,10_005,0,0.18488148,10,0.18488148,False,0,0.0,0.6,0.21244074,Normal
test,10_005,0,0.3304477,10,0.3304477,False,0,0.0,0.6,0.28522385,Normal
test,10_005,0,0.15302086,10,0.15302086,False,0,0.0,0.6,0.19651043,Normal
test,10_005,0,0.03752036,10,0.03752036,False,0,0.0,0.6,0.13876018,Normal
test,10_005,0,0.08151808,10,0.08151808,False,0,0.0,0.6,0.16075904,Normal
test,10_005,0,0.26128376,10,0.26128376,False,0,0.0,0.6,0.25064188,Normal
test,10_005,0,0.32607073,10,0.32607073,False,0,0.0,0.6,0.283035365,Normal
test,10_005,0,0.28855512,10,0.28855512,False,0,0.0,0.6,0.26427756,Normal
test,10_005,0,0.3419824,10,0.3419824,False,0,0.0,0.6,0.2909912,Normal
test,10_005,0,0.2554576,10,0.2554576,False,0,0.0,0.6,0.2477288,Normal
test,10_005,0,0.09172984,10,0.09172984,False,0,0.0,0.6,0.16586492,Normal
test,10_005,0,0.031472724,10,0.031472724,False,0,0.0,0.6,0.135736362,Normal
test,10_005,0,0.014884869,10,0.014884869,False,0,0.0,0.6,0.1274424345,Normal
test,10_005,0,0.024710028,10,0.024710028,False,0,0.0,0.6,0.132355014,Normal
test,10_005,0,0.039926384,10,0.039926384,False,0,0.0,0.6,0.139963192,Normal
test,10_005,0,0.095338695,10,0.095338695,False,0,0.0,0.6,0.1676693475,Normal
test,10_005,0,0.06671518,10,0.06671518,False,0,0.0,0.6,0.15335759,Normal
test,10_005,0,0.058220923,10,0.058220923,False,0,0.0,0.6,0.14911046149999999,Normal
test,10_005,0,0.40779474,10,0.40779474,False,0,0.0,0.6,0.32389736999999996,Normal
test,10_005,0,0.8206944,10,0.8206944,True,1,0.2,0.6,0.5903472000000001,Low
test,10_005,0,0.864485,10,0.864485,True,2,0.4,0.6,0.6722425,Medium
test,10_005,0,0.93452054,10,0.93452054,True,3,0.6,0.6,0.76726027,Medium
test,10_005,0,0.76514405,10,0.76514405,True,4,0.8,0.6,0.742572025,Medium
train,10_006,0,0.33908606,10,0.33908606,False,0,0.0,0.6,0.28954303000000003,Normal
train,10_006,0,0.2967232,10,0.2967232,False,0,0.0,0.6,0.2683616,Normal
train,10_006,0,0.18266375,10,0.18266375,False,0,0.0,0.6,0.211331875,Normal
train,10_006,0,0.07631641,10,0.07631641,False,0,0.0,0.6,0.158158205,Normal
train,10_006,0,0.065109864,10,0.065109864,False,0,0.0,0.6,0.152554932,Normal
train,10_006,0,0.10236988,10,0.10236988,False,0,0.0,0.6,0.17118494,Normal
train,10_006,0,0.22398175,10,0.22398175,False,0,0.0,0.6,0.23199087499999999,Normal
train,10_006,0,0.17407231,10,0.17407231,False,0,0.0,0.6,0.207036155,Normal
train,10_006,0,0.18890506,10,0.18890506,False,0,0.0,0.6,0.21445253,Normal
train,10_006,0,0.315473,10,0.315473,False,0,0.0,0.6,0.2777365,Normal
train,10_006,0,0.30025822,10,0.30025822,False,0,0.0,0.6,0.27012911,Normal
train,10_006,0,0.3941714,10,0.3941714,False,0,0.0,0.6,0.3170857,Normal
train,10_006,0,0.7685568,10,0.7685568,True,1,0.2,0.6,0.5642784000000001,Low
train,10_006,0,0.8775049,10,0.8775049,True,2,0.4,0.6,0.6787524500000001,Medium
train,10_006,0,0.9271234,10,0.9271234,True,3,0.6,0.6,0.7635617,Medium
train,10_006,0,0.96495825,10,0.96495825,True,4,0.8,0.6,0.842479125,High
train,10_006,0,0.9773187,10,0.9773187,True,5,1.0,0.6,0.90865935,Critical
train,10_006,0,0.95121586,10,0.95121586,True,6,1.0,0.6,0.89560793,High
train,10_006,0,0.54971695,10,0.54971695,True,7,1.0,0.6,0.694858475,Medium
train,10_006,0,0.059901617,10,0.059901617,False,0,0.0,0.6,0.1499508085,Normal
train,10_006,0,0.06567915,10,0.06567915,False,0,0.0,0.6,0.152839575,Normal
val,10_007,0,0.052506942,10,0.052506942,False,0,0.0,0.6,0.146253471,Normal
val,10_007,0,0.03414818,10,0.03414818,False,0,0.0,0.6,0.13707408999999998,Normal
val,10_007,0,0.03441247,10,0.03441247,False,0,0.0,0.6,0.137206235,Normal
val,10_007,0,0.100429885,10,0.100429885,False,0,0.0,0.6,0.1702149425,Normal
val,10_007,0,0.3880757,10,0.3880757,False,0,0.0,0.6,0.31403785,Normal
val,10_007,0,0.6334103,10,0.6334103,True,1,0.2,0.6,0.49670515,Low
val,10_007,0,0.25440958,10,0.25440958,False,0,0.0,0.6,0.24720479,Normal
val,10_007,0,0.09670993,10,0.09670993,False,0,0.0,0.6,0.168354965,Normal
val,10_007,0,0.04862445,10,0.04862445,False,0,0.0,0.6,0.144312225,Normal
val,10_007,0,0.17529772,10,0.17529772,False,0,0.0,0.6,0.20764886,Normal
val,10_007,0,0.23103635,10,0.23103635,False,0,0.0,0.6,0.235518175,Normal
val,10_007,0,0.09770319,10,0.09770319,False,0,0.0,0.6,0.168851595,Normal
val,10_007,0,0.1110881,10,0.1110881,False,0,0.0,0.6,0.17554405,Normal
val,10_007,0,0.16272092,10,0.16272092,False,0,0.0,0.6,0.20136046,Normal
val,10_007,0,0.09899306,10,0.09899306,False,0,0.0,0.6,0.16949652999999998,Normal
val,10_007,0,0.027562631,10,0.027562631,False,0,0.0,0.6,0.1337813155,Normal
val,10_007,0,0.050588094,10,0.050588094,False,0,0.0,0.6,0.14529404699999998,Normal
val,10_007,0,0.12888138,10,0.12888138,False,0,0.0,0.6,0.18444069,Normal
val,10_007,0,0.5077791,10,0.5077791,True,1,0.2,0.6,0.43388955,Low
val,10_007,0,0.3524261,10,0.3524261,False,0,0.0,0.6,0.29621305,Normal
val,10_007,0,0.052254554,10,0.052254554,False,0,0.0,0.6,0.146127277,Normal
val,10_007,0,0.03755753,10,0.03755753,False,0,0.0,0.6,0.138778765,Normal
val,10_007,0,0.88192105,10,0.88192105,True,1,0.2,0.6,0.620960525,Low
val,10_007,0,0.96679235,10,0.96679235,True,2,0.4,0.6,0.723396175,Medium
train,10_0074,0,0.87700105,10,0.87700105,True,1,0.2,0.6,0.618500525,Low
train,10_0074,1,0.9559712,10,0.9559712,True,2,0.4,0.6,0.7179856,Medium
train,10_0074,1,0.9610989,10,0.9610989,True,3,0.6,0.6,0.78054945,Medium
train,10_0074,1,0.97124004,10,0.97124004,True,4,0.8,0.6,0.84562002,High
train,10_0074,1,0.97620153,10,0.97620153,True,5,1.0,0.6,0.908100765,Critical
train,10_0074,1,0.9794158,10,0.9794158,True,6,1.0,0.6,0.9097079,Critical
train,10_0074,1,0.985951,10,0.985951,True,7,1.0,0.6,0.9129755,Critical
train,10_0074,1,0.9761031,10,0.9761031,True,8,1.0,0.6,0.90805155,Critical
train,10_0074,1,0.9668754,10,0.9668754,True,9,1.0,0.6,0.9034377,High
train,10_0074,1,0.9665669,10,0.9665669,True,10,1.0,0.6,0.90328345,High
train,10_0074,1,0.9683396,10,0.9683396,True,11,1.0,0.6,0.9041697999999999,High
train,10_0074,1,0.9669347,10,0.9669347,True,12,1.0,0.6,0.90346735,High
train,10_0074,1,0.97393125,10,0.97393125,True,13,1.0,0.6,0.906965625,Critical
train,10_0074,1,0.9577196,10,0.9577196,True,14,1.0,0.6,0.8988598,High
train,10_0074,1,0.9684079,10,0.9684079,True,15,1.0,0.6,0.90420395,High
train,10_0074,1,0.9746072,10,0.9746072,True,16,1.0,0.6,0.9073036,Critical
train,10_0074,1,0.9791804,10,0.9791804,True,17,1.0,0.6,0.9095901999999999,Critical
train,10_0075,0,0.048324313,10,0.048324313,False,0,0.0,0.6,0.1441621565,Normal
train,10_0075,0,0.16885425,10,0.16885425,False,0,0.0,0.6,0.204427125,Normal
train,10_0075,0,0.6684579,10,0.6684579,True,1,0.2,0.6,0.51422895,Low
train,10_0075,0,0.75441164,10,0.75441164,True,2,0.4,0.6,0.61720582,Low
train,10_0075,0,0.6630302,10,0.6630302,True,3,0.6,0.6,0.6315151,Low
train,10_0075,0,0.28319812,10,0.28319812,False,0,0.0,0.6,0.26159906,Normal
train,10_0075,0,0.10004189,10,0.10004189,False,0,0.0,0.6,0.17002094499999998,Normal
train,10_0075,0,0.52857655,10,0.52857655,True,1,0.2,0.6,0.444288275,Low
train,10_0075,0,0.91751224,10,0.91751224,True,2,0.4,0.6,0.69875612,Medium
train,10_0075,0,0.9638155,10,0.9638155,True,3,0.6,0.6,0.78190775,Medium
train,10_0075,1,0.9351105,10,0.9351105,True,4,0.8,0.6,0.82755525,Medium
train,10_0075,1,0.85239375,10,0.85239375,True,5,1.0,0.6,0.846196875,High
train,10_0075,0,0.78946114,10,0.78946114,True,6,1.0,0.6,0.8147305699999999,Medium
train,10_0075,0,0.80870396,10,0.80870396,True,7,1.0,0.6,0.82435198,Medium
train,10_008,0,0.4682588,10,0.4682588,False,0,0.0,0.6,0.3541294,Normal
train,10_008,0,0.40436053,10,0.40436053,False,0,0.0,0.6,0.32218026499999997,Normal
train,10_008,0,0.4340655,10,0.4340655,False,0,0.0,0.6,0.33703275,Normal
train,10_008,0,0.45342323,10,0.45342323,False,0,0.0,0.6,0.34671161500000003,Normal
train,10_008,0,0.17331335,10,0.17331335,False,0,0.0,0.6,0.206656675,Normal
train,10_008,0,0.123959035,10,0.123959035,False,0,0.0,0.6,0.1819795175,Normal
train,10_008,0,0.018519096,10,0.018519096,False,0,0.0,0.6,0.129259548,Normal
train,10_008,0,0.0132725565,10,0.0132725565,False,0,0.0,0.6,0.12663627824999998,Normal
train,10_008,0,0.012543101,10,0.012543101,False,0,0.0,0.6,0.1262715505,Normal
train,10_008,0,0.010435933,10,0.010435933,False,0,0.0,0.6,0.1252179665,Normal
train,10_008,0,0.015059948,10,0.015059948,False,0,0.0,0.6,0.127529974,Normal
train,10_008,0,0.020583984,10,0.020583984,False,0,0.0,0.6,0.130291992,Normal
train,10_008,0,0.06857697,10,0.06857697,False,0,0.0,0.6,0.154288485,Normal
train,10_008,0,0.054082256,10,0.054082256,False,0,0.0,0.6,0.147041128,Normal
train,10_008,0,0.038938172,10,0.038938172,False,0,0.0,0.6,0.139469086,Normal
train,10_008,0,0.09894242,10,0.09894242,False,0,0.0,0.6,0.16947120999999998,Normal
train,10_008,0,0.26160288,10,0.26160288,False,0,0.0,0.6,0.25080144,Normal
train,10_008,0,0.21821173,10,0.21821173,False,0,0.0,0.6,0.229105865,Normal
train,10_008,0,0.100055926,10,0.100055926,False,0,0.0,0.6,0.170027963,Normal
train,10_008,0,0.082926534,10,0.082926534,False,0,0.0,0.6,0.161463267,Normal
train,10_008,0,0.26707852,10,0.26707852,False,0,0.0,0.6,0.25353926,Normal
train,10_008,0,0.42068368,10,0.42068368,False,0,0.0,0.6,0.33034184,Normal
train,10_008,0,0.3992086,10,0.3992086,False,0,0.0,0.6,0.3196043,Normal
train,10_008,0,0.4614198,10,0.4614198,False,0,0.0,0.6,0.3507099,Normal
train,10_008,0,0.7490959,10,0.7490959,True,1,0.2,0.6,0.55454795,Low
train,10_008,0,0.8638548,10,0.8638548,True,2,0.4,0.6,0.6719274000000001,Medium
train,10_008,0,0.7773447,10,0.7773447,True,3,0.6,0.6,0.6886723499999999,Medium
train,10_008,0,0.4330277,10,0.4330277,False,0,0.0,0.6,0.33651385,Normal
train,10_008,0,0.29702738,10,0.29702738,False,0,0.0,0.6,0.26851369,Normal
train,10_008,0,0.035210855,10,0.035210855,False,0,0.0,0.6,0.1376054275,Normal
train,10_008,0,0.15284735,10,0.15284735,False,0,0.0,0.6,0.196423675,Normal
train,10_008,0,0.72840035,10,0.72840035,True,1,0.2,0.6,0.5442001750000001,Low
train,10_008,0,0.7549382,10,0.7549382,True,2,0.4,0.6,0.6174691,Low
train,10_008,0,0.49910745,10,0.49910745,False,0,0.0,0.6,0.369553725,Normal
train,10_008,0,0.71269643,10,0.71269643,True,1,0.2,0.6,0.5363482150000001,Low
train,10_008,0,0.29741412,10,0.29741412,False,0,0.0,0.6,0.26870706,Normal
train,10_008,0,0.18857451,10,0.18857451,False,0,0.0,0.6,0.214287255,Normal
val,10_009,0,0.23131722,10,0.23131722,False,0,0.0,0.6,0.23565861,Normal
val,10_009,0,0.16851887,10,0.16851887,False,0,0.0,0.6,0.204259435,Normal
val,10_009,0,0.15949115,10,0.15949115,False,0,0.0,0.6,0.199745575,Normal
val,10_009,0,0.088052794,10,0.088052794,False,0,0.0,0.6,0.164026397,Normal
val,10_009,0,0.2900665,10,0.2900665,False,0,0.0,0.6,0.26503325,Normal
val,10_009,0,0.523385,10,0.523385,True,1,0.2,0.6,0.4416925,Low
val,10_009,0,0.6604037,10,0.6604037,True,2,0.4,0.6,0.57020185,Low
val,10_009,0,0.3005749,10,0.3005749,False,0,0.0,0.6,0.27028745,Normal
val,10_009,0,0.2785653,10,0.2785653,False,0,0.0,0.6,0.25928265,Normal
val,10_009,0,0.2649101,10,0.2649101,False,0,0.0,0.6,0.25245505,Normal
val,10_009,0,0.26092193,10,0.26092193,False,0,0.0,0.6,0.25046096500000004,Normal
val,10_009,0,0.3286929,10,0.3286929,False,0,0.0,0.6,0.28434645000000003,Normal
val,10_009,0,0.29720291,10,0.29720291,False,0,0.0,0.6,0.268601455,Normal
val,10_009,0,0.2049181,10,0.2049181,False,0,0.0,0.6,0.22245905,Normal
val,10_009,0,0.2857272,10,0.2857272,False,0,0.0,0.6,0.2628636,Normal
val,10_009,0,0.22692876,10,0.22692876,False,0,0.0,0.6,0.23346438,Normal
val,10_009,0,0.12136897,10,0.12136897,False,0,0.0,0.6,0.180684485,Normal
val,10_009,0,0.11706731,10,0.11706731,False,0,0.0,0.6,0.17853365499999999,Normal
train,10_010,0,0.06793074,10,0.06793074,False,0,0.0,0.6,0.15396537,Normal
train,10_010,0,0.17202811,10,0.17202811,False,0,0.0,0.6,0.206014055,Normal
train,10_010,0,0.089030825,10,0.089030825,False,0,0.0,0.6,0.16451541249999999,Normal
train,10_010,0,0.02668262,10,0.02668262,False,0,0.0,0.6,0.13334131,Normal
train,10_010,0,0.02386273,10,0.02386273,False,0,0.0,0.6,0.131931365,Normal
train,10_010,0,0.065287985,10,0.065287985,False,0,0.0,0.6,0.1526439925,Normal
train,10_010,0,0.34057468,10,0.34057468,False,0,0.0,0.6,0.29028734,Normal
train,10_010,0,0.7750816,10,0.7750816,True,1,0.2,0.6,0.5675408,Low
train,10_010,0,0.6959464,10,0.6959464,True,2,0.4,0.6,0.5879732,Low
train,10_010,0,0.7286872,10,0.7286872,True,3,0.6,0.6,0.6643435999999999,Low
train,10_010,0,0.82590556,10,0.82590556,True,4,0.8,0.6,0.77295278,Medium
train,10_010,0,0.7061334,10,0.7061334,True,5,1.0,0.6,0.7730667,Medium
train,10_010,0,0.0746047,10,0.0746047,False,0,0.0,0.6,0.15730234999999998,Normal
train,10_010,0,0.010500719,10,0.010500719,False,0,0.0,0.6,0.1252503595,Normal
train,10_010,0,0.018187756,10,0.018187756,False,0,0.0,0.6,0.129093878,Normal
train,10_010,0,0.02272184,10,0.02272184,False,0,0.0,0.6,0.13136092,Normal
train,10_010,0,0.020027729,10,0.020027729,False,0,0.0,0.6,0.1300138645,Normal
train,10_010,0,0.022288036,10,0.022288036,False,0,0.0,0.6,0.131144018,Normal
train,10_010,0,0.02482712,10,0.02482712,False,0,0.0,0.6,0.13241355999999999,Normal
train,10_010,0,0.026355494,10,0.026355494,False,0,0.0,0.6,0.13317774699999999,Normal
train,10_010,0,0.03188103,10,0.03188103,False,0,0.0,0.6,0.13594051499999998,Normal
train,10_010,0,0.030372057,10,0.030372057,False,0,0.0,0.6,0.1351860285,Normal
train,10_010,0,0.028473418,10,0.028473418,False,0,0.0,0.6,0.134236709,Normal
train,10_010,0,0.012381348,10,0.012381348,False,0,0.0,0.6,0.126190674,Normal
train,10_010,0,0.010203755,10,0.010203755,False,0,0.0,0.6,0.12510187749999999,Normal
train,10_010,0,0.009488528,10,0.009488528,False,0,0.0,0.6,0.124744264,Normal
train,10_010,0,0.008844036,10,0.008844036,False,0,0.0,0.6,0.124422018,Normal
train,10_010,0,0.0092310365,10,0.0092310365,False,0,0.0,0.6,0.12461551825,Normal
train,10_010,0,0.0128631545,10,0.0128631545,False,0,0.0,0.6,0.12643157724999998,Normal
train,10_010,0,0.021628132,10,0.021628132,False,0,0.0,0.6,0.130814066,Normal
train,10_010,0,0.07056781,10,0.07056781,False,0,0.0,0.6,0.155283905,Normal
train,10_010,0,0.16179268,10,0.16179268,False,0,0.0,0.6,0.20089634,Normal
train,10_010,0,0.164037,10,0.164037,False,0,0.0,0.6,0.2020185,Normal
train,10_011,0,0.05252494,10,0.05252494,False,0,0.0,0.6,0.14626247,Normal
train,10_011,0,0.14575215,10,0.14575215,False,0,0.0,0.6,0.19287607499999998,Normal
train,10_011,0,0.12445149,10,0.12445149,False,0,0.0,0.6,0.182225745,Normal
train,10_011,0,0.2396897,10,0.2396897,False,0,0.0,0.6,0.23984485,Normal
train,10_011,0,0.33621544,10,0.33621544,False,0,0.0,0.6,0.28810771999999996,Normal
train,10_011,0,0.43112853,10,0.43112853,False,0,0.0,0.6,0.33556426500000003,Normal
train,10_011,0,0.111357845,10,0.111357845,False,0,0.0,0.6,0.1756789225,Normal
train,10_011,0,0.020885907,10,0.020885907,False,0,0.0,0.6,0.1304429535,Normal
train,10_011,0,0.033363976,10,0.033363976,False,0,0.0,0.6,0.136681988,Normal
train,10_011,0,0.028522754,10,0.028522754,False,0,0.0,0.6,0.134261377,Normal
train,10_011,0,0.026427913,10,0.026427913,False,0,0.0,0.6,0.1332139565,Normal
train,10_011,0,0.027066786,10,0.027066786,False,0,0.0,0.6,0.133533393,Normal
train,10_011,0,0.031997498,10,0.031997498,False,0,0.0,0.6,0.135998749,Normal
train,10_011,0,0.05432261,10,0.05432261,False,0,0.0,0.6,0.147161305,Normal
train,10_011,0,0.22657798,10,0.22657798,False,0,0.0,0.6,0.23328899,Normal
train,10_011,0,0.10564073,10,0.10564073,False,0,0.0,0.6,0.172820365,Normal
train,10_011,0,0.15678102,10,0.15678102,False,0,0.0,0.6,0.19839051,Normal
train,10_011,0,0.64944065,10,0.64944065,True,1,0.2,0.6,0.504720325,Low
train,10_011,0,0.9090298,10,0.9090298,True,2,0.4,0.6,0.6945149,Medium
train,10_011,0,0.9111796,10,0.9111796,True,3,0.6,0.6,0.7555898,Medium
train,10_011,0,0.7591813,10,0.7591813,True,4,0.8,0.6,0.7395906499999999,Medium
train,10_011,0,0.67437977,10,0.67437977,True,5,1.0,0.6,0.757189885,Medium
train,10_011,0,0.7564588,10,0.7564588,True,6,1.0,0.6,0.7982294,Medium
train,11_001,0,0.020146864,11,0.020146864,False,0,0.0,0.6,0.130073432,Normal
train,11_001,0,0.005709365,11,0.005709365,False,0,0.0,0.6,0.12285468249999999,Normal
train,11_001,0,0.0046468787,11,0.0046468787,False,0,0.0,0.6,0.12232343935,Normal
train,11_001,0,0.004425148,11,0.004425148,False,0,0.0,0.6,0.12221257399999999,Normal
train,11_001,0,0.0052501378,11,0.0052501378,False,0,0.0,0.6,0.1226250689,Normal
train,11_001,0,0.005227867,11,0.005227867,False,0,0.0,0.6,0.1226139335,Normal
train,11_001,0,0.009019632,11,0.009019632,False,0,0.0,0.6,0.124509816,Normal
train,11_001,0,0.010916163,11,0.010916163,False,0,0.0,0.6,0.12545808149999998,Normal
train,11_001,0,0.016498309,11,0.016498309,False,0,0.0,0.6,0.1282491545,Normal
train,11_001,0,0.08451079,11,0.08451079,False,0,0.0,0.6,0.162255395,Normal
train,11_001,0,0.015706552,11,0.015706552,False,0,0.0,0.6,0.127853276,Normal
train,11_001,0,0.0067387633,11,0.0067387633,False,0,0.0,0.6,0.12336938165,Normal
train,11_001,0,0.010594713,11,0.010594713,False,0,0.0,0.6,0.12529735649999998,Normal
train,11_001,0,0.021564003,11,0.021564003,False,0,0.0,0.6,0.1307820015,Normal
train,11_001,0,0.007153023,11,0.007153023,False,0,0.0,0.6,0.1235765115,Normal
train,11_001,0,0.006226492,11,0.006226492,False,0,0.0,0.6,0.123113246,Normal
train,11_002,0,0.0056953877,11,0.0056953877,False,0,0.0,0.6,0.12284769385,Normal
train,11_002,0,0.004748189,11,0.004748189,False,0,0.0,0.6,0.1223740945,Normal
train,11_002,0,0.009042325,11,0.009042325,False,0,0.0,0.6,0.12452116249999999,Normal
train,11_002,0,0.0109893475,11,0.0109893475,False,0,0.0,0.6,0.12549467375,Normal
train,11_002,0,0.0046323137,11,0.0046323137,False,0,0.0,0.6,0.12231615685,Normal
train,11_002,0,0.0065665813,11,0.0065665813,False,0,0.0,0.6,0.12328329065,Normal
train,11_002,0,0.0041068643,11,0.0041068643,False,0,0.0,0.6,0.12205343215,Normal
train,11_002,0,0.0045178616,11,0.0045178616,False,0,0.0,0.6,0.1222589308,Normal
train,11_002,0,0.0049927006,11,0.0049927006,False,0,0.0,0.6,0.1224963503,Normal
train,11_002,0,0.004305142,11,0.004305142,False,0,0.0,0.6,0.122152571,Normal
train,11_002,0,0.0048279255,11,0.0048279255,False,0,0.0,0.6,0.12241396275,Normal
train,11_002,0,0.00573577,11,0.00573577,False,0,0.0,0.6,0.122867885,Normal
train,11_002,0,0.008184882,11,0.008184882,False,0,0.0,0.6,0.124092441,Normal
train,11_002,0,0.11219662,11,0.11219662,False,0,0.0,0.6,0.17609830999999998,Normal
train,11_002,0,0.47814998,11,0.47814998,False,0,0.0,0.6,0.35907499,Normal
train,11_002,0,0.6914553,11,0.6914553,True,1,0.2,0.6,0.52572765,Low
train,11_002,0,0.71560436,11,0.71560436,True,2,0.4,0.6,0.59780218,Low
train,11_002,0,0.7076347,11,0.7076347,True,3,0.6,0.6,0.65381735,Low
train,11_002,0,0.7751379,11,0.7751379,True,4,0.8,0.6,0.74756895,Medium
train,11_002,0,0.42000505,11,0.42000505,False,0,0.0,0.6,0.330002525,Normal
train,11_002,0,0.29527414,11,0.29527414,False,0,0.0,0.6,0.26763707000000003,Normal
train,11_002,0,0.07450417,11,0.07450417,False,0,0.0,0.6,0.15725208499999999,Normal
train,11_002,0,0.13401425,11,0.13401425,False,0,0.0,0.6,0.187007125,Normal
train,11_002,0,0.047582846,11,0.047582846,False,0,0.0,0.6,0.143791423,Normal
train,11_002,0,0.025691207,11,0.025691207,False,0,0.0,0.6,0.1328456035,Normal
train,11_002,0,0.08789154,11,0.08789154,False,0,0.0,0.6,0.16394577,Normal
train,11_002,0,0.49243203,11,0.49243203,False,0,0.0,0.6,0.366216015,Normal
train,11_002,0,0.6551628,11,0.6551628,True,1,0.2,0.6,0.5075814000000001,Low
train,11_002,0,0.3726995,11,0.3726995,False,0,0.0,0.6,0.30634975,Normal
train,11_002,0,0.19805804,11,0.19805804,False,0,0.0,0.6,0.21902902,Normal
train,11_002,0,0.5627916,11,0.5627916,True,1,0.2,0.6,0.46139579999999997,Low
train,11_002,0,0.1815426,11,0.1815426,False,0,0.0,0.6,0.2107713,Normal
train,11_002,0,0.1311153,11,0.1311153,False,0,0.0,0.6,0.18555765,Normal
train,11_002,0,0.09009769,11,0.09009769,False,0,0.0,0.6,0.165048845,Normal
train,11_002,0,0.03907188,11,0.03907188,False,0,0.0,0.6,0.13953594,Normal
train,11_002,0,0.008743032,11,0.008743032,False,0,0.0,0.6,0.124371516,Normal
train,11_002,0,0.0061005047,11,0.0061005047,False,0,0.0,0.6,0.12305025235,Normal
train,11_002,0,0.012362365,11,0.012362365,False,0,0.0,0.6,0.1261811825,Normal
train,11_002,0,0.009620486,11,0.009620486,False,0,0.0,0.6,0.124810243,Normal
train,11_002,0,0.011111194,11,0.011111194,False,0,0.0,0.6,0.125555597,Normal
train,11_002,0,0.009853545,11,0.009853545,False,0,0.0,0.6,0.12492677249999999,Normal
train,11_003,0,0.0059592463,11,0.0059592463,False,0,0.0,0.6,0.12297962315,Normal
train,11_003,0,0.005033233,11,0.005033233,False,0,0.0,0.6,0.1225166165,Normal
train,11_003,0,0.0061487854,11,0.0061487854,False,0,0.0,0.6,0.1230743927,Normal
train,11_003,0,0.004699784,11,0.004699784,False,0,0.0,0.6,0.122349892,Normal
train,11_003,0,0.004534509,11,0.004534509,False,0,0.0,0.6,0.12226725449999999,Normal
train,11_003,0,0.0049175196,11,0.0049175196,False,0,0.0,0.6,0.1224587598,Normal
train,11_003,0,0.005363802,11,0.005363802,False,0,0.0,0.6,0.122681901,Normal
train,11_003,0,0.00498037,11,0.00498037,False,0,0.0,0.6,0.122490185,Normal
train,11_003,0,0.005206085,11,0.005206085,False,0,0.0,0.6,0.1226030425,Normal
train,11_003,0,0.0068208654,11,0.0068208654,False,0,0.0,0.6,0.12341043269999999,Normal
train,11_003,0,0.0051121237,11,0.0051121237,False,0,0.0,0.6,0.12255606185,Normal
train,11_003,0,0.005010227,11,0.005010227,False,0,0.0,0.6,0.1225051135,Normal
train,11_003,0,0.011819602,11,0.011819602,False,0,0.0,0.6,0.125909801,Normal
train,11_003,0,0.008568342,11,0.008568342,False,0,0.0,0.6,0.124284171,Normal
train,11_003,0,0.008574461,11,0.008574461,False,0,0.0,0.6,0.1242872305,Normal
train,11_003,0,0.020138215,11,0.020138215,False,0,0.0,0.6,0.1300691075,Normal
train,11_003,0,0.054561827,11,0.054561827,False,0,0.0,0.6,0.1472809135,Normal
train,11_003,0,0.057620306,11,0.057620306,False,0,0.0,0.6,0.148810153,Normal
train,11_003,0,0.040264044,11,0.040264044,False,0,0.0,0.6,0.140132022,Normal
train,11_003,0,0.008466329,11,0.008466329,False,0,0.0,0.6,0.12423316449999999,Normal
test,11_004,0,0.006981945,11,0.006981945,False,0,0.0,0.6,0.12349097249999999,Normal
test,11_004,0,0.0063329777,11,0.0063329777,False,0,0.0,0.6,0.12316648884999999,Normal
test,11_004,0,0.007132088,11,0.007132088,False,0,0.0,0.6,0.123566044,Normal
test,11_004,0,0.0090386765,11,0.0090386765,False,0,0.0,0.6,0.12451933825,Normal
test,11_004,0,0.0074240607,11,0.0074240607,False,0,0.0,0.6,0.12371203035,Normal
test,11_004,0,0.010378143,11,0.010378143,False,0,0.0,0.6,0.1251890715,Normal
test,11_005,0,0.009845453,11,0.009845453,False,0,0.0,0.6,0.1249227265,Normal
test,11_005,0,0.22407112,11,0.22407112,False,0,0.0,0.6,0.23203556,Normal
test,11_005,0,0.0741804,11,0.0741804,False,0,0.0,0.6,0.15709019999999999,Normal
test,11_005,0,0.023066409,11,0.023066409,False,0,0.0,0.6,0.1315332045,Normal
test,11_005,0,0.016755281,11,0.016755281,False,0,0.0,0.6,0.1283776405,Normal
test,11_005,0,0.03050586,11,0.03050586,False,0,0.0,0.6,0.13525293,Normal
test,11_005,0,0.0071655973,11,0.0071655973,False,0,0.0,0.6,0.12358279864999999,Normal
test,11_005,0,0.0061825416,11,0.0061825416,False,0,0.0,0.6,0.1230912708,Normal
test,11_005,0,0.01207698,11,0.01207698,False,0,0.0,0.6,0.12603849,Normal
test,11_005,0,0.011651029,11,0.011651029,False,0,0.0,0.6,0.12582551449999999,Normal
test,11_005,0,0.0151305515,11,0.0151305515,False,0,0.0,0.6,0.12756527574999998,Normal
test,11_005,0,0.009535528,11,0.009535528,False,0,0.0,0.6,0.12476776399999999,Normal
test,11_005,0,0.011010797,11,0.011010797,False,0,0.0,0.6,0.1255053985,Normal
test,11_005,0,0.007257684,11,0.007257684,False,0,0.0,0.6,0.12362884199999999,Normal
test,11_005,0,0.008064872,11,0.008064872,False,0,0.0,0.6,0.124032436,Normal
test,11_005,0,0.0071532493,11,0.0071532493,False,0,0.0,0.6,0.12357662465,Normal
test,11_005,0,0.0071401987,11,0.0071401987,False,0,0.0,0.6,0.12357009934999999,Normal
test,11_005,0,0.008050041,11,0.008050041,False,0,0.0,0.6,0.1240250205,Normal
test,11_005,0,0.0078639025,11,0.0078639025,False,0,0.0,0.6,0.12393195124999999,Normal
test,11_005,0,0.007377417,11,0.007377417,False,0,0.0,0.6,0.1236887085,Normal
test,11_005,0,0.0064679002,11,0.0064679002,False,0,0.0,0.6,0.12323395009999999,Normal
test,11_005,0,0.006213553,11,0.006213553,False,0,0.0,0.6,0.1231067765,Normal
test,11_005,0,0.0066969288,11,0.0066969288,False,0,0.0,0.6,0.1233484644,Normal
test,11_005,0,0.0077965064,11,0.0077965064,False,0,0.0,0.6,0.1238982532,Normal
test,11_005,0,0.0063467897,11,0.0063467897,False,0,0.0,0.6,0.12317339484999999,Normal
test,11_005,0,0.0060006427,11,0.0060006427,False,0,0.0,0.6,0.12300032135,Normal
test,11_005,0,0.006420603,11,0.006420603,False,0,0.0,0.6,0.1232103015,Normal
test,11_005,0,0.03382481,11,0.03382481,False,0,0.0,0.6,0.136912405,Normal
test,11_005,0,0.40241686,11,0.40241686,False,0,0.0,0.6,0.32120843,Normal
test,11_005,0,0.08744313,11,0.08744313,False,0,0.0,0.6,0.16372156499999999,Normal
test,11_005,0,0.012894118,11,0.012894118,False,0,0.0,0.6,0.126447059,Normal
test,11_005,0,0.011878974,11,0.011878974,False,0,0.0,0.6,0.125939487,Normal
test,11_005,0,0.0076067443,11,0.0076067443,False,0,0.0,0.6,0.12380337215,Normal
test,11_006,0,0.008251653,11,0.008251653,False,0,0.0,0.6,0.1241258265,Normal
test,11_006,0,0.0068850913,11,0.0068850913,False,0,0.0,0.6,0.12344254565,Normal
test,11_006,0,0.004548352,11,0.004548352,False,0,0.0,0.6,0.122274176,Normal
test,11_006,0,0.005972483,11,0.005972483,False,0,0.0,0.6,0.1229862415,Normal
test,11_006,0,0.06818391,11,0.06818391,False,0,0.0,0.6,0.154091955,Normal
test,11_006,0,0.014788624,11,0.014788624,False,0,0.0,0.6,0.127394312,Normal
test,11_006,0,0.017727902,11,0.017727902,False,0,0.0,0.6,0.128863951,Normal
test,11_006,0,0.012063385,11,0.012063385,False,0,0.0,0.6,0.1260316925,Normal
test,11_006,0,0.007261306,11,0.007261306,False,0,0.0,0.6,0.123630653,Normal
test,11_006,0,0.0057490882,11,0.0057490882,False,0,0.0,0.6,0.1228745441,Normal
test,11_006,0,0.011583563,11,0.011583563,False,0,0.0,0.6,0.1257917815,Normal
test,11_006,0,0.01484704,11,0.01484704,False,0,0.0,0.6,0.12742351999999998,Normal
test,11_006,0,0.010926454,11,0.010926454,False,0,0.0,0.6,0.12546322699999998,Normal
test,11_006,0,0.016475165,11,0.016475165,False,0,0.0,0.6,0.1282375825,Normal
test,11_006,0,0.019684546,11,0.019684546,False,0,0.0,0.6,0.129842273,Normal
test,11_006,0,0.018833077,11,0.018833077,False,0,0.0,0.6,0.12941653849999998,Normal
train,11_007,0,0.0069350973,11,0.0069350973,False,0,0.0,0.6,0.12346754865,Normal
train,11_007,0,0.008072634,11,0.008072634,False,0,0.0,0.6,0.124036317,Normal
train,11_007,0,0.01960974,11,0.01960974,False,0,0.0,0.6,0.12980487,Normal
train,11_007,0,0.07351619,11,0.07351619,False,0,0.0,0.6,0.156758095,Normal
train,11_007,0,0.009178317,11,0.009178317,False,0,0.0,0.6,0.12458915849999999,Normal
train,11_007,0,0.004836818,11,0.004836818,False,0,0.0,0.6,0.12241840899999999,Normal
train,11_007,0,0.008969647,11,0.008969647,False,0,0.0,0.6,0.1244848235,Normal
train,11_007,0,0.0076704463,11,0.0076704463,False,0,0.0,0.6,0.12383522314999999,Normal
train,11_007,0,0.009048233,11,0.009048233,False,0,0.0,0.6,0.12452411649999999,Normal
train,11_007,0,0.008369381,11,0.008369381,False,0,0.0,0.6,0.1241846905,Normal
train,11_007,0,0.006765062,11,0.006765062,False,0,0.0,0.6,0.12338253099999999,Normal
train,11_007,0,0.0061099255,11,0.0061099255,False,0,0.0,0.6,0.12305496275,Normal
train,11_007,0,0.0054429215,11,0.0054429215,False,0,0.0,0.6,0.12272146075,Normal
train,11_008,0,0.014883827,11,0.014883827,False,0,0.0,0.6,0.1274419135,Normal
train,11_008,0,0.021601921,11,0.021601921,False,0,0.0,0.6,0.1308009605,Normal
train,11_008,0,0.11078819,11,0.11078819,False,0,0.0,0.6,0.175394095,Normal
train,11_008,0,0.025744922,11,0.025744922,False,0,0.0,0.6,0.132872461,Normal
train,11_008,0,0.021169284,11,0.021169284,False,0,0.0,0.6,0.130584642,Normal
train,11_008,0,0.013657817,11,0.013657817,False,0,0.0,0.6,0.1268289085,Normal
train,11_008,0,0.0122577185,11,0.0122577185,False,0,0.0,0.6,0.12612885925,Normal
train,11_008,0,0.0065345853,11,0.0065345853,False,0,0.0,0.6,0.12326729265,Normal
train,11_008,0,0.0065054283,11,0.0065054283,False,0,0.0,0.6,0.12325271415,Normal
train,11_008,0,0.0077242986,11,0.0077242986,False,0,0.0,0.6,0.1238621493,Normal
train,11_008,0,0.008061504,11,0.008061504,False,0,0.0,0.6,0.124030752,Normal
train,11_008,0,0.009739451,11,0.009739451,False,0,0.0,0.6,0.1248697255,Normal
train,11_008,0,0.009699068,11,0.009699068,False,0,0.0,0.6,0.124849534,Normal
train,11_008,0,0.012241898,11,0.012241898,False,0,0.0,0.6,0.12612094899999998,Normal
train,11_008,0,0.010187408,11,0.010187408,False,0,0.0,0.6,0.125093704,Normal
train,11_008,0,0.021160798,11,0.021160798,False,0,0.0,0.6,0.13058039899999999,Normal
train,11_008,0,0.020111123,11,0.020111123,False,0,0.0,0.6,0.1300555615,Normal
train,11_008,0,0.027287005,11,0.027287005,False,0,0.0,0.6,0.13364350249999998,Normal
train,11_009,0,0.009331778,11,0.009331778,False,0,0.0,0.6,0.124665889,Normal
train,11_009,0,0.01696071,11,0.01696071,False,0,0.0,0.6,0.128480355,Normal
train,11_009,0,0.014150805,11,0.014150805,False,0,0.0,0.6,0.1270754025,Normal
train,11_009,0,0.054458436,11,0.054458436,False,0,0.0,0.6,0.147229218,Normal
train,11_009,0,0.37339082,11,0.37339082,False,0,0.0,0.6,0.30669541,Normal
train,11_009,0,0.094172046,11,0.094172046,False,0,0.0,0.6,0.167086023,Normal
train,11_009,0,0.036175955,11,0.036175955,False,0,0.0,0.6,0.1380879775,Normal
train,11_009,0,0.036194745,11,0.036194745,False,0,0.0,0.6,0.13809737249999998,Normal
train,11_009,0,0.016905012,11,0.016905012,False,0,0.0,0.6,0.128452506,Normal
train,11_009,0,0.015501153,11,0.015501153,False,0,0.0,0.6,0.1277505765,Normal
train,11_009,0,0.0065625394,11,0.0065625394,False,0,0.0,0.6,0.1232812697,Normal
train,11_009,0,0.005053758,11,0.005053758,False,0,0.0,0.6,0.12252687899999999,Normal
train,11_009,0,0.0081660915,11,0.0081660915,False,0,0.0,0.6,0.12408304575,Normal
train,11_009,0,0.008757119,11,0.008757119,False,0,0.0,0.6,0.1243785595,Normal
train,11_009,0,0.0071288436,11,0.0071288436,False,0,0.0,0.6,0.12356442179999999,Normal
train,11_009,0,0.0059236577,11,0.0059236577,False,0,0.0,0.6,0.12296182885,Normal
train,11_009,0,0.005838861,11,0.005838861,False,0,0.0,0.6,0.1229194305,Normal
train,11_009,0,0.0063464465,11,0.0063464465,False,0,0.0,0.6,0.12317322324999999,Normal
train,11_009,0,0.006461843,11,0.006461843,False,0,0.0,0.6,0.12323092149999999,Normal
train,11_009,0,0.018416166,11,0.018416166,False,0,0.0,0.6,0.129208083,Normal
train,11_009,0,0.34887823,11,0.34887823,False,0,0.0,0.6,0.294439115,Normal
train,11_009,0,0.666272,11,0.666272,True,1,0.2,0.6,0.513136,Low
train,11_009,0,0.7205698,11,0.7205698,True,2,0.4,0.6,0.6002849,Low
train,11_009,0,0.4027773,11,0.4027773,False,0,0.0,0.6,0.32138865,Normal
train,11_009,0,0.49076396,11,0.49076396,False,0,0.0,0.6,0.36538198,Normal
train,11_009,0,0.025621034,11,0.025621034,False,0,0.0,0.6,0.132810517,Normal
train,11_009,0,0.02184685,11,0.02184685,False,0,0.0,0.6,0.13092342499999998,Normal
train,11_009,0,0.045542955,11,0.045542955,False,0,0.0,0.6,0.1427714775,Normal
train,11_009,0,0.052975405,11,0.052975405,False,0,0.0,0.6,0.14648770249999998,Normal
train,11_009,0,0.053442903,11,0.053442903,False,0,0.0,0.6,0.1467214515,Normal
train,11_009,0,0.075908735,11,0.075908735,False,0,0.0,0.6,0.1579543675,Normal
train,11_009,0,0.016660094,11,0.016660094,False,0,0.0,0.6,0.128330047,Normal
train,11_009,0,0.0068782414,11,0.0068782414,False,0,0.0,0.6,0.1234391207,Normal
train,11_009,0,0.07673166,11,0.07673166,False,0,0.0,0.6,0.15836582999999999,Normal
train,11_009,0,0.105057016,11,0.105057016,False,0,0.0,0.6,0.172528508,Normal
train,11_009,0,0.21653034,11,0.21653034,False,0,0.0,0.6,0.22826517,Normal
train,11_009,0,0.08831652,11,0.08831652,False,0,0.0,0.6,0.16415826,Normal
train,11_009,0,0.01140697,11,0.01140697,False,0,0.0,0.6,0.125703485,Normal
train,11_009,0,0.015539513,11,0.015539513,False,0,0.0,0.6,0.1277697565,Normal
train,11_009,0,0.006009788,11,0.006009788,False,0,0.0,0.6,0.12300489399999999,Normal
train,11_009,0,0.008774455,11,0.008774455,False,0,0.0,0.6,0.1243872275,Normal
train,11_009,0,0.008466401,11,0.008466401,False,0,0.0,0.6,0.1242332005,Normal
train,11_009,0,0.054535516,11,0.054535516,False,0,0.0,0.6,0.147267758,Normal
train,11_009,0,0.13718943,11,0.13718943,False,0,0.0,0.6,0.188594715,Normal
train,11_009,0,0.09195742,11,0.09195742,False,0,0.0,0.6,0.16597871,Normal
train,11_009,0,0.03125718,11,0.03125718,False,0,0.0,0.6,0.13562859,Normal
train,11_009,0,0.013706768,11,0.013706768,False,0,0.0,0.6,0.12685338399999999,Normal
train,11_009,0,0.06543196,11,0.06543196,False,0,0.0,0.6,0.15271598,Normal
train,11_009,0,0.10187006,11,0.10187006,False,0,0.0,0.6,0.17093503,Normal
train,11_009,0,0.009120107,11,0.009120107,False,0,0.0,0.6,0.12456005349999999,Normal
train,11_009,0,0.007974486,11,0.007974486,False,0,0.0,0.6,0.123987243,Normal
train,11_009,0,0.0041724015,11,0.0041724015,False,0,0.0,0.6,0.12208620075,Normal
train,11_009,0,0.0052099787,11,0.0052099787,False,0,0.0,0.6,0.12260498935,Normal
train,11_009,0,0.02274121,11,0.02274121,False,0,0.0,0.6,0.131370605,Normal
train,11_009,0,0.008789538,11,0.008789538,False,0,0.0,0.6,0.12439476899999999,Normal
val,11_010,0,0.1988763,11,0.1988763,False,0,0.0,0.6,0.21943815,Normal
val,11_010,0,0.38159952,11,0.38159952,False,0,0.0,0.6,0.31079976,Normal
val,11_010,0,0.4804782,11,0.4804782,False,0,0.0,0.6,0.36023910000000003,Normal
val,11_010,0,0.12172952,11,0.12172952,False,0,0.0,0.6,0.18086475999999999,Normal
val,11_010,0,0.0102898255,11,0.0102898255,False,0,0.0,0.6,0.12514491275,Normal
val,11_010,0,0.008437077,11,0.008437077,False,0,0.0,0.6,0.12421853849999999,Normal
val,11_010,0,0.008224001,11,0.008224001,False,0,0.0,0.6,0.1241120005,Normal
val,11_010,0,0.007571112,11,0.007571112,False,0,0.0,0.6,0.12378555599999999,Normal
val,11_010,0,0.01772132,11,0.01772132,False,0,0.0,0.6,0.12886066,Normal
val,11_010,0,0.01704312,11,0.01704312,False,0,0.0,0.6,0.12852156,Normal
val,11_010,0,0.015486161,11,0.015486161,False,0,0.0,0.6,0.1277430805,Normal
val,11_010,0,0.03043268,11,0.03043268,False,0,0.0,0.6,0.13521634,Normal
val,11_010,0,0.117707476,11,0.117707476,False,0,0.0,0.6,0.17885373799999998,Normal
val,11_010,0,0.020715425,11,0.020715425,False,0,0.0,0.6,0.1303577125,Normal
val,11_010,0,0.0076538483,11,0.0076538483,False,0,0.0,0.6,0.12382692414999999,Normal
train,11_0176,0,0.020716373,11,0.020716373,False,0,0.0,0.6,0.1303581865,Normal
train,11_0176,0,0.01571271,11,0.01571271,False,0,0.0,0.6,0.127856355,Normal
train,11_0176,0,0.008624293,11,0.008624293,False,0,0.0,0.6,0.1243121465,Normal
train,11_0176,1,0.8665754,11,0.8665754,True,1,0.2,0.6,0.6132877,Low
train,11_0176,1,0.95264155,11,0.95264155,True,2,0.4,0.6,0.7163207749999999,Medium
train,11_0176,1,0.9382515,11,0.9382515,True,3,0.6,0.6,0.76912575,Medium
train,11_0176,1,0.9726562,11,0.9726562,True,4,0.8,0.6,0.8463280999999999,High
train,11_0176,1,0.8947574,11,0.8947574,True,5,1.0,0.6,0.8673787000000001,High
train,11_0176,0,0.42358533,11,0.42358533,False,0,0.0,0.6,0.331792665,Normal
val,12_001,0,0.00553971,12,0.00553971,False,0,0.0,0.6,0.122769855,Normal
val,12_001,0,0.02335584,12,0.02335584,False,0,0.0,0.6,0.13167792,Normal
val,12_001,0,0.20812182,12,0.20812182,False,0,0.0,0.6,0.22406091,Normal
val,12_001,0,0.65323246,12,0.65323246,True,1,0.2,0.6,0.50661623,Low
val,12_001,0,0.7860177,12,0.7860177,True,2,0.4,0.6,0.6330088500000001,Low
val,12_001,0,0.7692254,12,0.7692254,True,3,0.6,0.6,0.6846127,Medium
val,12_001,0,0.6729759,12,0.6729759,True,4,0.8,0.6,0.69648795,Medium
val,12_001,0,0.19541366,12,0.19541366,False,0,0.0,0.6,0.21770683,Normal
val,12_001,0,0.016495112,12,0.016495112,False,0,0.0,0.6,0.12824755599999998,Normal
val,12_001,0,0.0073487656,12,0.0073487656,False,0,0.0,0.6,0.1236743828,Normal
val,12_001,0,0.006201512,12,0.006201512,False,0,0.0,0.6,0.12310075599999999,Normal
val,12_001,0,0.006144323,12,0.006144323,False,0,0.0,0.6,0.1230721615,Normal
train,12_002,0,0.007983243,12,0.007983243,False,0,0.0,0.6,0.1239916215,Normal
train,12_002,0,0.0064985007,12,0.0064985007,False,0,0.0,0.6,0.12324925034999999,Normal
train,12_002,0,0.006634045,12,0.006634045,False,0,0.0,0.6,0.1233170225,Normal
train,12_002,0,0.006075242,12,0.006075242,False,0,0.0,0.6,0.123037621,Normal
train,12_002,0,0.0057553686,12,0.0057553686,False,0,0.0,0.6,0.1228776843,Normal
train,12_002,0,0.008633846,12,0.008633846,False,0,0.0,0.6,0.124316923,Normal
train,12_002,0,0.008286883,12,0.008286883,False,0,0.0,0.6,0.12414344149999999,Normal
train,12_002,0,0.047210675,12,0.047210675,False,0,0.0,0.6,0.14360533749999999,Normal
train,12_002,0,0.31357354,12,0.31357354,False,0,0.0,0.6,0.27678676999999996,Normal
train,12_002,0,0.24052608,12,0.24052608,False,0,0.0,0.6,0.24026303999999998,Normal
train,12_002,0,0.03213492,12,0.03213492,False,0,0.0,0.6,0.13606746,Normal
train,12_002,0,0.053209063,12,0.053209063,False,0,0.0,0.6,0.1466045315,Normal
train,12_002,0,0.027486108,12,0.027486108,False,0,0.0,0.6,0.133743054,Normal
train,12_002,0,0.03154742,12,0.03154742,False,0,0.0,0.6,0.13577371,Normal
train,12_002,0,0.05054632,12,0.05054632,False,0,0.0,0.6,0.14527315999999998,Normal
train,12_002,0,0.11128015,12,0.11128015,False,0,0.0,0.6,0.175640075,Normal
train,12_002,0,0.056453906,12,0.056453906,False,0,0.0,0.6,0.148226953,Normal
train,12_002,0,0.027318845,12,0.027318845,False,0,0.0,0.6,0.13365942249999999,Normal
train,12_002,0,0.04043093,12,0.04043093,False,0,0.0,0.6,0.14021546499999998,Normal
train,12_002,0,0.05649961,12,0.05649961,False,0,0.0,0.6,0.14824980499999998,Normal
train,12_002,0,0.014438459,12,0.014438459,False,0,0.0,0.6,0.1272192295,Normal
train,12_002,0,0.00610025,12,0.00610025,False,0,0.0,0.6,0.123050125,Normal
train,12_003,0,0.0067877714,12,0.0067877714,False,0,0.0,0.6,0.1233938857,Normal
train,12_003,0,0.007839578,12,0.007839578,False,0,0.0,0.6,0.123919789,Normal
train,12_003,0,0.007420919,12,0.007420919,False,0,0.0,0.6,0.1237104595,Normal
train,12_003,0,0.006490772,12,0.006490772,False,0,0.0,0.6,0.123245386,Normal
train,12_003,0,0.016724875,12,0.016724875,False,0,0.0,0.6,0.12836243749999998,Normal
train,12_003,0,0.09204565,12,0.09204565,False,0,0.0,0.6,0.16602282499999998,Normal
train,12_003,0,0.261696,12,0.261696,False,0,0.0,0.6,0.25084799999999996,Normal
train,12_003,0,0.3468544,12,0.3468544,False,0,0.0,0.6,0.2934272,Normal
train,12_003,0,0.05229205,12,0.05229205,False,0,0.0,0.6,0.14614602499999998,Normal
train,12_003,0,0.01269564,12,0.01269564,False,0,0.0,0.6,0.12634782,Normal
train,12_003,0,0.011399767,12,0.011399767,False,0,0.0,0.6,0.1256998835,Normal
train,12_003,0,0.01150586,12,0.01150586,False,0,0.0,0.6,0.12575292999999999,Normal
train,12_003,0,0.009940679,12,0.009940679,False,0,0.0,0.6,0.1249703395,Normal
train,12_003,0,0.0069355373,12,0.0069355373,False,0,0.0,0.6,0.12346776864999999,Normal
train,12_003,0,0.007009219,12,0.007009219,False,0,0.0,0.6,0.1235046095,Normal
train,12_003,0,0.006664595,12,0.006664595,False,0,0.0,0.6,0.1233322975,Normal
train,12_003,0,0.0057879705,12,0.0057879705,False,0,0.0,0.6,0.12289398524999999,Normal
train,12_003,0,0.0051938873,12,0.0051938873,False,0,0.0,0.6,0.12259694365,Normal
train,12_003,0,0.004740343,12,0.004740343,False,0,0.0,0.6,0.1223701715,Normal
train,12_003,0,0.004833188,12,0.004833188,False,0,0.0,0.6,0.12241659399999999,Normal
train,12_003,0,0.0048403125,12,0.0048403125,False,0,0.0,0.6,0.12242015625,Normal
train,12_004,0,0.010811818,12,0.010811818,False,0,0.0,0.6,0.12540590899999998,Normal
train,12_004,0,0.021111658,12,0.021111658,False,0,0.0,0.6,0.13055582899999998,Normal
train,12_004,0,0.015969655,12,0.015969655,False,0,0.0,0.6,0.1279848275,Normal
train,12_004,0,0.023396999,12,0.023396999,False,0,0.0,0.6,0.1316984995,Normal
train,12_004,0,0.011067973,12,0.011067973,False,0,0.0,0.6,0.1255339865,Normal
train,12_004,0,0.00943773,12,0.00943773,False,0,0.0,0.6,0.124718865,Normal
train,12_004,0,0.005700275,12,0.005700275,False,0,0.0,0.6,0.1228501375,Normal
train,12_004,0,0.005232705,12,0.005232705,False,0,0.0,0.6,0.1226163525,Normal
train,12_004,0,0.005875863,12,0.005875863,False,0,0.0,0.6,0.1229379315,Normal
train,12_004,0,0.0063019963,12,0.0063019963,False,0,0.0,0.6,0.12315099815,Normal
train,12_004,0,0.009889166,12,0.009889166,False,0,0.0,0.6,0.124944583,Normal
train,12_004,0,0.06662082,12,0.06662082,False,0,0.0,0.6,0.15331041,Normal
train,12_004,0,0.5536748,12,0.5536748,True,1,0.2,0.6,0.4568374,Low
train,12_004,0,0.24013235,12,0.24013235,False,0,0.0,0.6,0.240066175,Normal
train,12_004,0,0.06957196,12,0.06957196,False,0,0.0,0.6,0.15478598,Normal
train,12_004,0,0.025429022,12,0.025429022,False,0,0.0,0.6,0.132714511,Normal
train,12_004,0,0.016699536,12,0.016699536,False,0,0.0,0.6,0.128349768,Normal
train,12_004,0,0.0052422094,12,0.0052422094,False,0,0.0,0.6,0.1226211047,Normal
train,12_004,0,0.003859092,12,0.003859092,False,0,0.0,0.6,0.121929546,Normal
train,12_004,0,0.0029961446,12,0.0029961446,False,0,0.0,0.6,0.1214980723,Normal
train,12_004,0,0.0051118736,12,0.0051118736,False,0,0.0,0.6,0.1225559368,Normal
train,12_004,0,0.014482046,12,0.014482046,False,0,0.0,0.6,0.127241023,Normal
train,12_004,0,0.08661562,12,0.08661562,False,0,0.0,0.6,0.16330781,Normal
train,12_004,0,0.023090383,12,0.023090383,False,0,0.0,0.6,0.1315451915,Normal
train,12_004,0,0.009814649,12,0.009814649,False,0,0.0,0.6,0.1249073245,Normal
train,12_004,0,0.010685347,12,0.010685347,False,0,0.0,0.6,0.1253426735,Normal
train,12_004,0,0.013958742,12,0.013958742,False,0,0.0,0.6,0.126979371,Normal
train,12_004,0,0.013883466,12,0.013883466,False,0,0.0,0.6,0.126941733,Normal
train,12_004,0,0.030198285,12,0.030198285,False,0,0.0,0.6,0.1350991425,Normal
train,12_004,0,0.02002631,12,0.02002631,False,0,0.0,0.6,0.130013155,Normal
train,12_004,0,0.0085516665,12,0.0085516665,False,0,0.0,0.6,0.12427583325,Normal
train,12_004,0,0.005472001,12,0.005472001,False,0,0.0,0.6,0.1227360005,Normal
train,12_005,0,0.009120076,12,0.009120076,False,0,0.0,0.6,0.124560038,Normal
train,12_005,0,0.006013772,12,0.006013772,False,0,0.0,0.6,0.123006886,Normal
train,12_005,0,0.0059462506,12,0.0059462506,False,0,0.0,0.6,0.1229731253,Normal
train,12_005,0,0.0055527096,12,0.0055527096,False,0,0.0,0.6,0.1227763548,Normal
train,12_005,0,0.0055975746,12,0.0055975746,False,0,0.0,0.6,0.12279878729999999,Normal
train,12_005,0,0.0053975284,12,0.0053975284,False,0,0.0,0.6,0.12269876419999999,Normal
train,12_005,0,0.0051623825,12,0.0051623825,False,0,0.0,0.6,0.12258119125,Normal
train,12_005,0,0.0048897425,12,0.0048897425,False,0,0.0,0.6,0.12244487124999999,Normal
train,12_005,0,0.004242399,12,0.004242399,False,0,0.0,0.6,0.1221211995,Normal
train,12_005,0,0.0040574213,12,0.0040574213,False,0,0.0,0.6,0.12202871065,Normal
train,12_005,0,0.0036056188,12,0.0036056188,False,0,0.0,0.6,0.12180280939999999,Normal
train,12_005,0,0.0035575833,12,0.0035575833,False,0,0.0,0.6,0.12177879165,Normal
train,12_005,0,0.006410758,12,0.006410758,False,0,0.0,0.6,0.12320537899999999,Normal
train,12_005,0,0.013356568,12,0.013356568,False,0,0.0,0.6,0.126678284,Normal
train,12_005,0,0.01626657,12,0.01626657,False,0,0.0,0.6,0.12813328499999999,Normal
train,12_005,0,0.0084249675,12,0.0084249675,False,0,0.0,0.6,0.12421248374999999,Normal
train,12_005,0,0.005981013,12,0.005981013,False,0,0.0,0.6,0.1229905065,Normal
train,12_005,0,0.0061608613,12,0.0061608613,False,0,0.0,0.6,0.12308043064999999,Normal
train,12_005,0,0.008379574,12,0.008379574,False,0,0.0,0.6,0.124189787,Normal
train,12_005,0,0.007384676,12,0.007384676,False,0,0.0,0.6,0.123692338,Normal
train,12_005,0,0.008284654,12,0.008284654,False,0,0.0,0.6,0.124142327,Normal
train,12_005,0,0.00918936,12,0.00918936,False,0,0.0,0.6,0.12459468,Normal
train,12_005,0,0.010211488,12,0.010211488,False,0,0.0,0.6,0.125105744,Normal
train,12_005,0,0.0060252612,12,0.0060252612,False,0,0.0,0.6,0.12301263059999999,Normal
train,12_005,0,0.010140339,12,0.010140339,False,0,0.0,0.6,0.1250701695,Normal
train,12_005,0,0.0053070704,12,0.0053070704,False,0,0.0,0.6,0.1226535352,Normal
train,12_005,0,0.003924236,12,0.003924236,False,0,0.0,0.6,0.121962118,Normal
train,12_005,0,0.0050765486,12,0.0050765486,False,0,0.0,0.6,0.1225382743,Normal
train,12_005,0,0.0054079923,12,0.0054079923,False,0,0.0,0.6,0.12270399615,Normal
train,12_005,0,0.0049516987,12,0.0049516987,False,0,0.0,0.6,0.12247584935,Normal
train,12_005,0,0.0056745093,12,0.0056745093,False,0,0.0,0.6,0.12283725464999999,Normal
train,12_005,0,0.005070062,12,0.005070062,False,0,0.0,0.6,0.12253503099999999,Normal
train,12_005,0,0.004834303,12,0.004834303,False,0,0.0,0.6,0.1224171515,Normal
train,12_005,0,0.0049619395,12,0.0049619395,False,0,0.0,0.6,0.12248096975,Normal
train,12_005,0,0.004345816,12,0.004345816,False,0,0.0,0.6,0.122172908,Normal
train,12_006,0,0.0038439059,12,0.0038439059,False,0,0.0,0.6,0.12192195295,Normal
train,12_006,0,0.004529735,12,0.004529735,False,0,0.0,0.6,0.1222648675,Normal
train,12_006,0,0.014053726,12,0.014053726,False,0,0.0,0.6,0.127026863,Normal
train,12_006,0,0.01446572,12,0.01446572,False,0,0.0,0.6,0.12723286,Normal
train,12_006,0,0.0228628,12,0.0228628,False,0,0.0,0.6,0.1314314,Normal
train,12_006,0,0.009306372,12,0.009306372,False,0,0.0,0.6,0.124653186,Normal
train,12_006,0,0.0072729336,12,0.0072729336,False,0,0.0,0.6,0.1236364668,Normal
train,12_006,0,0.008610931,12,0.008610931,False,0,0.0,0.6,0.12430546549999999,Normal
train,12_006,0,0.009045949,12,0.009045949,False,0,0.0,0.6,0.1245229745,Normal
train,12_006,0,0.010988175,12,0.010988175,False,0,0.0,0.6,0.1254940875,Normal
train,12_006,0,0.0083892355,12,0.0083892355,False,0,0.0,0.6,0.12419461775,Normal
train,12_006,0,0.005218566,12,0.005218566,False,0,0.0,0.6,0.122609283,Normal
train,12_006,0,0.0040132715,12,0.0040132715,False,0,0.0,0.6,0.12200663575,Normal
train,12_006,0,0.00630726,12,0.00630726,False,0,0.0,0.6,0.12315363,Normal
train,12_006,0,0.0055630542,12,0.0055630542,False,0,0.0,0.6,0.1227815271,Normal
train,12_006,0,0.005265091,12,0.005265091,False,0,0.0,0.6,0.1226325455,Normal
train,12_006,0,0.004980556,12,0.004980556,False,0,0.0,0.6,0.122490278,Normal
train,12_006,0,0.0058020893,12,0.0058020893,False,0,0.0,0.6,0.12290104465,Normal
train,12_006,0,0.0062395944,12,0.0062395944,False,0,0.0,0.6,0.12311979719999999,Normal
train,12_006,0,0.007338479,12,0.007338479,False,0,0.0,0.6,0.1236692395,Normal
train,12_006,0,0.005905081,12,0.005905081,False,0,0.0,0.6,0.1229525405,Normal
train,12_006,0,0.012694193,12,0.012694193,False,0,0.0,0.6,0.1263470965,Normal
train,12_006,0,0.022561876,12,0.022561876,False,0,0.0,0.6,0.13128093799999999,Normal
train,12_006,0,0.01122475,12,0.01122475,False,0,0.0,0.6,0.125612375,Normal
train,12_006,0,0.007254627,12,0.007254627,False,0,0.0,0.6,0.1236273135,Normal
train,12_006,0,0.0077552805,12,0.0077552805,False,0,0.0,0.6,0.12387764024999999,Normal
train,12_007,0,0.004783476,12,0.004783476,False,0,0.0,0.6,0.122391738,Normal
train,12_007,0,0.0060126744,12,0.0060126744,False,0,0.0,0.6,0.1230063372,Normal
train,12_007,0,0.0075936522,12,0.0075936522,False,0,0.0,0.6,0.1237968261,Normal
train,12_007,0,0.010093183,12,0.010093183,False,0,0.0,0.6,0.1250465915,Normal
train,12_007,0,0.012451301,12,0.012451301,False,0,0.0,0.6,0.1262256505,Normal
train,12_007,0,0.01208545,12,0.01208545,False,0,0.0,0.6,0.126042725,Normal
train,12_007,0,0.007612448,12,0.007612448,False,0,0.0,0.6,0.12380622399999999,Normal
train,12_007,0,0.007744111,12,0.007744111,False,0,0.0,0.6,0.1238720555,Normal
train,12_007,0,0.008772032,12,0.008772032,False,0,0.0,0.6,0.124386016,Normal
train,12_007,0,0.00796537,12,0.00796537,False,0,0.0,0.6,0.123982685,Normal
train,12_007,0,0.006121307,12,0.006121307,False,0,0.0,0.6,0.12306065349999999,Normal
train,12_007,0,0.010001486,12,0.010001486,False,0,0.0,0.6,0.125000743,Normal
train,12_007,0,0.01114291,12,0.01114291,False,0,0.0,0.6,0.125571455,Normal
train,12_007,0,0.008365311,12,0.008365311,False,0,0.0,0.6,0.12418265549999999,Normal
train,12_007,0,0.008164176,12,0.008164176,False,0,0.0,0.6,0.124082088,Normal
train,12_007,0,0.0081143975,12,0.0081143975,False,0,0.0,0.6,0.12405719875,Normal
train,12_007,0,0.010825688,12,0.010825688,False,0,0.0,0.6,0.125412844,Normal
train,12_007,0,0.009376335,12,0.009376335,False,0,0.0,0.6,0.1246881675,Normal
train,12_007,0,0.010412962,12,0.010412962,False,0,0.0,0.6,0.125206481,Normal
train,12_007,0,0.010719628,12,0.010719628,False,0,0.0,0.6,0.12535981399999999,Normal
train,12_007,0,0.018629123,12,0.018629123,False,0,0.0,0.6,0.1293145615,Normal
train,12_007,0,0.013640004,12,0.013640004,False,0,0.0,0.6,0.126820002,Normal
train,12_007,0,0.010553472,12,0.010553472,False,0,0.0,0.6,0.125276736,Normal
train,12_007,0,0.0070358166,12,0.0070358166,False,0,0.0,0.6,0.12351790829999999,Normal
train,12_007,0,0.0050492384,12,0.0050492384,False,0,0.0,0.6,0.12252461919999999,Normal
train,12_008,0,0.005193739,12,0.005193739,False,0,0.0,0.6,0.1225968695,Normal
train,12_008,0,0.0049108528,12,0.0049108528,False,0,0.0,0.6,0.1224554264,Normal
train,12_008,0,0.005383288,12,0.005383288,False,0,0.0,0.6,0.12269164399999999,Normal
train,12_008,0,0.0057235374,12,0.0057235374,False,0,0.0,0.6,0.1228617687,Normal
train,12_008,0,0.004617556,12,0.004617556,False,0,0.0,0.6,0.12230877799999999,Normal
train,12_008,0,0.003954436,12,0.003954436,False,0,0.0,0.6,0.121977218,Normal
train,12_008,0,0.0038338222,12,0.0038338222,False,0,0.0,0.6,0.1219169111,Normal
train,12_008,0,0.004411713,12,0.004411713,False,0,0.0,0.6,0.1222058565,Normal
train,12_008,0,0.00796161,12,0.00796161,False,0,0.0,0.6,0.123980805,Normal
train,12_008,0,0.009957335,12,0.009957335,False,0,0.0,0.6,0.1249786675,Normal
train,12_008,0,0.011448796,12,0.011448796,False,0,0.0,0.6,0.125724398,Normal
train,12_008,0,0.013459042,12,0.013459042,False,0,0.0,0.6,0.12672952099999998,Normal
train,12_008,0,0.013287535,12,0.013287535,False,0,0.0,0.6,0.1266437675,Normal
train,12_008,0,0.013098612,12,0.013098612,False,0,0.0,0.6,0.126549306,Normal
train,12_008,0,0.008380302,12,0.008380302,False,0,0.0,0.6,0.124190151,Normal
train,12_008,0,0.012563825,12,0.012563825,False,0,0.0,0.6,0.12628191249999998,Normal
train,12_008,0,0.07346672,12,0.07346672,False,0,0.0,0.6,0.15673336,Normal
train,12_008,0,0.1270572,12,0.1270572,False,0,0.0,0.6,0.1835286,Normal
train,12_008,0,0.031856786,12,0.031856786,False,0,0.0,0.6,0.13592839299999998,Normal
train,12_008,0,0.009189373,12,0.009189373,False,0,0.0,0.6,0.1245946865,Normal
train,12_008,0,0.0047834013,12,0.0047834013,False,0,0.0,0.6,0.12239170064999999,Normal
train,12_009,0,0.010308869,12,0.010308869,False,0,0.0,0.6,0.1251544345,Normal
train,12_009,0,0.012233541,12,0.012233541,False,0,0.0,0.6,0.1261167705,Normal
train,12_009,0,0.021157304,12,0.021157304,False,0,0.0,0.6,0.130578652,Normal
train,12_009,0,0.010672127,12,0.010672127,False,0,0.0,0.6,0.12533606349999998,Normal
train,12_009,0,0.016912939,12,0.016912939,False,0,0.0,0.6,0.1284564695,Normal
train,12_009,0,0.016743934,12,0.016743934,False,0,0.0,0.6,0.128371967,Normal
train,12_009,0,0.15650763,12,0.15650763,False,0,0.0,0.6,0.198253815,Normal
train,12_009,0,0.20312865,12,0.20312865,False,0,0.0,0.6,0.221564325,Normal
train,12_009,0,0.10565035,12,0.10565035,False,0,0.0,0.6,0.172825175,Normal
train,12_009,0,0.019293081,12,0.019293081,False,0,0.0,0.6,0.1296465405,Normal
train,12_009,0,0.01873275,12,0.01873275,False,0,0.0,0.6,0.129366375,Normal
train,12_009,0,0.019202562,12,0.019202562,False,0,0.0,0.6,0.12960128099999998,Normal
train,12_009,0,0.024401091,12,0.024401091,False,0,0.0,0.6,0.1322005455,Normal
train,12_009,0,0.018435093,12,0.018435093,False,0,0.0,0.6,0.1292175465,Normal
train,12_009,0,0.0098059075,12,0.0098059075,False,0,0.0,0.6,0.12490295374999999,Normal
train,12_009,0,0.008832332,12,0.008832332,False,0,0.0,0.6,0.124416166,Normal
train,12_009,0,0.0065906085,12,0.0065906085,False,0,0.0,0.6,0.12329530425,Normal
train,12_009,0,0.006347677,12,0.006347677,False,0,0.0,0.6,0.1231738385,Normal
train,12_009,0,0.0066503673,12,0.0066503673,False,0,0.0,0.6,0.12332518364999999,Normal
train,12_009,0,0.007967805,12,0.007967805,False,0,0.0,0.6,0.12398390249999999,Normal
train,12_009,0,0.0075054006,12,0.0075054006,False,0,0.0,0.6,0.12375270029999999,Normal
train,12_009,0,0.0070538023,12,0.0070538023,False,0,0.0,0.6,0.12352690114999999,Normal
train,12_009,0,0.006932418,12,0.006932418,False,0,0.0,0.6,0.123466209,Normal
train,12_009,0,0.007426706,12,0.007426706,False,0,0.0,0.6,0.123713353,Normal
train,12_009,0,0.007736823,12,0.007736823,False,0,0.0,0.6,0.1238684115,Normal
train,12_009,0,0.006670425,12,0.006670425,False,0,0.0,0.6,0.1233352125,Normal
train,12_009,0,0.00568107,12,0.00568107,False,0,0.0,0.6,0.122840535,Normal
test,12_010,0,0.008819983,12,0.008819983,False,0,0.0,0.6,0.1244099915,Normal
test,12_010,0,0.007546566,12,0.007546566,False,0,0.0,0.6,0.123773283,Normal
test,12_010,0,0.013336801,12,0.013336801,False,0,0.0,0.6,0.1266684005,Normal
test,12_010,0,0.08034813,12,0.08034813,False,0,0.0,0.6,0.160174065,Normal
test,12_010,0,0.054773234,12,0.054773234,False,0,0.0,0.6,0.147386617,Normal
test,12_010,0,0.10884596,12,0.10884596,False,0,0.0,0.6,0.17442298,Normal
test,12_010,0,0.041856337,12,0.041856337,False,0,0.0,0.6,0.1409281685,Normal
test,12_010,0,0.016349848,12,0.016349848,False,0,0.0,0.6,0.128174924,Normal
test,12_010,0,0.012644485,12,0.012644485,False,0,0.0,0.6,0.1263222425,Normal
test,12_010,0,0.0075365794,12,0.0075365794,False,0,0.0,0.6,0.12376828969999999,Normal
test,12_010,0,0.0066537014,12,0.0066537014,False,0,0.0,0.6,0.12332685069999999,Normal
test,12_010,0,0.0059234104,12,0.0059234104,False,0,0.0,0.6,0.1229617052,Normal
test,12_010,0,0.006540237,12,0.006540237,False,0,0.0,0.6,0.1232701185,Normal
test,12_010,0,0.0062449006,12,0.0062449006,False,0,0.0,0.6,0.12312245029999999,Normal
test,12_010,0,0.00548922,12,0.00548922,False,0,0.0,0.6,0.12274460999999999,Normal
test,12_010,0,0.0061398083,12,0.0061398083,False,0,0.0,0.6,0.12306990414999999,Normal
test,12_010,0,0.00592963,12,0.00592963,False,0,0.0,0.6,0.12296481499999999,Normal
test,12_010,0,0.0059954096,12,0.0059954096,False,0,0.0,0.6,0.1229977048,Normal
test,12_010,0,0.0056594945,12,0.0056594945,False,0,0.0,0.6,0.12282974725,Normal
test,12_010,0,0.0058260052,12,0.0058260052,False,0,0.0,0.6,0.1229130026,Normal
test,12_010,0,0.005873335,12,0.005873335,False,0,0.0,0.6,0.1229366675,Normal
test,12_010,0,0.0049529066,12,0.0049529066,False,0,0.0,0.6,0.1224764533,Normal
test,12_010,0,0.0056768027,12,0.0056768027,False,0,0.0,0.6,0.12283840135,Normal
test,12_010,0,0.005495419,12,0.005495419,False,0,0.0,0.6,0.1227477095,Normal
test,12_010,0,0.0063368166,12,0.0063368166,False,0,0.0,0.6,0.12316840829999999,Normal
test,12_010,0,0.005781099,12,0.005781099,False,0,0.0,0.6,0.1228905495,Normal
test,12_010,0,0.0061789136,12,0.0061789136,False,0,0.0,0.6,0.1230894568,Normal
test,12_010,0,0.007827938,12,0.007827938,False,0,0.0,0.6,0.123913969,Normal
test,12_010,0,0.0076371417,12,0.0076371417,False,0,0.0,0.6,0.12381857084999999,Normal
test,12_010,0,0.008367735,12,0.008367735,False,0,0.0,0.6,0.12418386749999999,Normal
test,12_010,0,0.0095966095,12,0.0095966095,False,0,0.0,0.6,0.12479830474999999,Normal
test,12_010,0,0.011113473,12,0.011113473,False,0,0.0,0.6,0.1255567365,Normal
test,12_010,0,0.009165144,12,0.009165144,False,0,0.0,0.6,0.124582572,Normal
test,12_010,0,0.0059627867,12,0.0059627867,False,0,0.0,0.6,0.12298139335,Normal
test,12_010,0,0.006909123,12,0.006909123,False,0,0.0,0.6,0.12345456149999999,Normal
test,12_010,0,0.0062411204,12,0.0062411204,False,0,0.0,0.6,0.12312056019999999,Normal
test,12_010,0,0.0060496465,12,0.0060496465,False,0,0.0,0.6,0.12302482325,Normal
test,12_010,0,0.0053978506,12,0.0053978506,False,0,0.0,0.6,0.1226989253,Normal
test,12_010,0,0.0050447555,12,0.0050447555,False,0,0.0,0.6,0.12252237775,Normal
test,12_010,0,0.005277172,12,0.005277172,False,0,0.0,0.6,0.122638586,Normal
test,12_010,0,0.005005713,12,0.005005713,False,0,0.0,0.6,0.12250285649999999,Normal
test,12_010,0,0.004817357,12,0.004817357,False,0,0.0,0.6,0.12240867849999999,Normal
train,12_011,0,0.031111488,12,0.031111488,False,0,0.0,0.6,0.135555744,Normal
train,12_011,0,0.023080532,12,0.023080532,False,0,0.0,0.6,0.131540266,Normal
train,12_011,0,0.03609472,12,0.03609472,False,0,0.0,0.6,0.13804736,Normal
train,12_011,0,0.0151047995,12,0.0151047995,False,0,0.0,0.6,0.12755239975,Normal
train,12_011,0,0.008644039,12,0.008644039,False,0,0.0,0.6,0.12432201949999999,Normal
train,12_011,0,0.009325752,12,0.009325752,False,0,0.0,0.6,0.12466287599999999,Normal
train,12_011,0,0.011149301,12,0.011149301,False,0,0.0,0.6,0.1255746505,Normal
train,12_011,0,0.010884952,12,0.010884952,False,0,0.0,0.6,0.125442476,Normal
train,12_011,0,0.012579837,12,0.012579837,False,0,0.0,0.6,0.1262899185,Normal
train,12_011,0,0.007699449,12,0.007699449,False,0,0.0,0.6,0.1238497245,Normal
train,12_011,0,0.0069454946,12,0.0069454946,False,0,0.0,0.6,0.12347274729999999,Normal
train,12_011,0,0.005122504,12,0.005122504,False,0,0.0,0.6,0.122561252,Normal
train,12_011,0,0.0063849315,12,0.0063849315,False,0,0.0,0.6,0.12319246575,Normal
train,12_011,0,0.0138234375,12,0.0138234375,False,0,0.0,0.6,0.12691171874999999,Normal
train,12_011,0,0.008741314,12,0.008741314,False,0,0.0,0.6,0.124370657,Normal
train,12_011,0,0.0068432624,12,0.0068432624,False,0,0.0,0.6,0.12342163119999999,Normal
train,12_011,0,0.006539271,12,0.006539271,False,0,0.0,0.6,0.1232696355,Normal
train,12_011,0,0.009443138,12,0.009443138,False,0,0.0,0.6,0.12472156899999999,Normal
train,12_011,0,0.011488086,12,0.011488086,False,0,0.0,0.6,0.125744043,Normal
train,12_011,0,0.008928794,12,0.008928794,False,0,0.0,0.6,0.12446439699999999,Normal
train,12_011,0,0.00877496,12,0.00877496,False,0,0.0,0.6,0.12438748,Normal
train,12_011,0,0.013670511,12,0.013670511,False,0,0.0,0.6,0.1268352555,Normal
train,12_011,0,0.010481398,12,0.010481398,False,0,0.0,0.6,0.12524069899999998,Normal
train,12_011,0,0.010249095,12,0.010249095,False,0,0.0,0.6,0.1251245475,Normal
train,12_011,0,0.016188383,12,0.016188383,False,0,0.0,0.6,0.1280941915,Normal
train,12_011,0,0.056505695,12,0.056505695,False,0,0.0,0.6,0.1482528475,Normal
train,12_011,0,0.08085447,12,0.08085447,False,0,0.0,0.6,0.160427235,Normal
train,12_011,0,0.030303868,12,0.030303868,False,0,0.0,0.6,0.135151934,Normal
train,12_011,0,0.009782264,12,0.009782264,False,0,0.0,0.6,0.124891132,Normal
train,12_011,0,0.007730207,12,0.007730207,False,0,0.0,0.6,0.12386510349999999,Normal
train,12_011,0,0.009744153,12,0.009744153,False,0,0.0,0.6,0.1248720765,Normal
train,12_011,0,0.0064039878,12,0.0064039878,False,0,0.0,0.6,0.1232019939,Normal
train,12_011,0,0.007278334,12,0.007278334,False,0,0.0,0.6,0.123639167,Normal
train,12_011,0,0.011942563,12,0.011942563,False,0,0.0,0.6,0.1259712815,Normal
train,12_011,0,0.011335515,12,0.011335515,False,0,0.0,0.6,0.1256677575,Normal
train,12_011,0,0.017580638,12,0.017580638,False,0,0.0,0.6,0.128790319,Normal
train,12_011,0,0.050341062,12,0.050341062,False,0,0.0,0.6,0.145170531,Normal
train,12_011,0,0.040509846,12,0.040509846,False,0,0.0,0.6,0.140254923,Normal
train,12_011,0,0.027533872,12,0.027533872,False,0,0.0,0.6,0.133766936,Normal
train,12_011,0,0.017793601,12,0.017793601,False,0,0.0,0.6,0.1288968005,Normal
train,12_011,0,0.007532137,12,0.007532137,False,0,0.0,0.6,0.12376606849999999,Normal
train,12_011,0,0.00695956,12,0.00695956,False,0,0.0,0.6,0.12347978,Normal
train,12_011,0,0.008040063,12,0.008040063,False,0,0.0,0.6,0.12402003149999999,Normal
train,12_011,0,0.0056359675,12,0.0056359675,False,0,0.0,0.6,0.12281798375,Normal
train,12_011,0,0.011744031,12,0.011744031,False,0,0.0,0.6,0.1258720155,Normal
train,12_011,0,0.011714443,12,0.011714443,False,0,0.0,0.6,0.1258572215,Normal
train,12_011,0,0.024149168,12,0.024149168,False,0,0.0,0.6,0.132074584,Normal
train,12_011,0,0.014935247,12,0.014935247,False,0,0.0,0.6,0.1274676235,Normal
train,12_011,0,0.0075815385,12,0.0075815385,False,0,0.0,0.6,0.12379076925,Normal
train,12_011,0,0.0074362773,12,0.0074362773,False,0,0.0,0.6,0.12371813864999999,Normal
train,12_012,0,0.0076813325,12,0.0076813325,False,0,0.0,0.6,0.12384066625,Normal
train,12_012,0,0.009893803,12,0.009893803,False,0,0.0,0.6,0.1249469015,Normal
train,12_012,0,0.011991517,12,0.011991517,False,0,0.0,0.6,0.1259957585,Normal
train,12_012,0,0.021147963,12,0.021147963,False,0,0.0,0.6,0.1305739815,Normal
train,12_012,0,0.054304283,12,0.054304283,False,0,0.0,0.6,0.1471521415,Normal
train,12_012,0,0.04488691,12,0.04488691,False,0,0.0,0.6,0.142443455,Normal
train,12_012,0,0.019734628,12,0.019734628,False,0,0.0,0.6,0.12986731399999998,Normal
train,12_012,0,0.01827288,12,0.01827288,False,0,0.0,0.6,0.12913644,Normal
train,12_012,0,0.00733657,12,0.00733657,False,0,0.0,0.6,0.12366828499999999,Normal
train,12_012,0,0.007767413,12,0.007767413,False,0,0.0,0.6,0.1238837065,Normal
train,12_012,0,0.007599502,12,0.007599502,False,0,0.0,0.6,0.123799751,Normal
train,12_012,0,0.005632268,12,0.005632268,False,0,0.0,0.6,0.122816134,Normal
train,12_012,0,0.015036441,12,0.015036441,False,0,0.0,0.6,0.1275182205,Normal
train,12_012,0,0.01547696,12,0.01547696,False,0,0.0,0.6,0.12773848,Normal
train,12_012,0,0.020869713,12,0.020869713,False,0,0.0,0.6,0.1304348565,Normal
train,12_012,0,0.015660739,12,0.015660739,False,0,0.0,0.6,0.12783036949999999,Normal
train,12_012,0,0.0077637606,12,0.0077637606,False,0,0.0,0.6,0.1238818803,Normal
train,12_012,0,0.0072993184,12,0.0072993184,False,0,0.0,0.6,0.1236496592,Normal
test,12_013,0,0.0051653637,12,0.0051653637,False,0,0.0,0.6,0.12258268185,Normal
test,12_013,0,0.011081468,12,0.011081468,False,0,0.0,0.6,0.125540734,Normal
test,12_013,0,0.010287448,12,0.010287448,False,0,0.0,0.6,0.12514372399999998,Normal
test,12_013,0,0.012096317,12,0.012096317,False,0,0.0,0.6,0.1260481585,Normal
test,12_013,0,0.01572101,12,0.01572101,False,0,0.0,0.6,0.12786050499999999,Normal
test,12_013,0,0.035749942,12,0.035749942,False,0,0.0,0.6,0.13787497099999999,Normal
test,12_013,0,0.049179554,12,0.049179554,False,0,0.0,0.6,0.144589777,Normal
test,12_013,0,0.06828147,12,0.06828147,False,0,0.0,0.6,0.154140735,Normal
test,12_013,0,0.044626866,12,0.044626866,False,0,0.0,0.6,0.142313433,Normal
test,12_013,0,0.03045677,12,0.03045677,False,0,0.0,0.6,0.135228385,Normal
test,12_013,0,0.027920395,12,0.027920395,False,0,0.0,0.6,0.1339601975,Normal
test,12_013,0,0.0406878,12,0.0406878,False,0,0.0,0.6,0.1403439,Normal
test,12_013,0,0.023407603,12,0.023407603,False,0,0.0,0.6,0.1317038015,Normal
test,12_013,0,0.009314262,12,0.009314262,False,0,0.0,0.6,0.12465713099999999,Normal
test,12_013,0,0.008022521,12,0.008022521,False,0,0.0,0.6,0.1240112605,Normal
test,12_013,0,0.012212525,12,0.012212525,False,0,0.0,0.6,0.12610626249999998,Normal
test,12_013,0,0.13424222,12,0.13424222,False,0,0.0,0.6,0.18712110999999998,Normal
test,12_013,0,0.29596597,12,0.29596597,False,0,0.0,0.6,0.267982985,Normal
test,12_013,0,0.6354239,12,0.6354239,True,1,0.2,0.6,0.49771195,Low
test,12_013,0,0.69676167,12,0.69676167,True,2,0.4,0.6,0.5883808349999999,Low
test,12_013,0,0.09087363,12,0.09087363,False,0,0.0,0.6,0.165436815,Normal
test,12_013,0,0.011964312,12,0.011964312,False,0,0.0,0.6,0.12598215599999998,Normal
test,12_013,0,0.04446323,12,0.04446323,False,0,0.0,0.6,0.142231615,Normal
test,12_013,0,0.08032093,12,0.08032093,False,0,0.0,0.6,0.160160465,Normal
test,12_013,0,0.021594822,12,0.021594822,False,0,0.0,0.6,0.130797411,Normal
test,12_013,0,0.09226291,12,0.09226291,False,0,0.0,0.6,0.16613145499999998,Normal
test,12_013,0,0.05083481,12,0.05083481,False,0,0.0,0.6,0.145417405,Normal
test,12_013,0,0.027707953,12,0.027707953,False,0,0.0,0.6,0.1338539765,Normal
test,12_013,0,0.018021014,12,0.018021014,False,0,0.0,0.6,0.129010507,Normal
test,12_013,0,0.015282855,12,0.015282855,False,0,0.0,0.6,0.1276414275,Normal
test,12_013,0,0.007492745,12,0.007492745,False,0,0.0,0.6,0.1237463725,Normal
test,12_013,0,0.005884153,12,0.005884153,False,0,0.0,0.6,0.1229420765,Normal
test,12_013,0,0.00622221,12,0.00622221,False,0,0.0,0.6,0.123111105,Normal
test,12_013,0,0.006463971,12,0.006463971,False,0,0.0,0.6,0.1232319855,Normal
test,12_013,0,0.0071605374,12,0.0071605374,False,0,0.0,0.6,0.1235802687,Normal
test,12_013,0,0.0066665844,12,0.0066665844,False,0,0.0,0.6,0.1233332922,Normal
test,12_013,0,0.006149811,12,0.006149811,False,0,0.0,0.6,0.1230749055,Normal
test,12_013,0,0.0068331263,12,0.0068331263,False,0,0.0,0.6,0.12341656314999999,Normal
test,12_013,0,0.011846175,12,0.011846175,False,0,0.0,0.6,0.1259230875,Normal
test,12_013,0,0.009815441,12,0.009815441,False,0,0.0,0.6,0.1249077205,Normal
test,12_013,0,0.006368165,12,0.006368165,False,0,0.0,0.6,0.1231840825,Normal
test,12_013,0,0.0054007643,12,0.0054007643,False,0,0.0,0.6,0.12270038215,Normal
test,12_013,0,0.0054999627,12,0.0054999627,False,0,0.0,0.6,0.12274998135,Normal
test,12_013,0,0.0055804388,12,0.0055804388,False,0,0.0,0.6,0.1227902194,Normal
test,12_013,0,0.005666788,12,0.005666788,False,0,0.0,0.6,0.122833394,Normal
test,12_013,0,0.0059785675,12,0.0059785675,False,0,0.0,0.6,0.12298928375,Normal
test,12_013,0,0.0057652653,12,0.0057652653,False,0,0.0,0.6,0.12288263264999999,Normal
test,12_013,0,0.0049007195,12,0.0049007195,False,0,0.0,0.6,0.12245035975,Normal
test,12_013,0,0.004862117,12,0.004862117,False,0,0.0,0.6,0.1224310585,Normal
test,12_013,0,0.0050545353,12,0.0050545353,False,0,0.0,0.6,0.12252726765,Normal
test,12_013,0,0.0051801796,12,0.0051801796,False,0,0.0,0.6,0.1225900898,Normal
test,12_013,0,0.013101896,12,0.013101896,False,0,0.0,0.6,0.126550948,Normal
test,12_013,0,0.069420844,12,0.069420844,False,0,0.0,0.6,0.154710422,Normal
test,12_013,0,0.19989622,12,0.19989622,False,0,0.0,0.6,0.21994811,Normal
test,12_013,0,0.12869152,12,0.12869152,False,0,0.0,0.6,0.18434576,Normal
test,12_013,0,0.016694587,12,0.016694587,False,0,0.0,0.6,0.1283472935,Normal
test,12_013,0,0.013960869,12,0.013960869,False,0,0.0,0.6,0.1269804345,Normal
test,12_013,0,0.011791636,12,0.011791636,False,0,0.0,0.6,0.125895818,Normal
test,12_013,0,0.0071244775,12,0.0071244775,False,0,0.0,0.6,0.12356223875,Normal
test,12_013,0,0.006508681,12,0.006508681,False,0,0.0,0.6,0.12325434049999999,Normal
test,12_013,0,0.005714543,12,0.005714543,False,0,0.0,0.6,0.12285727149999999,Normal
test,12_013,0,0.0053251865,12,0.0053251865,False,0,0.0,0.6,0.12266259325,Normal
test,12_013,0,0.0055431677,12,0.0055431677,False,0,0.0,0.6,0.12277158384999999,Normal
test,12_013,0,0.006564243,12,0.006564243,False,0,0.0,0.6,0.1232821215,Normal
test,12_013,0,0.0058332677,12,0.0058332677,False,0,0.0,0.6,0.12291663385,Normal
test,12_013,0,0.0060807317,12,0.0060807317,False,0,0.0,0.6,0.12304036585,Normal
test,12_013,0,0.0062428266,12,0.0062428266,False,0,0.0,0.6,0.1231214133,Normal
test,12_013,0,0.0068130335,12,0.0068130335,False,0,0.0,0.6,0.12340651675,Normal
test,12_013,0,0.0065903147,12,0.0065903147,False,0,0.0,0.6,0.12329515734999999,Normal
test,12_013,0,0.0059707225,12,0.0059707225,False,0,0.0,0.6,0.12298536125,Normal
test,12_013,0,0.0055563156,12,0.0055563156,False,0,0.0,0.6,0.1227781578,Normal
test,12_013,0,0.005992968,12,0.005992968,False,0,0.0,0.6,0.12299648399999999,Normal
test,12_013,0,0.0057596946,12,0.0057596946,False,0,0.0,0.6,0.1228798473,Normal
test,12_013,0,0.0075905453,12,0.0075905453,False,0,0.0,0.6,0.12379527265,Normal
test,12_013,0,0.006590002,12,0.006590002,False,0,0.0,0.6,0.123295001,Normal
test,12_013,0,0.0059273145,12,0.0059273145,False,0,0.0,0.6,0.12296365725,Normal
test,12_013,0,0.00587875,12,0.00587875,False,0,0.0,0.6,0.12293937499999999,Normal
test,12_013,0,0.005297008,12,0.005297008,False,0,0.0,0.6,0.12264850399999999,Normal
test,12_013,0,0.0057038185,12,0.0057038185,False,0,0.0,0.6,0.12285190925,Normal
test,12_013,0,0.005352859,12,0.005352859,False,0,0.0,0.6,0.12267642949999999,Normal
test,12_013,0,0.005289865,12,0.005289865,False,0,0.0,0.6,0.1226449325,Normal
test,12_013,0,0.0055379397,12,0.0055379397,False,0,0.0,0.6,0.12276896984999999,Normal
test,12_013,0,0.0058956896,12,0.0058956896,False,0,0.0,0.6,0.1229478448,Normal
test,12_013,0,0.0052218493,12,0.0052218493,False,0,0.0,0.6,0.12261092465,Normal
test,12_013,0,0.005709235,12,0.005709235,False,0,0.0,0.6,0.1228546175,Normal
test,12_013,0,0.0061081247,12,0.0061081247,False,0,0.0,0.6,0.12305406234999999,Normal
test,12_013,0,0.007232387,12,0.007232387,False,0,0.0,0.6,0.1236161935,Normal
test,12_013,0,0.0069596316,12,0.0069596316,False,0,0.0,0.6,0.12347981579999999,Normal
test,12_013,0,0.009644727,12,0.009644727,False,0,0.0,0.6,0.12482236349999999,Normal
test,12_013,0,0.015860435,12,0.015860435,False,0,0.0,0.6,0.1279302175,Normal
test,12_013,0,0.009391414,12,0.009391414,False,0,0.0,0.6,0.12469570699999999,Normal
test,12_013,0,0.010501125,12,0.010501125,False,0,0.0,0.6,0.1252505625,Normal
test,12_013,0,0.014229187,12,0.014229187,False,0,0.0,0.6,0.12711459349999998,Normal
test,12_013,0,0.0155829815,12,0.0155829815,False,0,0.0,0.6,0.12779149075,Normal
test,12_013,0,0.0092378855,12,0.0092378855,False,0,0.0,0.6,0.12461894274999999,Normal
test,12_013,0,0.0058505875,12,0.0058505875,False,0,0.0,0.6,0.12292529375,Normal
test,12_013,0,0.0046808533,12,0.0046808533,False,0,0.0,0.6,0.12234042665,Normal
test,12_013,0,0.0057115424,12,0.0057115424,False,0,0.0,0.6,0.12285577119999999,Normal
test,12_013,0,0.005482279,12,0.005482279,False,0,0.0,0.6,0.1227411395,Normal
test,12_013,0,0.005613586,12,0.005613586,False,0,0.0,0.6,0.122806793,Normal
test,12_013,0,0.007081881,12,0.007081881,False,0,0.0,0.6,0.1235409405,Normal
test,12_013,0,0.006043135,12,0.006043135,False,0,0.0,0.6,0.1230215675,Normal
test,12_013,0,0.0062679746,12,0.0062679746,False,0,0.0,0.6,0.1231339873,Normal
test,12_013,0,0.008261868,12,0.008261868,False,0,0.0,0.6,0.124130934,Normal
test,12_013,0,0.010093859,12,0.010093859,False,0,0.0,0.6,0.1250469295,Normal
test,12_013,0,0.008453725,12,0.008453725,False,0,0.0,0.6,0.1242268625,Normal
test,12_013,0,0.009258272,12,0.009258272,False,0,0.0,0.6,0.124629136,Normal
test,12_013,0,0.009557882,12,0.009557882,False,0,0.0,0.6,0.12477894099999999,Normal
test,12_013,0,0.010752029,12,0.010752029,False,0,0.0,0.6,0.1253760145,Normal
test,12_013,0,0.016858503,12,0.016858503,False,0,0.0,0.6,0.1284292515,Normal
test,12_013,0,0.01211956,12,0.01211956,False,0,0.0,0.6,0.12605977999999998,Normal
test,12_013,0,0.01069511,12,0.01069511,False,0,0.0,0.6,0.125347555,Normal
test,12_013,0,0.012183207,12,0.012183207,False,0,0.0,0.6,0.12609160349999998,Normal
test,12_013,0,0.009830915,12,0.009830915,False,0,0.0,0.6,0.1249154575,Normal
test,12_013,0,0.009625298,12,0.009625298,False,0,0.0,0.6,0.124812649,Normal
test,12_013,0,0.015497056,12,0.015497056,False,0,0.0,0.6,0.127748528,Normal
test,12_013,0,0.011453018,12,0.011453018,False,0,0.0,0.6,0.125726509,Normal
test,12_013,0,0.009320077,12,0.009320077,False,0,0.0,0.6,0.1246600385,Normal
test,12_013,0,0.007561151,12,0.007561151,False,0,0.0,0.6,0.12378057549999999,Normal
test,12_013,0,0.0068632807,12,0.0068632807,False,0,0.0,0.6,0.12343164035,Normal
test,12_013,0,0.0079465825,12,0.0079465825,False,0,0.0,0.6,0.12397329124999999,Normal
test,12_013,0,0.012244239,12,0.012244239,False,0,0.0,0.6,0.1261221195,Normal
test,12_013,0,0.011666188,12,0.011666188,False,0,0.0,0.6,0.125833094,Normal
test,12_013,0,0.011077027,12,0.011077027,False,0,0.0,0.6,0.1255385135,Normal
test,12_013,0,0.008511874,12,0.008511874,False,0,0.0,0.6,0.124255937,Normal
test,12_013,0,0.008210532,12,0.008210532,False,0,0.0,0.6,0.12410526599999999,Normal
test,12_013,0,0.009478481,12,0.009478481,False,0,0.0,0.6,0.1247392405,Normal
test,12_013,0,0.00792904,12,0.00792904,False,0,0.0,0.6,0.12396452,Normal
test,12_013,0,0.008790188,12,0.008790188,False,0,0.0,0.6,0.124395094,Normal
val,12_014,0,0.013005217,12,0.013005217,False,0,0.0,0.6,0.1265026085,Normal
val,12_014,0,0.011159542,12,0.011159542,False,0,0.0,0.6,0.125579771,Normal
val,12_014,0,0.011190677,12,0.011190677,False,0,0.0,0.6,0.1255953385,Normal
val,12_014,0,0.03580399,12,0.03580399,False,0,0.0,0.6,0.137901995,Normal
val,12_014,0,0.04028167,12,0.04028167,False,0,0.0,0.6,0.140140835,Normal
val,12_014,0,0.02175658,12,0.02175658,False,0,0.0,0.6,0.13087829,Normal
val,12_014,0,0.06725823,12,0.06725823,False,0,0.0,0.6,0.15362911499999998,Normal
val,12_014,0,0.044733137,12,0.044733137,False,0,0.0,0.6,0.14236656849999998,Normal
val,12_014,0,0.019899692,12,0.019899692,False,0,0.0,0.6,0.129949846,Normal
val,12_014,0,0.027569596,12,0.027569596,False,0,0.0,0.6,0.13378479799999998,Normal
val,12_014,0,0.02642829,12,0.02642829,False,0,0.0,0.6,0.133214145,Normal
val,12_014,0,0.011889903,12,0.011889903,False,0,0.0,0.6,0.12594495149999999,Normal
val,12_014,0,0.009570829,12,0.009570829,False,0,0.0,0.6,0.1247854145,Normal
val,12_014,0,0.01137292,12,0.01137292,False,0,0.0,0.6,0.12568646,Normal
val,12_014,0,0.050268725,12,0.050268725,False,0,0.0,0.6,0.1451343625,Normal
val,12_014,0,0.1112565,12,0.1112565,False,0,0.0,0.6,0.17562824999999999,Normal
val,12_014,0,0.48822933,12,0.48822933,False,0,0.0,0.6,0.364114665,Normal
val,12_014,0,0.52004457,12,0.52004457,True,1,0.2,0.6,0.440022285,Low
val,12_014,0,0.15721276,12,0.15721276,False,0,0.0,0.6,0.19860638,Normal
val,12_014,0,0.014431701,12,0.014431701,False,0,0.0,0.6,0.1272158505,Normal
val,12_014,0,0.021051396,12,0.021051396,False,0,0.0,0.6,0.130525698,Normal
val,12_014,0,0.070563756,12,0.070563756,False,0,0.0,0.6,0.15528187799999998,Normal
val,12_014,0,0.027186379,12,0.027186379,False,0,0.0,0.6,0.1335931895,Normal
val,12_014,0,0.023344692,12,0.023344692,False,0,0.0,0.6,0.131672346,Normal
val,12_014,0,0.034526926,12,0.034526926,False,0,0.0,0.6,0.137263463,Normal
val,12_014,0,0.07154259,12,0.07154259,False,0,0.0,0.6,0.155771295,Normal
val,12_014,0,0.026377937,12,0.026377937,False,0,0.0,0.6,0.1331889685,Normal
val,12_014,0,0.019668598,12,0.019668598,False,0,0.0,0.6,0.129834299,Normal
val,12_014,0,0.010006969,12,0.010006969,False,0,0.0,0.6,0.12500348449999998,Normal
val,12_014,0,0.007756652,12,0.007756652,False,0,0.0,0.6,0.123878326,Normal
val,12_014,0,0.0060244557,12,0.0060244557,False,0,0.0,0.6,0.12301222784999999,Normal
val,12_014,0,0.0068990146,12,0.0068990146,False,0,0.0,0.6,0.1234495073,Normal
val,12_014,0,0.0068964665,12,0.0068964665,False,0,0.0,0.6,0.12344823325,Normal
val,12_014,0,0.007634431,12,0.007634431,False,0,0.0,0.6,0.1238172155,Normal
val,12_014,0,0.0061926027,12,0.0061926027,False,0,0.0,0.6,0.12309630134999999,Normal
val,12_014,0,0.005907033,12,0.005907033,False,0,0.0,0.6,0.1229535165,Normal
val,12_014,0,0.010017884,12,0.010017884,False,0,0.0,0.6,0.12500894199999998,Normal
val,12_014,0,0.013931492,12,0.013931492,False,0,0.0,0.6,0.126965746,Normal
val,12_014,0,0.0066726697,12,0.0066726697,False,0,0.0,0.6,0.12333633484999999,Normal
val,12_014,0,0.0059064366,12,0.0059064366,False,0,0.0,0.6,0.1229532183,Normal
val,12_014,0,0.0056480644,12,0.0056480644,False,0,0.0,0.6,0.12282403219999999,Normal
val,12_014,0,0.0056850496,12,0.0056850496,False,0,0.0,0.6,0.12284252479999999,Normal
val,12_014,0,0.0050047436,12,0.0050047436,False,0,0.0,0.6,0.1225023718,Normal
val,12_014,0,0.0048732758,12,0.0048732758,False,0,0.0,0.6,0.12243663789999999,Normal
val,12_014,0,0.0055936906,12,0.0055936906,False,0,0.0,0.6,0.1227968453,Normal
val,12_014,0,0.0052881017,12,0.0052881017,False,0,0.0,0.6,0.12264405084999999,Normal
val,12_014,0,0.0053108046,12,0.0053108046,False,0,0.0,0.6,0.1226554023,Normal
val,12_014,0,0.005502439,12,0.005502439,False,0,0.0,0.6,0.1227512195,Normal
val,12_014,0,0.0062477044,12,0.0062477044,False,0,0.0,0.6,0.1231238522,Normal
val,12_014,0,0.009171186,12,0.009171186,False,0,0.0,0.6,0.124585593,Normal
val,12_014,0,0.03592265,12,0.03592265,False,0,0.0,0.6,0.137961325,Normal
val,12_014,0,0.11723775,12,0.11723775,False,0,0.0,0.6,0.178618875,Normal
val,12_014,0,0.18178219,12,0.18178219,False,0,0.0,0.6,0.210891095,Normal
val,12_014,0,0.03189435,12,0.03189435,False,0,0.0,0.6,0.135947175,Normal
val,12_014,0,0.014095094,12,0.014095094,False,0,0.0,0.6,0.12704754699999998,Normal
val,12_014,0,0.009967258,12,0.009967258,False,0,0.0,0.6,0.124983629,Normal
val,12_014,0,0.0063749626,12,0.0063749626,False,0,0.0,0.6,0.1231874813,Normal
val,12_014,0,0.006559792,12,0.006559792,False,0,0.0,0.6,0.123279896,Normal
val,12_014,0,0.0056129848,12,0.0056129848,False,0,0.0,0.6,0.1228064924,Normal
val,12_014,0,0.005481362,12,0.005481362,False,0,0.0,0.6,0.12274068099999999,Normal
val,12_014,0,0.0059106546,12,0.0059106546,False,0,0.0,0.6,0.1229553273,Normal
val,12_014,0,0.005677884,12,0.005677884,False,0,0.0,0.6,0.12283894199999999,Normal
val,12_014,0,0.0061022746,12,0.0061022746,False,0,0.0,0.6,0.1230511373,Normal
val,12_014,0,0.0060530477,12,0.0060530477,False,0,0.0,0.6,0.12302652385,Normal
val,12_014,0,0.005433103,12,0.005433103,False,0,0.0,0.6,0.12271655149999999,Normal
val,12_014,0,0.005734307,12,0.005734307,False,0,0.0,0.6,0.12286715349999999,Normal
val,12_014,0,0.00632128,12,0.00632128,False,0,0.0,0.6,0.12316064,Normal
val,12_014,0,0.006076175,12,0.006076175,False,0,0.0,0.6,0.12303808749999999,Normal
val,12_014,0,0.0058404314,12,0.0058404314,False,0,0.0,0.6,0.1229202157,Normal
val,12_014,0,0.0061862348,12,0.0061862348,False,0,0.0,0.6,0.1230931174,Normal
val,12_014,0,0.005998101,12,0.005998101,False,0,0.0,0.6,0.1229990505,Normal
val,12_014,0,0.0068450454,12,0.0068450454,False,0,0.0,0.6,0.1234225227,Normal
val,12_014,0,0.0066014566,12,0.0066014566,False,0,0.0,0.6,0.1233007283,Normal
val,12_014,0,0.0063162325,12,0.0063162325,False,0,0.0,0.6,0.12315811624999999,Normal
val,12_014,0,0.0058379704,12,0.0058379704,False,0,0.0,0.6,0.1229189852,Normal
val,12_014,0,0.0052127666,12,0.0052127666,False,0,0.0,0.6,0.1226063833,Normal
val,12_014,0,0.004911016,12,0.004911016,False,0,0.0,0.6,0.12245550799999999,Normal
val,12_014,0,0.0050941315,12,0.0050941315,False,0,0.0,0.6,0.12254706574999999,Normal
val,12_014,0,0.0052226176,12,0.0052226176,False,0,0.0,0.6,0.1226113088,Normal
val,12_014,0,0.005558745,12,0.005558745,False,0,0.0,0.6,0.1227793725,Normal
val,12_014,0,0.00566918,12,0.00566918,False,0,0.0,0.6,0.12283459,Normal
val,12_014,0,0.0055029653,12,0.0055029653,False,0,0.0,0.6,0.12275148265,Normal
val,12_014,0,0.0058578243,12,0.0058578243,False,0,0.0,0.6,0.12292891215,Normal
val,12_014,0,0.005692753,12,0.005692753,False,0,0.0,0.6,0.12284637649999999,Normal
val,12_014,0,0.0055833654,12,0.0055833654,False,0,0.0,0.6,0.1227916827,Normal
val,12_014,0,0.007642271,12,0.007642271,False,0,0.0,0.6,0.1238211355,Normal
val,12_014,0,0.0108427955,12,0.0108427955,False,0,0.0,0.6,0.12542139775,Normal
val,12_014,0,0.01269799,12,0.01269799,False,0,0.0,0.6,0.126348995,Normal
val,12_014,0,0.01951512,12,0.01951512,False,0,0.0,0.6,0.12975756,Normal
val,12_014,0,0.009694595,12,0.009694595,False,0,0.0,0.6,0.1248472975,Normal
val,12_014,0,0.014454604,12,0.014454604,False,0,0.0,0.6,0.127227302,Normal
val,12_014,0,0.01262898,12,0.01262898,False,0,0.0,0.6,0.12631449,Normal
val,12_014,0,0.015250397,12,0.015250397,False,0,0.0,0.6,0.1276251985,Normal
val,12_014,0,0.0060048145,12,0.0060048145,False,0,0.0,0.6,0.12300240725,Normal
val,12_014,0,0.0057385117,12,0.0057385117,False,0,0.0,0.6,0.12286925585,Normal
val,12_014,0,0.006360855,12,0.006360855,False,0,0.0,0.6,0.1231804275,Normal
val,12_014,0,0.0057902597,12,0.0057902597,False,0,0.0,0.6,0.12289512984999999,Normal
val,12_014,0,0.0062930887,12,0.0062930887,False,0,0.0,0.6,0.12314654435,Normal
val,12_014,0,0.0064849537,12,0.0064849537,False,0,0.0,0.6,0.12324247684999999,Normal
val,12_014,0,0.0065311715,12,0.0065311715,False,0,0.0,0.6,0.12326558574999999,Normal
val,12_014,0,0.006261693,12,0.006261693,False,0,0.0,0.6,0.1231308465,Normal
val,12_014,0,0.0061503863,12,0.0061503863,False,0,0.0,0.6,0.12307519315,Normal
val,12_014,0,0.0112101,12,0.0112101,False,0,0.0,0.6,0.12560505,Normal
val,12_014,0,0.008580219,12,0.008580219,False,0,0.0,0.6,0.1242901095,Normal
val,12_014,0,0.01056812,12,0.01056812,False,0,0.0,0.6,0.12528406,Normal
val,12_014,0,0.008927081,12,0.008927081,False,0,0.0,0.6,0.1244635405,Normal
val,12_014,0,0.0101090595,12,0.0101090595,False,0,0.0,0.6,0.12505452975,Normal
val,12_014,0,0.02815098,12,0.02815098,False,0,0.0,0.6,0.13407549,Normal
val,12_014,0,0.0152227245,12,0.0152227245,False,0,0.0,0.6,0.12761136225,Normal
val,12_014,0,0.009832209,12,0.009832209,False,0,0.0,0.6,0.1249161045,Normal
val,12_014,0,0.009315781,12,0.009315781,False,0,0.0,0.6,0.1246578905,Normal
val,12_014,0,0.010832827,12,0.010832827,False,0,0.0,0.6,0.1254164135,Normal
val,12_014,0,0.013699184,12,0.013699184,False,0,0.0,0.6,0.12684959199999998,Normal
val,12_014,0,0.017471004,12,0.017471004,False,0,0.0,0.6,0.128735502,Normal
val,12_014,0,0.02285101,12,0.02285101,False,0,0.0,0.6,0.131425505,Normal
val,12_014,0,0.013507589,12,0.013507589,False,0,0.0,0.6,0.1267537945,Normal
val,12_014,0,0.007894913,12,0.007894913,False,0,0.0,0.6,0.1239474565,Normal
val,12_014,0,0.006550973,12,0.006550973,False,0,0.0,0.6,0.12327548649999999,Normal
val,12_014,0,0.00838192,12,0.00838192,False,0,0.0,0.6,0.12419095999999999,Normal
val,12_014,0,0.009099081,12,0.009099081,False,0,0.0,0.6,0.1245495405,Normal
val,12_014,0,0.011488865,12,0.011488865,False,0,0.0,0.6,0.1257444325,Normal
val,12_014,0,0.010926129,12,0.010926129,False,0,0.0,0.6,0.1254630645,Normal
val,12_014,0,0.008517459,12,0.008517459,False,0,0.0,0.6,0.1242587295,Normal
val,12_014,0,0.009295014,12,0.009295014,False,0,0.0,0.6,0.12464750699999999,Normal
val,12_014,0,0.008757939,12,0.008757939,False,0,0.0,0.6,0.12437896949999999,Normal
val,12_014,0,0.009183266,12,0.009183266,False,0,0.0,0.6,0.124591633,Normal
val,12_014,0,0.010976596,12,0.010976596,False,0,0.0,0.6,0.125488298,Normal
train,12_0142,0,0.9578209,12,0.9578209,True,1,0.2,0.6,0.6589104499999999,Low
train,12_0142,0,0.98712057,12,0.98712057,True,2,0.4,0.6,0.7335602849999999,Medium
train,12_0142,1,0.98715174,12,0.98715174,True,3,0.6,0.6,0.7935758700000001,Medium
train,12_0142,1,0.98215103,12,0.98215103,True,4,0.8,0.6,0.851075515,High
train,12_0142,1,0.96928024,12,0.96928024,True,5,1.0,0.6,0.9046401199999999,High
train,12_0142,1,0.98125076,12,0.98125076,True,6,1.0,0.6,0.91062538,Critical
train,12_0142,1,0.96920234,12,0.96920234,True,7,1.0,0.6,0.90460117,High
train,12_0142,1,0.98623985,12,0.98623985,True,8,1.0,0.6,0.913119925,Critical
train,12_0142,1,0.98807037,12,0.98807037,True,9,1.0,0.6,0.914035185,Critical
train,12_0142,1,0.9795417,12,0.9795417,True,10,1.0,0.6,0.90977085,Critical
train,12_0142,1,0.9731948,12,0.9731948,True,11,1.0,0.6,0.9065974,Critical
train,12_0142,1,0.9746106,12,0.9746106,True,12,1.0,0.6,0.9073053,Critical
train,12_0142,1,0.9772465,12,0.9772465,True,13,1.0,0.6,0.90862325,Critical
train,12_0142,1,0.9772815,12,0.9772815,True,14,1.0,0.6,0.90864075,Critical
train,12_0142,1,0.97731006,12,0.97731006,True,15,1.0,0.6,0.9086550299999999,Critical
train,12_0142,1,0.9764522,12,0.9764522,True,16,1.0,0.6,0.9082260999999999,Critical
train,12_0142,1,0.96787316,12,0.96787316,True,17,1.0,0.6,0.90393658,High
train,12_0143,0,0.14827201,12,0.14827201,False,0,0.0,0.6,0.194136005,Normal
train,12_0143,1,0.95060134,12,0.95060134,True,1,0.2,0.6,0.65530067,Low
train,12_0143,1,0.9752779,12,0.9752779,True,2,0.4,0.6,0.72763895,Medium
train,12_0143,1,0.98343235,12,0.98343235,True,3,0.6,0.6,0.791716175,Medium
train,12_0143,1,0.9839496,12,0.9839496,True,4,0.8,0.6,0.8519747999999999,High
train,12_0143,1,0.9874593,12,0.9874593,True,5,1.0,0.6,0.91372965,Critical
train,12_0143,1,0.98585653,12,0.98585653,True,6,1.0,0.6,0.912928265,Critical
train,12_0148,0,0.9747619,12,0.9747619,True,1,0.2,0.6,0.66738095,Low
train,12_0148,0,0.98240215,12,0.98240215,True,2,0.4,0.6,0.731201075,Medium
train,12_0148,1,0.98542136,12,0.98542136,True,3,0.6,0.6,0.79271068,Medium
train,12_0148,1,0.98535395,12,0.98535395,True,4,0.8,0.6,0.852676975,High
train,12_0148,1,0.9766887,12,0.9766887,True,5,1.0,0.6,0.90834435,Critical
train,12_0148,1,0.9201011,12,0.9201011,True,6,1.0,0.6,0.88005055,High
train,12_0148,1,0.93913895,12,0.93913895,True,7,1.0,0.6,0.8895694749999999,High
train,12_0148,1,0.96958196,12,0.96958196,True,8,1.0,0.6,0.9047909799999999,High
train,12_0149,0,0.9683528,12,0.9683528,True,1,0.2,0.6,0.6641764,Low
train,12_0149,0,0.9777215,12,0.9777215,True,2,0.4,0.6,0.7288607500000001,Medium
train,12_0149,0,0.9738753,12,0.9738753,True,3,0.6,0.6,0.7869376499999999,Medium
train,12_0149,1,0.97633296,12,0.97633296,True,4,0.8,0.6,0.8481664800000001,High
train,12_0149,1,0.97933435,12,0.97933435,True,5,1.0,0.6,0.9096671749999999,Critical
train,12_0149,1,0.97759414,12,0.97759414,True,6,1.0,0.6,0.90879707,Critical
train,12_015,0,0.013005217,12,0.013005217,False,0,0.0,0.6,0.1265026085,Normal
train,12_015,0,0.011159542,12,0.011159542,False,0,0.0,0.6,0.125579771,Normal
train,12_015,0,0.011190677,12,0.011190677,False,0,0.0,0.6,0.1255953385,Normal
train,12_015,0,0.03580399,12,0.03580399,False,0,0.0,0.6,0.137901995,Normal
train,12_015,0,0.04028167,12,0.04028167,False,0,0.0,0.6,0.140140835,Normal
train,12_015,0,0.02175658,12,0.02175658,False,0,0.0,0.6,0.13087829,Normal
train,12_015,0,0.06725823,12,0.06725823,False,0,0.0,0.6,0.15362911499999998,Normal
train,12_015,0,0.044733137,12,0.044733137,False,0,0.0,0.6,0.14236656849999998,Normal
train,12_015,0,0.019899692,12,0.019899692,False,0,0.0,0.6,0.129949846,Normal
train,12_015,0,0.027569596,12,0.027569596,False,0,0.0,0.6,0.13378479799999998,Normal
train,12_015,0,0.02642829,12,0.02642829,False,0,0.0,0.6,0.133214145,Normal
train,12_015,0,0.011889903,12,0.011889903,False,0,0.0,0.6,0.12594495149999999,Normal
train,12_015,0,0.009570829,12,0.009570829,False,0,0.0,0.6,0.1247854145,Normal
train,12_015,0,0.01137292,12,0.01137292,False,0,0.0,0.6,0.12568646,Normal
train,12_015,0,0.050268725,12,0.050268725,False,0,0.0,0.6,0.1451343625,Normal
train,12_015,0,0.1112565,12,0.1112565,False,0,0.0,0.6,0.17562824999999999,Normal
train,12_015,0,0.48822933,12,0.48822933,False,0,0.0,0.6,0.364114665,Normal
train,12_015,0,0.52004457,12,0.52004457,True,1,0.2,0.6,0.440022285,Low
train,12_015,0,0.15721276,12,0.15721276,False,0,0.0,0.6,0.19860638,Normal
train,12_015,0,0.014431701,12,0.014431701,False,0,0.0,0.6,0.1272158505,Normal
train,12_015,0,0.021051396,12,0.021051396,False,0,0.0,0.6,0.130525698,Normal
train,12_015,0,0.070563756,12,0.070563756,False,0,0.0,0.6,0.15528187799999998,Normal
train,12_015,0,0.027186379,12,0.027186379,False,0,0.0,0.6,0.1335931895,Normal
train,12_015,0,0.023344692,12,0.023344692,False,0,0.0,0.6,0.131672346,Normal
train,12_015,0,0.034526926,12,0.034526926,False,0,0.0,0.6,0.137263463,Normal
train,12_015,0,0.07154259,12,0.07154259,False,0,0.0,0.6,0.155771295,Normal
train,12_015,0,0.026377937,12,0.026377937,False,0,0.0,0.6,0.1331889685,Normal
train,12_015,0,0.019668598,12,0.019668598,False,0,0.0,0.6,0.129834299,Normal
train,12_015,0,0.010006969,12,0.010006969,False,0,0.0,0.6,0.12500348449999998,Normal
train,12_015,0,0.007756652,12,0.007756652,False,0,0.0,0.6,0.123878326,Normal
train,12_015,0,0.005599645,12,0.005599645,False,0,0.0,0.6,0.12279982249999999,Normal
train,12_0151,1,0.9800688,12,0.9800688,True,1,0.2,0.6,0.6700343999999999,Low
train,12_0151,1,0.9777188,12,0.9777188,True,2,0.4,0.6,0.7288594,Medium
train,12_0151,1,0.9828571,12,0.9828571,True,3,0.6,0.6,0.79142855,Medium
train,12_0151,1,0.98468035,12,0.98468035,True,4,0.8,0.6,0.852340175,High
train,12_0151,1,0.98612076,12,0.98612076,True,5,1.0,0.6,0.91306038,Critical
train,12_0151,1,0.9871492,12,0.9871492,True,6,1.0,0.6,0.9135745999999999,Critical
train,12_0151,1,0.98903406,12,0.98903406,True,7,1.0,0.6,0.91451703,Critical
train,12_0151,0,0.9864841,12,0.9864841,True,8,1.0,0.6,0.9132420499999999,Critical
val,12_0152,0,0.9824835,12,0.9824835,True,1,0.2,0.6,0.67124175,Low
val,12_0152,1,0.9853183,12,0.9853183,True,2,0.4,0.6,0.73265915,Medium
val,12_0152,1,0.98922426,12,0.98922426,True,3,0.6,0.6,0.79461213,Medium
val,12_0152,1,0.9899053,12,0.9899053,True,4,0.8,0.6,0.85495265,High
val,12_0152,1,0.98824465,12,0.98824465,True,5,1.0,0.6,0.914122325,Critical
val,12_0152,1,0.98534137,12,0.98534137,True,6,1.0,0.6,0.912670685,Critical
val,12_0152,1,0.9851365,12,0.9851365,True,7,1.0,0.6,0.91256825,Critical
val,12_0152,1,0.98464245,12,0.98464245,True,8,1.0,0.6,0.912321225,Critical
val,12_0152,1,0.9786568,12,0.9786568,True,9,1.0,0.6,0.9093284,Critical
val,12_0152,1,0.9703793,12,0.9703793,True,10,1.0,0.6,0.90518965,High
val,12_0154,0,0.9734891,12,0.9734891,True,1,0.2,0.6,0.66674455,Low
val,12_0154,0,0.97903365,12,0.97903365,True,2,0.4,0.6,0.729516825,Medium
val,12_0154,1,0.98700166,12,0.98700166,True,3,0.6,0.6,0.79350083,Medium
val,12_0154,1,0.98400337,12,0.98400337,True,4,0.8,0.6,0.852001685,High
val,12_0154,1,0.9742095,12,0.9742095,True,5,1.0,0.6,0.9071047499999999,Critical
val,12_0154,1,0.97390455,12,0.97390455,True,6,1.0,0.6,0.906952275,Critical
val,12_0154,1,0.98221385,12,0.98221385,True,7,1.0,0.6,0.911106925,Critical
val,12_0154,1,0.9791062,12,0.9791062,True,8,1.0,0.6,0.9095531,Critical
val,12_0154,1,0.9778481,12,0.9778481,True,9,1.0,0.6,0.90892405,Critical
val,12_0154,1,0.98054886,12,0.98054886,True,10,1.0,0.6,0.91027443,Critical
val,12_0154,1,0.9750783,12,0.9750783,True,11,1.0,0.6,0.90753915,Critical
train,12_0173,0,0.97416127,12,0.97416127,True,1,0.2,0.6,0.6670806349999999,Low
train,12_0173,1,0.97581214,12,0.97581214,True,2,0.4,0.6,0.7279060700000001,Medium
train,12_0173,1,0.9767318,12,0.9767318,True,3,0.6,0.6,0.7883659,Medium
train,12_0173,1,0.9657745,12,0.9657745,True,4,0.8,0.6,0.84288725,High
train,12_0173,1,0.96825856,12,0.96825856,True,5,1.0,0.6,0.9041292799999999,High
train,12_0174,0,0.9724548,12,0.9724548,True,1,0.2,0.6,0.6662274,Low
train,12_0174,0,0.9803469,12,0.9803469,True,2,0.4,0.6,0.73017345,Medium
train,12_0174,1,0.9882997,12,0.9882997,True,3,0.6,0.6,0.79414985,Medium
train,12_0174,1,0.9827558,12,0.9827558,True,4,0.8,0.6,0.8513779,High
train,12_0174,1,0.98014414,12,0.98014414,True,5,1.0,0.6,0.91007207,Critical
train,12_0174,1,0.94809437,12,0.94809437,True,6,1.0,0.6,0.8940471849999999,High
train,12_0174,1,0.96386945,12,0.96386945,True,7,1.0,0.6,0.9019347249999999,High
train,12_0174,1,0.956038,12,0.956038,True,8,1.0,0.6,0.898019,High
train,12_0174,1,0.9376167,12,0.9376167,True,9,1.0,0.6,0.88880835,High
train,12_0175,0,0.8951169,12,0.8951169,True,1,0.2,0.6,0.62755845,Low
train,12_0175,0,0.87708074,12,0.87708074,True,2,0.4,0.6,0.67854037,Medium
train,12_0175,0,0.9174081,12,0.9174081,True,3,0.6,0.6,0.75870405,Medium
train,12_0175,1,0.9804596,12,0.9804596,True,4,0.8,0.6,0.8502298,High
train,12_0175,1,0.9815498,12,0.9815498,True,5,1.0,0.6,0.9107748999999999,Critical
train,12_0175,1,0.9790348,12,0.9790348,True,6,1.0,0.6,0.9095174,Critical
train,12_0175,1,0.9465034,12,0.9465034,True,7,1.0,0.6,0.8932517,High
train,13_001,0,0.007606888,13,0.007606888,False,0,0.0,0.6,0.123803444,Normal
train,13_001,0,0.0074145226,13,0.0074145226,False,0,0.0,0.6,0.1237072613,Normal
train,13_001,0,0.009597515,13,0.009597515,False,0,0.0,0.6,0.1247987575,Normal
train,13_001,0,0.008226645,13,0.008226645,False,0,0.0,0.6,0.1241133225,Normal
train,13_001,0,0.0066832337,13,0.0066832337,False,0,0.0,0.6,0.12334161685,Normal
train,13_001,0,0.011525608,13,0.011525608,False,0,0.0,0.6,0.125762804,Normal
train,13_001,0,0.009735535,13,0.009735535,False,0,0.0,0.6,0.12486776749999999,Normal
train,13_001,0,0.0060705785,13,0.0060705785,False,0,0.0,0.6,0.12303528925,Normal
train,13_001,0,0.011983084,13,0.011983084,False,0,0.0,0.6,0.12599154199999998,Normal
train,13_001,0,0.0070014973,13,0.0070014973,False,0,0.0,0.6,0.12350074864999999,Normal
train,13_001,0,0.005442361,13,0.005442361,False,0,0.0,0.6,0.1227211805,Normal
train,13_001,0,0.0062710377,13,0.0062710377,False,0,0.0,0.6,0.12313551885,Normal
train,13_001,0,0.006031955,13,0.006031955,False,0,0.0,0.6,0.1230159775,Normal
train,13_001,0,0.005825546,13,0.005825546,False,0,0.0,0.6,0.12291277299999999,Normal
train,13_001,0,0.00895127,13,0.00895127,False,0,0.0,0.6,0.124475635,Normal
train,13_001,0,0.008148122,13,0.008148122,False,0,0.0,0.6,0.124074061,Normal
train,13_001,0,0.012010836,13,0.012010836,False,0,0.0,0.6,0.126005418,Normal
val,13_002,0,0.010142268,13,0.010142268,False,0,0.0,0.6,0.125071134,Normal
val,13_002,0,0.012564002,13,0.012564002,False,0,0.0,0.6,0.126282001,Normal
val,13_002,0,0.011436466,13,0.011436466,False,0,0.0,0.6,0.12571823299999998,Normal
val,13_002,0,0.0076675145,13,0.0076675145,False,0,0.0,0.6,0.12383375725,Normal
val,13_002,0,0.010431989,13,0.010431989,False,0,0.0,0.6,0.12521599449999998,Normal
val,13_002,0,0.011498509,13,0.011498509,False,0,0.0,0.6,0.1257492545,Normal
val,13_002,0,0.0060895053,13,0.0060895053,False,0,0.0,0.6,0.12304475264999999,Normal
val,13_002,0,0.007998174,13,0.007998174,False,0,0.0,0.6,0.123999087,Normal
val,13_002,0,0.006538001,13,0.006538001,False,0,0.0,0.6,0.12326900049999999,Normal
val,13_002,0,0.008431495,13,0.008431495,False,0,0.0,0.6,0.1242157475,Normal
val,13_002,0,0.0067100707,13,0.0067100707,False,0,0.0,0.6,0.12335503534999999,Normal
val,13_002,0,0.005592072,13,0.005592072,False,0,0.0,0.6,0.122796036,Normal
val,13_002,0,0.0060352813,13,0.0060352813,False,0,0.0,0.6,0.12301764065,Normal
val,13_002,0,0.004685735,13,0.004685735,False,0,0.0,0.6,0.1223428675,Normal
val,13_002,0,0.005393173,13,0.005393173,False,0,0.0,0.6,0.1226965865,Normal
val,13_002,0,0.007304711,13,0.007304711,False,0,0.0,0.6,0.12365235549999999,Normal
val,13_002,0,0.005221557,13,0.005221557,False,0,0.0,0.6,0.12261077849999999,Normal
val,13_002,0,0.009115058,13,0.009115058,False,0,0.0,0.6,0.124557529,Normal
val,13_002,0,0.009517247,13,0.009517247,False,0,0.0,0.6,0.1247586235,Normal
train,13_003,0,0.0112101855,13,0.0112101855,False,0,0.0,0.6,0.12560509275,Normal
train,13_003,0,0.009038831,13,0.009038831,False,0,0.0,0.6,0.1245194155,Normal
train,13_003,0,0.006921239,13,0.006921239,False,0,0.0,0.6,0.1234606195,Normal
train,13_003,0,0.011139837,13,0.011139837,False,0,0.0,0.6,0.1255699185,Normal
train,13_003,0,0.008133098,13,0.008133098,False,0,0.0,0.6,0.124066549,Normal
train,13_003,0,0.011200633,13,0.011200633,False,0,0.0,0.6,0.1256003165,Normal
train,13_003,0,0.00982362,13,0.00982362,False,0,0.0,0.6,0.12491181,Normal
train,13_003,0,0.01132432,13,0.01132432,False,0,0.0,0.6,0.12566216,Normal
train,13_003,0,0.0062490334,13,0.0062490334,False,0,0.0,0.6,0.12312451669999999,Normal
train,13_003,0,0.0058107907,13,0.0058107907,False,0,0.0,0.6,0.12290539535,Normal
train,13_003,0,0.007693623,13,0.007693623,False,0,0.0,0.6,0.1238468115,Normal
train,13_003,0,0.006201942,13,0.006201942,False,0,0.0,0.6,0.12310097099999999,Normal
train,13_003,0,0.005790359,13,0.005790359,False,0,0.0,0.6,0.12289517949999999,Normal
train,13_003,0,0.008392182,13,0.008392182,False,0,0.0,0.6,0.124196091,Normal
train,13_003,0,0.010504752,13,0.010504752,False,0,0.0,0.6,0.125252376,Normal
train,13_003,0,0.013597804,13,0.013597804,False,0,0.0,0.6,0.126798902,Normal
train,13_003,0,0.006672587,13,0.006672587,False,0,0.0,0.6,0.1233362935,Normal
train,13_003,0,0.0061686495,13,0.0061686495,False,0,0.0,0.6,0.12308432475,Normal
train,13_003,0,0.009243248,13,0.009243248,False,0,0.0,0.6,0.124621624,Normal
val,13_004,0,0.017883513,13,0.017883513,False,0,0.0,0.6,0.1289417565,Normal
val,13_004,0,0.01779598,13,0.01779598,False,0,0.0,0.6,0.12889799,Normal
val,13_004,0,0.015849616,13,0.015849616,False,0,0.0,0.6,0.127924808,Normal
val,13_004,0,0.013850778,13,0.013850778,False,0,0.0,0.6,0.126925389,Normal
val,13_004,0,0.020805296,13,0.020805296,False,0,0.0,0.6,0.130402648,Normal
val,13_004,0,0.010823843,13,0.010823843,False,0,0.0,0.6,0.1254119215,Normal
val,13_004,0,0.010888612,13,0.010888612,False,0,0.0,0.6,0.125444306,Normal
val,13_004,0,0.017340237,13,0.017340237,False,0,0.0,0.6,0.12867011849999999,Normal
val,13_004,0,0.019695431,13,0.019695431,False,0,0.0,0.6,0.1298477155,Normal
val,13_004,0,0.007512487,13,0.007512487,False,0,0.0,0.6,0.1237562435,Normal
val,13_004,0,0.006583482,13,0.006583482,False,0,0.0,0.6,0.123291741,Normal
val,13_004,0,0.00997784,13,0.00997784,False,0,0.0,0.6,0.12498891999999999,Normal
val,13_004,0,0.017235823,13,0.017235823,False,0,0.0,0.6,0.1286179115,Normal
val,13_004,0,0.008116995,13,0.008116995,False,0,0.0,0.6,0.12405849749999999,Normal
val,13_004,0,0.01321455,13,0.01321455,False,0,0.0,0.6,0.126607275,Normal
val,13_004,0,0.0057217903,13,0.0057217903,False,0,0.0,0.6,0.12286089515,Normal
val,13_004,0,0.014265188,13,0.014265188,False,0,0.0,0.6,0.127132594,Normal
val,13_004,0,0.032940574,13,0.032940574,False,0,0.0,0.6,0.136470287,Normal
val,13_004,0,0.045559436,13,0.045559436,False,0,0.0,0.6,0.142779718,Normal
val,13_004,0,0.10769638,13,0.10769638,False,0,0.0,0.6,0.17384818999999999,Normal
val,13_004,0,0.100956455,13,0.100956455,False,0,0.0,0.6,0.1704782275,Normal
val,13_004,0,0.033633437,13,0.033633437,False,0,0.0,0.6,0.1368167185,Normal
val,13_004,0,0.010255338,13,0.010255338,False,0,0.0,0.6,0.125127669,Normal
val,13_004,0,0.012440377,13,0.012440377,False,0,0.0,0.6,0.1262201885,Normal
val,13_004,0,0.011393199,13,0.011393199,False,0,0.0,0.6,0.1256965995,Normal
val,13_004,0,0.009613102,13,0.009613102,False,0,0.0,0.6,0.124806551,Normal
val,13_004,0,0.0070688976,13,0.0070688976,False,0,0.0,0.6,0.1235344488,Normal
val,13_004,0,0.0075848186,13,0.0075848186,False,0,0.0,0.6,0.12379240929999999,Normal
train,13_005,0,0.010423074,13,0.010423074,False,0,0.0,0.6,0.12521153699999998,Normal
train,13_005,0,0.011051056,13,0.011051056,False,0,0.0,0.6,0.125525528,Normal
train,13_005,0,0.0068412074,13,0.0068412074,False,0,0.0,0.6,0.12342060369999999,Normal
train,13_005,0,0.006014162,13,0.006014162,False,0,0.0,0.6,0.12300708099999999,Normal
train,13_005,0,0.0064917994,13,0.0064917994,False,0,0.0,0.6,0.1232458997,Normal
train,13_005,0,0.008998354,13,0.008998354,False,0,0.0,0.6,0.12449917699999999,Normal
train,13_005,0,0.013917926,13,0.013917926,False,0,0.0,0.6,0.126958963,Normal
train,13_005,0,0.01865189,13,0.01865189,False,0,0.0,0.6,0.129325945,Normal
train,13_005,0,0.0143902525,13,0.0143902525,False,0,0.0,0.6,0.12719512624999998,Normal
train,13_005,0,0.00624304,13,0.00624304,False,0,0.0,0.6,0.12312152,Normal
train,13_005,0,0.0062753004,13,0.0062753004,False,0,0.0,0.6,0.12313765019999999,Normal
test,13_006,0,0.026654016,13,0.026654016,False,0,0.0,0.6,0.133327008,Normal
test,13_006,0,0.051720623,13,0.051720623,False,0,0.0,0.6,0.1458603115,Normal
test,13_006,0,0.07569992,13,0.07569992,False,0,0.0,0.6,0.15784996,Normal
test,13_006,0,0.016280776,13,0.016280776,False,0,0.0,0.6,0.128140388,Normal
test,13_006,0,0.017764907,13,0.017764907,False,0,0.0,0.6,0.1288824535,Normal
test,13_006,0,0.013046558,13,0.013046558,False,0,0.0,0.6,0.126523279,Normal
test,13_006,0,0.013140295,13,0.013140295,False,0,0.0,0.6,0.1265701475,Normal
test,13_006,0,0.019081809,13,0.019081809,False,0,0.0,0.6,0.1295409045,Normal
test,13_006,0,0.012758023,13,0.012758023,False,0,0.0,0.6,0.1263790115,Normal
test,13_006,0,0.022154955,13,0.022154955,False,0,0.0,0.6,0.13107747749999998,Normal
test,13_006,0,0.023807166,13,0.023807166,False,0,0.0,0.6,0.131903583,Normal
test,13_006,0,0.04509044,13,0.04509044,False,0,0.0,0.6,0.14254522,Normal
test,13_006,0,0.03371309,13,0.03371309,False,0,0.0,0.6,0.136856545,Normal
val,13_007,0,0.02089907,13,0.02089907,False,0,0.0,0.6,0.130449535,Normal
val,13_007,0,0.02245249,13,0.02245249,False,0,0.0,0.6,0.131226245,Normal
val,13_007,0,0.013796364,13,0.013796364,False,0,0.0,0.6,0.126898182,Normal
val,13_007,0,0.017044768,13,0.017044768,False,0,0.0,0.6,0.128522384,Normal
val,13_007,0,0.012795084,13,0.012795084,False,0,0.0,0.6,0.126397542,Normal
val,13_007,0,0.016674645,13,0.016674645,False,0,0.0,0.6,0.1283373225,Normal
val,13_007,0,0.01166272,13,0.01166272,False,0,0.0,0.6,0.12583136,Normal
val,13_007,0,0.01455235,13,0.01455235,False,0,0.0,0.6,0.127276175,Normal
val,13_007,0,0.008332161,13,0.008332161,False,0,0.0,0.6,0.1241660805,Normal
val,13_007,0,0.019086175,13,0.019086175,False,0,0.0,0.6,0.1295430875,Normal
val,13_007,0,0.01776837,13,0.01776837,False,0,0.0,0.6,0.12888418499999998,Normal
val,13_007,0,0.007373946,13,0.007373946,False,0,0.0,0.6,0.12368697299999999,Normal
val,13_007,0,0.0057048607,13,0.0057048607,False,0,0.0,0.6,0.12285243035,Normal
val,13_007,0,0.010021118,13,0.010021118,False,0,0.0,0.6,0.125010559,Normal
val,13_007,0,0.016589856,13,0.016589856,False,0,0.0,0.6,0.128294928,Normal
val,13_007,0,0.011681387,13,0.011681387,False,0,0.0,0.6,0.1258406935,Normal
val,13_007,0,0.0071068946,13,0.0071068946,False,0,0.0,0.6,0.1235534473,Normal
val,13_007,0,0.0062754164,13,0.0062754164,False,0,0.0,0.6,0.1231377082,Normal
val,13_007,0,0.010204199,13,0.010204199,False,0,0.0,0.6,0.1251020995,Normal
val,13_007,0,0.010203101,13,0.010203101,False,0,0.0,0.6,0.1251015505,Normal
val,13_007,0,0.027944217,13,0.027944217,False,0,0.0,0.6,0.1339721085,Normal
val,13_007,0,0.034715317,13,0.034715317,False,0,0.0,0.6,0.1373576585,Normal
val,13_007,0,0.05220232,13,0.05220232,False,0,0.0,0.6,0.14610116,Normal
val,13_007,0,0.08330715,13,0.08330715,False,0,0.0,0.6,0.161653575,Normal
val,13_007,0,0.017922623,13,0.017922623,False,0,0.0,0.6,0.1289613115,Normal
val,13_007,0,0.009885143,13,0.009885143,False,0,0.0,0.6,0.1249425715,Normal
val,13_007,0,0.022575403,13,0.022575403,False,0,0.0,0.6,0.1312877015,Normal
val,13_007,0,0.01962878,13,0.01962878,False,0,0.0,0.6,0.12981439,Normal
val,13_007,0,0.026721295,13,0.026721295,False,0,0.0,0.6,0.13336064749999998,Normal
val,13_007,0,0.08252911,13,0.08252911,False,0,0.0,0.6,0.161264555,Normal
val,13_007,0,0.03055592,13,0.03055592,False,0,0.0,0.6,0.13527796,Normal
val,13_007,0,0.011473675,13,0.011473675,False,0,0.0,0.6,0.1257368375,Normal
val,13_007,0,0.0073273377,13,0.0073273377,False,0,0.0,0.6,0.12366366884999999,Normal
